event_id,year_sheet,event_start_ts,event_end_ts,outage_duration_hours,customers_affected,demand_loss_mw,nerc_region,event_type,alert_criteria,area_affected_raw,event_year,event_month,has_end_ts,has_customers_affected
1,2002,2002-01-30 06:00:00,2002-02-07 12:00:00,198.0,1881134.0,500.0,SPP,Ice Storm,,Oklahoma,2002.0,1.0,True,True
2,2002,2002-01-29 00:00:00,,,270000.0,550.0,SPP,Ice Storm,,Metropolitan Kansas City Area,2002.0,1.0,False,True
3,2002,2002-01-30 16:00:00,2002-02-10 21:00:00,269.0,95000.0,210.0,SPP,Ice Storm,,Missouri,2002.0,1.0,True,True
4,2002,2002-02-27 10:48:00,2002-02-27 11:35:00,0.7833333333333333,255000.0,300.0,WSCC,Interruption of Firm Load,,California,2002.0,2.0,True,True
5,2002,2002-03-09 00:00:00,2002-03-11 12:00:00,60.0,190000.0,190.0,ECAR,Severe Weather,,Lower Peninsula of Michigan,2002.0,3.0,True,True
6,2002,2002-04-08 15:00:00,2002-04-09 00:00:00,9.0,0.0,0.0,WSCC,Vandalism/,,Arizona,2002.0,4.0,True,True
7,2002,2002-07-09 12:27:00,2002-07-09 19:54:00,7.45,1.0,240.0,WSCC,Interruption of Firm Power,,California,2002.0,7.0,True,True
8,2002,2002-07-19 11:51:00,2002-07-19 16:30:00,4.65,1.0,240.0,WSCC,Interruption of Firm Power (Unit Tripped),,California,2002.0,7.0,True,True
9,2002,2002-07-20 12:40:00,2002-07-20 20:12:00,7.533333333333333,63500.0,278.0,NPCC,Fire,,New York,2002.0,7.0,True,True
10,2002,2002-08-02 12:43:00,2002-08-02 18:36:00,5.883333333333334,53565.0,232.0,MAIN,Interruption of Firm Power,,Illinois,2002.0,8.0,True,True
11,2002,2002-08-09 08:23:00,2002-08-09 12:13:00,3.8333333333333335,25000.0,51.0,SERC,Interruption of Firm Power,,Florida,2002.0,8.0,True,True
12,2002,2002-08-25 03:41:00,2002-08-25 09:17:00,5.6,1.0,120.0,WSCC,Interruption of Firm Power,,California,2002.0,8.0,True,True
13,2002,2002-08-28 14:09:00,2002-08-28 15:38:00,1.4833333333333334,25000.0,67.6,SERC,Severe Weather,,Florida,2002.0,8.0,True,True
14,2002,2002-10-03 03:33:00,2002-10-12 00:00:00,212.45,242910.0,,SPP,Hurricane Lily,,Coastal Areas of Southern Louisiana,2002.0,10.0,True,True
15,2002,2002-11-06 22:00:00,,,939000.0,270.0,WSCC,Winter Storm,,Northern and Central California,2002.0,11.0,False,True
16,2002,2002-11-17 15:48:00,,,0.0,0.0,NPCC,Cable Tripped,,"Northport, NY",2002.0,11.0,False,True
17,2002,2002-11-17 06:00:00,2002-11-21 08:00:00,98.0,224912.0,,NPCC,Ice Storm,,Northwest and North Central Connecticut,2002.0,11.0,True,True
18,2002,2002-12-03 18:30:00,2002-12-09 22:30:00,148.0,43000.0,,SPP,Ice Storm,,Arkansas,2002.0,12.0,True,True
19,2002,2002-12-11 13:09:00,2002-12-13 22:00:00,56.85,130000.0,63.0,SERC,Winter Storm,,Northern Virginia to Fredericksburg,2002.0,12.0,True,True
20,2002,2002-12-14 11:00:00,2002-12-19 16:00:00,125.0,1.5,180.0,WSCC,Winter Storm,,Northern and Central California,2002.0,12.0,True,True
21,2002,2002-12-19 06:00:00,2002-12-21 17:00:00,59.0,385000.0,56.0,WSCC,Winter Storm,,Northern and Central California,2002.0,12.0,True,True
22,2002,2002-12-25 17:00:00,2002-12-26 05:00:00,12.0,106000.0,250.0,MAAC,Winter Storm,,Eastern Pennsylvania,2002.0,12.0,True,True
23,2002,2002-12-25 10:00:00,2002-12-27 08:30:00,46.5,95630.0,,MAAC,Winter Storm,,"Reading, York, Hanover, Hamburg Pennsylvania",2002.0,12.0,True,True
24,2003,2003-01-25 14:00:00,2003-01-26 02:00:00,12.0,,,ECAR,Cyber Threat From Internet,,"Cincinnati, Ohio",2003.0,1.0,True,False
25,2003,2003-02-27 11:32:00,2003-03-01 08:00:00,44.46666666666667,340000.0,1000.0,SERC,Winter Ice Storm,,"Piedmont, North Carolina",2003.0,2.0,True,True
26,2003,2003-04-03 19:00:00,2003-04-06 17:00:00,70.0,425000.0,300.0,ECAR,Ice Storm,,Lower Michigan Peninsula,2003.0,4.0,True,True
27,2003,2003-04-04 03:11:00,2003-04-05 14:00:00,34.81666666666667,160000.0,225.0,NPCC,Severe Storm,,"New York,",2003.0,4.0,True,True
28,2003,2003-04-15 11:00:00,2003-04-15 14:06:00,3.1,68530.0,212.0,ERCOT,Relaying Malfunction,,"Cities of Bryan,",2003.0,4.0,True,True
29,2003,2003-04-28 15:41:00,,,0.0,0.0,MAIN,Vandalism,,"County of Waukesha,  Wisconsin,",2003.0,4.0,False,True
30,2003,2003-05-02 17:00:00,,,139000.0,1500.0,SERC,Severe Thunderstorms,,"Piedmont, North and",2003.0,5.0,False,True
31,2003,2003-05-02 20:00:00,2003-05-03 08:00:00,12.0,102842.0,130.0,SERC,Severe Thunderstorms,,"Central Georgia,",2003.0,5.0,True,True
32,2003,2003-05-15 02:52:00,2003-05-15 03:29:00,0.6166666666666667,192000.0,476.0,ERCOT,Interruption of Firm,,North Texas,2003.0,5.0,True,True
33,2003,2003-05-15 14:00:00,2003-06-16 14:00:00,768.0,2.0,240.0,MAIN,Flood,,Upper Michigan Peninsula,2003.0,5.0,True,True
34,2003,2003-06-15 15:12:00,2003-06-16 17:00:00,25.8,0.0,0.0,WECC,Public Appeal,,Idaho,2003.0,6.0,True,True
35,2003,2003-06-30 13:00:00,2003-07-01 00:00:00,11.0,179299.0,,SPP,Tropical Storm Bill,,Coastal areas of,2003.0,6.0,True,True
36,2003,2003-07-01 15:15:00,2003-07-01 15:50:00,0.5833333333333334,47000.0,1000.0,WECC,Breaker Failure,,"Phoenix, Arizona",2003.0,7.0,True,True
37,2003,2003-07-02 13:54:00,2003-07-02 15:59:00,2.0833333333333335,1.0,200.0,WECC,Unit Tripped,,Northern California,2003.0,7.0,True,True
38,2003,2003-07-04 06:00:00,2003-07-04 10:00:00,4.0,52000.0,150.0,MAIN,Severe Thunderstorms,,Southeast Wisconsin,2003.0,7.0,True,True
39,2003,2003-07-04 09:00:00,2003-07-06 16:00:00,55.0,131000.0,82.5,ECAR,Severe Thunderstorms,,Lower Michigan Peninsula,2003.0,7.0,True,True
40,2003,2003-07-04 23:41:00,2003-07-06 21:00:00,45.31666666666667,55142.0,200.0,ECAR,Severe Storms,,"Southwest Ohio, portions of Indiana",2003.0,7.0,True,True
41,2003,2003-07-05 03:00:00,2003-07-05 07:00:00,4.0,130000.0,80.0,MAIN,Severe Storms,,Northern Illinois,2003.0,7.0,True,True
42,2003,2003-07-07 09:00:00,2003-07-07 15:00:00,6.0,72000.0,,MAIN,Severe Thunderstorms,,Northern Illinois,2003.0,7.0,True,True
43,2003,2003-07-08 04:00:00,2003-07-11 16:00:00,84.0,134500.0,11000.0,ECAR,Severe Thunderstorms,,Ohio,2003.0,7.0,True,True
44,2003,2003-07-09 17:14:00,2003-07-09 19:09:00,1.9166666666666667,80000.0,120.0,SERC,Severe Thunderstorms,,Northern Central and Eastern Virginia,2003.0,7.0,True,True
45,2003,2003-07-15 08:24:00,2003-07-21 10:30:00,146.1,108000.0,265.0,ERCOT,Hurricane Claudette,,Texas,2003.0,7.0,True,True
46,2003,2003-07-21 17:15:00,2003-07-24 05:33:00,60.3,185000.0,750.0,MAAC,Severe Storms,,Pennsylvania,2003.0,7.0,True,True
47,2003,2003-07-28 18:55:00,2003-07-28 20:35:00,1.6666666666666667,90000.0,440.0,WECC,Breaker Closed,,Arizona,2003.0,7.0,True,True
48,2003,2003-08-14 00:00:00,,,,18500.0,ECAR,Unknown *,,Geographic areas for MISO Reliability Coordination footprint:  Michigan and Ohio,2003.0,8.0,False,False
49,2003,,2003-08-17 17:00:00,,,7500.0,,,,,,,True,False
50,2003,2003-08-14 16:09:00,2003-08-16 07:00:00,38.85,2100000.0,11000.0,ECAR,Unknown *,,Southeastern Michigan including all of Detroit,2003.0,8.0,True,True
51,2003,2003-08-14 16:09:00,2003-08-16 13:03:00,44.9,101000.0,1007.0,ECAR,Unknown *,,"Southern Lower  Michigan and small areas near Flint, Alma, Saginaw, and Lansing Michigan",2003.0,8.0,True,True
52,2003,2003-08-14 16:10:00,2003-08-16 20:27:00,52.28333333333333,1203000.0,7000.0,ECAR,Unknown *,,"Northeast, Ohio",2003.0,8.0,True,True
53,2003,2003-08-14 16:10:00,2003-08-16 03:45:00,35.583333333333336,,2500.0,NPCC,Unknown *,,Southwestern Connecticut and a small portion of Western Massachusetts and Vermont,2003.0,8.0,True,False
54,2003,,2003-08-17 19:00:00,,,,,,,,,,True,False
55,2003,2003-08-14 16:10:00,2003-08-18 00:03:00,79.88333333333334,,22934.0,NPCC,Unknown *,,New York State,2003.0,8.0,True,False
56,2003,2003-08-14 16:10:00,2003-08-14 23:48:00,7.633333333333334,840137.0,,NPCC,Unknown *,,"New York- Buffalo to Albany; Ontario, Canada to Pennsylvania",2003.0,8.0,True,True
57,2003,2003-08-14 16:10:00,,,,4100.0,MAAC,Unknown *,,"Northern New Jersey Erie, Pennsylvania  area",2003.0,8.0,False,False
58,2003,,2003-08-15 06:00:00,,,,,,,,,,True,False
59,2003,2003-08-14 16:11:00,2003-08-15 21:03:00,28.866666666666667,3125350.0,11202.0,NPCC,Unknown *,,Entire Con Edison System (five boroughs of NYC and Westchester County),2003.0,8.0,True,True
60,2003,2003-08-26 16:00:00,,,93000.0,625.0,MAAC,Severe Thunderstorms,,"Maryland: Anne Arundel County, Baltimore County, Calvert County, Carroll County, Howard County, Montgomery County,  Prince George's and Baltimore City.",2003.0,8.0,False,True
61,2003,2003-08-26 16:22:00,2003-08-31 18:00:00,121.63333333333334,153000.0,1500.0,MAAC,Severe Thunderstorms,,"Washington, D.C.,  Montgomery County,  Prince Georges County, Maryland",2003.0,8.0,True,True
62,2003,2003-09-07 05:19:00,2003-09-07 18:00:00,12.683333333333334,4.0,310.0,MAIN,Transmission  Equipment,,Upper Michigan Peninsula,2003.0,9.0,True,True
63,2003,2003-09-18 08:20:00,2003-09-29 22:42:00,278.3666666666667,1.8,6512.0,SERC,Hurricane Isabel,,"North Eastern North Carolina, Eastern Central , and Northern Virginia",2003.0,9.0,True,True
64,2003,2003-09-18 11:45:00,,,32000.0,1655.0,SERC,Hurricane Isabel,,Eastern North Carolina,2003.0,9.0,False,True
65,2003,2003-09-18 00:00:00,2003-09-26 22:50:00,214.83333333333334,650000.0,2000.0,MAAC,Hurricane Isabel,,"Central Maryland (Baltimore City, Baltimore County, Anne Arundel County, Hartford County, Montgomery County, Calvert County, Prince George's County, Carroll County and Howard County)",2003.0,9.0,True,True
66,2003,2003-09-18 14:00:00,,,237366.0,3085.0,MAAC,Hurricane Isabel,,"Maryland, West Virginia, Virginia and Pennsylvania",2003.0,9.0,False,True
67,2003,2003-09-18 15:32:00,2003-09-19 17:00:00,25.466666666666665,50000.0,600.0,SERC,Hurricane Isabel,,Triangle and Tridad (Greensboro – High Point)  Areas North Carolina - Northern Region,2003.0,9.0,True,True
68,2003,2003-09-18 16:20:00,2003-09-28 18:00:00,241.66666666666666,530000.0,,MAAC,Hurricane Isabel,,"District of Columbia, Montgomery and Prince George's Counties, Maryland",2003.0,9.0,True,True
69,2003,2003-09-18 21:00:00,2003-09-21 17:00:00,68.0,425000.0,1300.0,MAAC,Hurricane Isabel,,"All PPL including: Williamsport, Harrisburg, Lancaster, Scranton and Allentown areas",2003.0,9.0,True,True
70,2003,2003-10-26 01:44:00,,,108000.0,,WECC,Wild Fire,,"San Diego County, California",2003.0,10.0,False,True
71,2003,2003-11-05 15:16:00,2003-11-05 15:54:00,0.6333333333333333,1.0,350.0,MAAC,Tornado,,Maryland/Virginia border,2003.0,11.0,True,True
72,2003,2003-11-12 17:00:00,2003-11-16 18:00:00,97.0,245000.0,82.5,ECAR,Wind Storm,,Lower Michigan Peninsula,2003.0,11.0,True,True
73,2003,2003-11-12 17:00:00,2003-11-12 19:00:00,2.0,51000.0,371.1,MAIN,High Winds,,Northern Illinois,2003.0,11.0,True,True
74,2003,2003-11-12 18:00:00,2003-11-16 17:00:00,95.0,160000.0,75.0,ECAR,Storm with High Winds,,Southeastern Michigan,2003.0,11.0,True,True
75,2003,2003-11-13 06:00:00,2003-11-16 16:00:00,82.0,110000.0,375.0,MAAC,High Winds,,"Central Maryland (Baltimore City, Baltimore County, Anne Arundel County, Harford County, Montgomery County, Calvert County, Prince George's County, Carroll County and Howard County)",2003.0,11.0,True,True
76,2003,2003-11-13 07:30:00,2003-11-14 06:30:00,23.0,50280.0,180.0,NPCC,Storm with High Winds,,New York,2003.0,11.0,True,True
77,2003,2003-11-13 11:00:00,2003-11-14 07:30:00,20.5,104195.0,400.0,MAAC,Major Wind Storm,,"Washington, D.C., Montgomery County, Prince Georges County, Md",2003.0,11.0,True,True
78,2003,2003-11-13 13:40:00,2003-11-13 15:51:00,2.183333333333333,67000.0,300.0,SERC,Wind Storm,,"Northern Virginia, Richmond area, Eastern Virginia",2003.0,11.0,True,True
79,2003,2003-12-01 18:16:00,2003-12-01 20:11:00,1.9166666666666667,300000.0,630.0,NPCC,Wild Fire – Transmission Equipment,,Cape Cod and part of SE Massachusetts,2003.0,12.0,True,True
80,2003,2003-12-04 07:00:00,2003-12-08 07:00:00,96.0,200000.0,175.0,WECC,High Winds,,Eastern portions of King County and Pierce County,2003.0,12.0,True,True
81,2003,2003-12-04 22:34:00,2003-12-07 08:30:00,57.93333333333333,6.0,650.0,MAIN,Fault on 138 KV line,,Northeast Wisconsin and Central/Western Upper Peninsula of Michigan,2003.0,12.0,True,True
82,2003,2003-12-04 22:15:00,2003-12-08 08:30:00,82.25,36000.0,500.0,MAIN,Fault on 138 KV line,,Upper Peninsula of Michigan and Northeastern Wisconsin,2003.0,12.0,True,True
83,2003,2003-12-05 04:49:00,2003-12-05 06:25:00,1.6,16500.0,27.0,FRCC,Transmission Equipment,,State of Florida - Dade County,2003.0,12.0,True,True
84,2003,2003-12-05 07:00:00,2003-12-05 20:00:00,13.0,2.0,14.0,MAIN,Transmission Equipment,,Northeast Wisconsin and Central/Western Upper Peninsula of Michigan,2003.0,12.0,True,True
85,2003,2003-12-20 15:51:00,2003-12-21 23:45:00,31.9,120000.0,150.0,WECC,Cable Failure,,"San Francisco, California",2003.0,12.0,True,True
86,2003,2003-12-22 11:15:00,2003-12-22 11:16:00,0.016666666666666666,109750.0,220.0,WECC,Earthquake,,Central California Coast,2003.0,12.0,True,True
87,2003,2003-12-28 21:00:00,2004-01-01 11:30:00,86.5,241000.0,160.0,WECC,Winter Storm,,Northern California,2003.0,12.0,True,True
88,2004,2004-01-01 07:30:00,2004-01-02 16:00:00,32.5,263000.0,170.0,WECC,Winter Storm,,Northern California,2004.0,1.0,True,True
89,2004,2004-01-07 00:00:00,2004-01-10 17:00:00,89.0,145000.0,150.0,WECC,Snow Storm,,King County,2004.0,1.0,True,True
90,2004,2004-01-08 15:00:00,2004-01-10 19:00:00,52.0,18600.0,100.0,NPCC,Public Appeal to Reduce Load,,"Lake Placid/Saranac, New York",2004.0,1.0,True,True
91,2004,2004-01-14 06:00:00,,,18600.0,100.0,NPCC,Public Appeal to Reduce Load,,"Lake Placid/Saranac, New York",2004.0,1.0,False,True
92,2004,2004-01-26 10:00:00,2004-01-28 08:00:00,46.0,150000.0,600.0,SERC,Ice Storm,,Central South Carolina,2004.0,1.0,True,True
93,2004,2004-01-26 14:00:00,2004-01-27 20:00:00,30.0,30689.0,150.0,SERC,Ice Storm,,North and Central area of Georgia,2004.0,1.0,True,True
94,2004,2004-01-26 16:00:00,2004-01-29 06:30:00,62.5,9905.0,475.0,SERC,Ice Storm,,Central and Eastern North Carolina and Northern and Eastern South Carolina,2004.0,1.0,True,True
95,2004,2004-01-28 13:09:00,2004-01-29 05:00:00,15.85,70000.0,300.0,MAAC,Ice Storm,,"Harford County, Maryland",2004.0,1.0,True,True
96,2004,2004-02-05 20:00:00,2004-02-09 20:00:00,96.0,87456.0,60.0,MAAC,Ice Storm,,"Maryland, Southeastern West Virginia, Northern Virginia, Northern Pennsylvania and South Central Pennsylvania",2004.0,2.0,True,True
97,2004,2004-02-14 20:00:00,,,18600.0,30.0,NPCC,Public Appeal to Reduce Load,,"Lake Colby, Lake Placid, Tupper Lake",2004.0,2.0,False,True
98,2004,2004-02-17 14:25:00,2004-02-17 23:57:00,9.533333333333333,,220.0,WECC,Lightning struck Intertie Breaker,,"San Francisco Bay area, California",2004.0,2.0,True,False
99,2004,2004-02-25 00:01:00,2004-02-26 10:00:00,33.983333333333334,505000.0,240.0,WECC,Winter Storm,,Northern California,2004.0,2.0,True,True
100,2004,2004-02-26 00:00:00,2004-02-26 01:30:00,1.5,47165.0,10.0,SERC,Severe Storm,,Georgia,2004.0,2.0,True,True
101,2004,2004-03-04 05:00:00,2004-03-16 14:45:00,297.75,63000.0,300.0,ERCOT,High Winds - Severe Storm,,North Texas,2004.0,3.0,True,True
102,2004,2004-03-07 18:30:00,2004-03-09 08:00:00,37.5,206000.0,1000.0,SERC,Severe Storm,,North and South Carolina,2004.0,3.0,True,True
103,2004,2004-03-08 18:22:00,2004-03-08 18:55:00,0.55,70000.0,300.0,WECC,Inadequate Resources,,Southern California not including LA,2004.0,3.0,True,True
104,2004,2004-03-17 13:27:00,2004-03-17 14:06:00,0.65,100000.0,300.0,WECC,Faulty Switch,,"El Paso, Texas",2004.0,3.0,True,True
105,2004,2004-04-10 20:00:00,2004-04-11 16:00:00,20.0,85000.0,100.0,ERCOT,Thunderstorms,,"Houston, Texas and surrounding suburban areas",2004.0,4.0,True,True
106,2004,2004-04-12 05:30:00,2004-04-12 10:15:00,4.75,179000.0,250.0,FRCC,Storm with High Winds,,FPL's service territory mostly in Naples and Ft. Myers Florida,2004.0,4.0,True,True
107,2004,2004-04-27 12:35:00,2004-04-30 12:00:00,71.41666666666667,187000.0,300.0,WECC,Strong Winds,,Snohomish County Washington,2004.0,4.0,True,True
108,2004,2004-05-03 14:30:00,2004-05-03 19:00:00,4.5,940.0,662.0,WECC,Heat Storm,,Central and Southern California,2004.0,5.0,True,True
109,2004,2004-05-11 15:30:00,2004-05-11 18:00:00,2.5,62500.0,85.0,ERCOT,Strong Thunderstorms,,"Houston, Texas and surrounding suburban areas",2004.0,5.0,True,True
110,2004,2004-05-21 02:00:00,2004-05-24 00:00:00,70.0,281000.0,133.0,ECAR,Severe Thunderstorms,,Akron and Youngstown areas,2004.0,5.0,True,True
111,2004,2004-05-21 02:00:00,2004-05-24 00:00:00,70.0,127000.0,177.0,ECAR,Severe Thunderstorms,,Cleveland area,2004.0,5.0,True,True
112,2004,2004-05-21 05:30:00,2004-05-25 00:00:00,90.5,94366.0,60.0,MAAC,High Winds and Heavy Rains,,"Western Pennsylvania, Northern West Virginia, Western Maryland, Northern Virginia",2004.0,5.0,True,True
113,2004,2004-05-21 11:00:00,2004-05-26 21:00:00,130.0,122600.0,303.0,ECAR,Severe Thunderstorms,,"Northern and Southern Michigan, AEP Fort Wayne/Michigan Region, Buchanan, Elkhart, New Buffalo, South Bend, St. Joseph, Three Rivers areas",2004.0,5.0,True,True
114,2004,2004-05-21 13:00:00,2004-05-25 12:00:00,95.0,248209.0,200.0,ECAR,Severe Thunderstorms,,"Lower peninsula of Michigan following cities:  Grand Rapids, Kalamazoo, Battle Creek, Jackson, Bronson, Jonesville, Flint",2004.0,5.0,True,True
115,2004,2004-05-21 16:00:00,2004-05-24 20:00:00,76.0,250000.0,630.0,ECAR,Severe Thunderstorms,,Southeast Michigan,2004.0,5.0,True,True
116,2004,2004-05-28 12:00:00,2004-05-31 00:00:00,60.0,0.0,0.0,FRCC,Public Appeals,,"Florida counties of Gadsden, Wakulla, Leon, and Liberty",2004.0,5.0,True,True
117,2004,2004-05-28 12:00:00,2004-05-31 00:00:00,60.0,0.0,0.0,FRCC,Public Appeals,,"Florida counties of Gadsden, Wakulla, Leon, and Liberty",2004.0,5.0,True,True
118,2004,2004-05-28 12:00:00,2004-05-31 00:00:00,60.0,0.0,0.0,FRCC,Public Appeals,,"Florida counties of Gadsden, Wakulla, Leon, and Liberty",2004.0,5.0,True,True
119,2004,2004-06-01 17:00:00,2004-06-02 01:00:00,8.0,500000.0,1900.0,ERCOT,Severe Storms with Strong Winds,,"Collin, Dallas, Denton, Ellis, Parker, and Tarrant Counties, Texas",2004.0,6.0,True,True
120,2004,2004-06-02 01:46:00,2004-06-07 16:00:00,134.23333333333332,59057.0,350.0,ECAR,Severe  Thunderstorms with Strong Winds,,"Shreveport, Louisiana",2004.0,6.0,True,True
121,2004,2004-06-02 02:35:00,2004-06-06 18:00:00,111.41666666666667,56874.0,280.0,ECAR,Severe Thunderstorms with Strong Winds,,"Tulsa, Oklahoma",2004.0,6.0,True,True
122,2004,2004-06-12 17:37:00,2004-06-12 17:41:00,0.06666666666666667,120212.0,428.0,MAPP,Tornado,,"Lincoln, Nebraska",2004.0,6.0,True,True
123,2004,2004-06-14 07:41:00,2004-06-14 14:39:00,6.966666666666667,30000.0,200.0,WECC,Fault on Line,,"Phoenix, Arizona",2004.0,6.0,True,True
124,2004,2004-06-23 17:35:00,2004-06-23 19:10:00,1.5833333333333333,35000.0,157.0,WECC,Load Shedding,,Southern Idaho,2004.0,6.0,True,True
125,2004,2004-06-23 19:00:00,2004-06-23 20:00:00,1.0,50595.0,50.0,SERC,Thunderstorms,,Georgia and Alabama,2004.0,6.0,True,True
126,2004,2004-07-06 06:00:00,2004-08-09 12:00:00,822.0,,,WECC,Fire/Substation Multiple Public Appeals,,"Metro Phoenix, Arizona",2004.0,7.0,True,False
127,2004,2004-07-06 06:00:00,2004-08-09 12:00:00,822.0,,,WECC,Fire/Substation Multiple Public Appeals,,"Metro Phoenix, Arizona",2004.0,7.0,True,False
128,2004,2004-07-07 13:30:00,2004-07-07 23:54:00,10.4,88110.0,120.0,SERC,Severe Thunderstorms,,Central Virginia,2004.0,7.0,True,True
129,2004,2004-07-13 13:34:00,2004-07-13 17:15:00,3.683333333333333,42124.0,283.0,FRCC,Units Tripped,,"Leon  County, Florida",2004.0,7.0,True,True
130,2004,2004-07-13 16:30:00,2004-07-17 08:00:00,87.5,135000.0,600.0,ECAR,Severe Thunderstorms,,"West, West Central and Southern Indiana",2004.0,7.0,True,True
131,2004,2004-07-20 14:26:00,2004-07-21 02:00:00,11.566666666666666,,214.0,WECC,Wildfire/Shed Interruptible Load,,"Soledad Canyon near Acton, California",2004.0,7.0,True,False
132,2004,2004-07-20 15:44:00,2004-07-20 17:51:00,2.1166666666666667,61624.0,200.0,PR,Wildfire,,"Regions of  San Juan, Caguas, Ponce, Bayamon, Carolina, Arecibo and Mayaguez",2004.0,7.0,True,True
133,2004,2004-07-21 17:30:00,2004-07-22 19:00:00,25.5,200000.0,200.0,MAIN,Severe Thunderstorms,,"Chicago, Illinois",2004.0,7.0,True,True
134,2004,2004-07-24 15:45:00,2004-07-25 21:00:00,29.25,,,SPP,Public Appeal,,Southwest Louisiana in the Acadia Parish vicinity,2004.0,7.0,True,False
135,2004,2004-07-25 22:00:00,2004-07-25 23:00:00,1.0,61004.0,61.0,SERC,Severe Storms,,"Georgia, Alabama, Florida panhandle, Southern Mississippi",2004.0,7.0,True,True
136,2004,2004-08-02 10:00:00,2004-08-02 20:00:00,10.0,,,SPP,Unplanned Generator Outage/High Loads Made Public Appeal,,Southeast Texas,2004.0,8.0,True,False
137,2004,2004-08-03 21:00:00,2004-08-04 07:00:00,10.0,127000.0,127.0,MAIN,Severe Storm,,Northern Illinois,2004.0,8.0,True,True
138,2004,2004-08-04 12:46:00,2004-08-04 13:50:00,1.0666666666666667,182000.0,480.0,WECC,Fault at Barre Substation,,"Northwest Orange County, California",2004.0,8.0,True,True
139,2004,2004-08-09 08:23:00,2004-08-09 11:10:00,2.783333333333333,259478.0,451.7,PR,Two Large Units Tripped,,Whole Island of Puerto Rico,2004.0,8.0,True,True
140,2004,2004-08-13 08:00:00,2004-08-23 00:00:00,232.0,502000.0,1300.0,FRCC,Hurricane Charley,,"Florida counties of Hardee, Highlands, Lake, Orange, Osceola, Polk, Seminole, Volusia",2004.0,8.0,True,True
141,2004,2004-08-13 15:00:00,2004-08-13 23:00:00,8.0,1200000.0,1400.0,FRCC,Hurricane Charley,,West Coast of Florida from Naples to Charlotte and in an area centered around Daytona Beach,2004.0,8.0,True,True
142,2004,2004-08-13 13:30:00,2004-08-14 00:00:00,10.5,200000.0,700.0,FRCC,Hurricane Charley,,"Florida counties of Collier, Hendry, Glades, Highlands, Charlotte, Desoto, Lee, Hardee, and Polk",2004.0,8.0,True,True
143,2004,2004-08-13 16:43:00,2004-08-13 20:24:00,3.683333333333333,78000.0,250.0,FRCC,Hurricane Charley,,"Eastern Hillsborough, Polk County, Florida",2004.0,8.0,True,True
144,2004,2004-08-13 22:04:00,2004-08-14 16:23:00,18.316666666666666,23000.0,65.0,FRCC,Hurricane Charley,,"New Smyrna Beach, Florida",2004.0,8.0,True,True
145,2004,2004-08-14 13:00:00,2004-08-14 23:00:00,10.0,94000.0,500.0,SERC,Hurricane Charley,,Central and Eastern North Carolina and Northern and Eastern South Carolina,2004.0,8.0,True,True
146,2004,2004-08-20 15:31:00,2004-08-20 21:45:00,6.233333333333333,380000.0,22700.0,NPCC,Major Transmission Line Tripped due to Lightning Strike,,"Boston, Massachusetts",2004.0,8.0,True,True
147,2004,2004-08-29 00:00:00,2004-08-29 18:00:00,18.0,125000.0,450.0,SERC,Tropical Storm Gaston,,Southeastern South Carolina,2004.0,8.0,True,True
148,2004,2004-08-30 18:58:00,2004-08-31 15:35:00,20.616666666666667,99816.0,150.0,SERC,Tropical Storm Gaston,,"Central Virginia, South to North Carolina and East to the Virginia Coast",2004.0,8.0,True,True
149,2004,2004-09-03 21:00:00,2004-09-05 14:00:00,41.0,26000.0,125.0,FRCC,Hurricane Frances,,"City of Fort Pierce, Florida",2004.0,9.0,True,True
150,2004,2004-09-04 08:00:00,2004-09-06 08:00:00,48.0,2775093.0,6000.0,FRCC,Hurricane Frances,,"West Palm Beach to Daytona Beach, Florida",2004.0,9.0,True,True
151,2004,2004-09-04 10:00:00,2004-09-12 19:00:00,201.0,268000.0,1100.0,FRCC,Hurricane Frances,,"Hillsborough, Pasco, and Polk County, Florida",2004.0,9.0,True,True
152,2004,2004-09-05 01:00:00,2004-09-09 17:00:00,112.0,65000.0,200.0,FRCC,Hurricane Frances,,"Orlando, Florida",2004.0,9.0,True,True
153,2004,2004-09-05 07:00:00,2004-09-12 00:00:00,161.0,832898.0,2100.0,FRCC,Hurricane Frances,,"Florida counties of Alachua, Citrus, Columbia, Dixie, Franklin, Gilchrist, Gulf, Hamilton, Hardee, Hernando, Highlands, Jefferson, Lafayette, Lake, Levy, Madison, Marion, Orange, Osceola, Pasco, Pinellas, Polk, Seminole, Sumter, Suwannee, Taylor, Volusia and Wakulla",2004.0,9.0,True,True
154,2004,2004-09-06 13:00:00,2004-09-09 12:00:00,71.0,99000.0,3000.0,SERC,Hurricane Frances,,"Florida, Mississippi, Alabama, Georgia",2004.0,9.0,True,True
155,2004,2004-09-07 10:00:00,2004-09-08 12:00:00,26.0,150000.0,2200.0,SERC,Hurricane Frances,,Georgia,2004.0,9.0,True,True
156,2004,2004-09-15 12:04:00,2004-09-23 12:00:00,191.93333333333334,1423590.0,1243.0,PR,Hurricane Jeanne,,Whole Island of Puerto Rico,2004.0,9.0,True,True
157,2004,2004-09-15 19:00:00,2004-09-17 19:00:00,48.0,916316.0,916.0,SERC,Hurricane Ivan,,"Florida, Mississippi, Alabama, Georgia",2004.0,9.0,True,True
158,2004,2004-09-16 02:00:00,2004-09-16 10:02:00,8.033333333333333,75000.0,263.0,SERC,Hurricane Ivan,,"Baldwin County, Alabama, Escambia County, Florida, Washington County, Alabama",2004.0,9.0,True,True
159,2004,2004-09-16 21:00:00,2004-09-20 16:00:00,91.0,175000.0,500.0,SERC,Hurricane Ivan,,Western  North and South Carolina,2004.0,9.0,True,True
160,2004,2004-09-17 04:30:00,2004-09-18 12:00:00,31.5,112000.0,400.0,SERC,Hurricane Ivan,,Western North Carolina,2004.0,9.0,True,True
161,2004,2004-09-25 17:00:00,2004-09-26 09:00:00,16.0,26000.0,125.0,FRCC,Hurricane Jeanne,,"City of Fort Pierce, Florida",2004.0,9.0,True,True
162,2004,2004-09-26 02:00:00,2004-09-27 00:00:00,22.0,285300.0,1250.0,FRCC,Hurricane Jeanne,,"Hillsborough, Pasco, and Polk County, Florida",2004.0,9.0,True,True
163,2004,2004-09-26 03:00:00,2004-09-30 09:00:00,102.0,110000.0,350.0,FRCC,Hurricane Jeanne,,"Orlando and St. Cloud, Florida",2004.0,9.0,True,True
164,2004,2004-09-26 06:00:00,2004-10-01 00:00:00,114.0,722000.0,1800.0,FRCC,Hurricane Jeanne,,"Florida counties of Alachua, Bay, Brevard, Citrus, Columbia, Dixie, Flagler, Franklin, Gilchrist, Gulf, Hamilton, Hardee, Hernando, Highlands, Hillsborough, Jefferson, Lafayette, Lake, Leon, Levy, Madison, Marion, Orange, Osceola, Pasco, Pinellas, Polk, Seminole, Sumter, Suwannee, Taylor, Volusia and Wakulla",2004.0,9.0,True,True
165,2004,2004-09-27 08:00:00,2004-09-27 14:00:00,6.0,85455.0,854.0,SERC,Hurricane Jeanne,,Georgia,2004.0,9.0,True,True
166,2004,2004-09-27 16:06:00,2004-09-27 16:12:00,0.1,,,NPCC,Switch Error Concerning Breakers,,Nova Scotia,2004.0,9.0,True,False
167,2004,2004-10-10 17:09:00,2004-10-11 19:57:00,26.8,,,PR,Breaker Failure,,Island Wide,2004.0,10.0,True,False
168,2004,2004-10-18 22:30:00,2004-10-20 09:00:00,34.5,407440.0,140.0,WECC,Severe Storm with High Wind Gusts,,Northern California,2004.0,10.0,True,True
169,2004,2004-10-25 11:00:00,2004-10-26 10:00:00,23.0,,,SPP,Public Appeal/Breaker Failure and Fire,,Southeastern Louisiana in the New Orleans area,2004.0,10.0,True,False
170,2004,2004-10-28 15:27:00,2004-10-28 18:08:00,2.683333333333333,59458.0,103.0,WECC,Major Transmission Distribution System Interruption,,"San  Jose, California",2004.0,10.0,True,True
171,2004,2004-10-30 10:00:00,2004-11-01 18:00:00,56.0,122000.0,60.0,ECAR,Severe Storm with High Wind Gusts,,"Lower peninsula of Michigan. following area:  Grand Rapids, Kalamazoo, Battle Creek, Greenville, Jackson,  Flint, Lansing, Allegan, Temperance",2004.0,10.0,True,True
172,2004,2004-10-30 12:30:00,2004-11-03 13:50:00,97.33333333333333,159870.0,700.0,ECAR,High Wind Gusts,,Southeastern Michigan,2004.0,10.0,True,True
173,2004,2004-11-09 14:15:00,2004-11-12 13:07:00,70.86666666666666,0.0,0.0,NPCC,Fuel Supply Deficiency - Williams Company: Event for Trans Continental Gas Pipeline,,"Sayreville, New Jersey Long Island, New York",2004.0,11.0,True,True
174,2004,2004-11-14 04:55:00,2004-11-15 01:31:00,20.6,165000.0,165.0,NPCC,"Heavy Snow, High Winds and Rain/Major Distribution System Interruption",,Nova Scotia,2004.0,11.0,True,True
175,2004,2004-11-23 22:00:00,2004-11-24 01:00:00,3.0,119000.0,150.0,ERCOT,Strong Thunderstorms,,"Houston, Texas and surrounding suburban areas",2004.0,11.0,True,True
176,2004,2004-11-24 10:00:00,2004-11-24 16:00:00,6.0,83450.0,100.0,SERC,Strong Thunderstorms,,Georgia,2004.0,11.0,True,True
177,2004,2004-12-01 10:00:00,2004-12-02 23:59:00,37.983333333333334,122000.0,270.0,MAAC,High Winds,,"Central Maryland (Baltimore City, Baltimore County, Anne Arundel County, Hartford County, Montgomery County, Calvert County, Prince George's County, Carroll County and Howard County)",2004.0,12.0,True,True
178,2004,2004-12-01 07:30:00,2004-12-02 22:09:00,38.65,105312.0,,MAAC,Heavy Rain and Wind Storm,,"Bucks, Chester, Delaware, Montgomery, and Philadelphia Counties, Pennsylvania",2004.0,12.0,True,True
179,2004,2004-12-23 03:37:00,2004-12-31 23:00:00,211.38333333333333,359171.0,800.0,ECAR,Major Freezing Rain and Ice Storm,,Columbus District,2004.0,12.0,True,True
180,2004,2004-12-27 07:50:00,2004-12-27 10:50:00,3.0,95000.0,100.0,WECC,Severe Weather/Line Relayed,,"Salinas, California and surrounding communities",2004.0,12.0,True,True
181,2005,2005-01-04 18:00:00,2005-01-14 12:00:00,234.0,211000.0,200.0,SPP,Winter Storm,,Eastern one third of the state of Kansas,2005.0,1.0,True,True
182,2005,2005-01-05 16:00:00,2005-01-13 18:00:00,194.0,246990.0,250.0,ECAR,Ice Storm,,Akron and Mansfield areas,2005.0,1.0,True,True
183,2005,2005-01-05 21:10:00,2005-01-16 11:00:00,253.83333333333334,114791.0,545.0,ECAR,Winter Ice Storm,,Indiana Michigan Region - Muncie District,2005.0,1.0,True,True
184,2005,2005-01-07 13:00:00,2005-01-10 08:00:00,67.0,442000.0,120.0,WECC,Winter Storm,,Northern California,2005.0,1.0,True,True
185,2005,2005-01-19 09:17:00,2005-01-19 09:27:00,0.16666666666666666,,209.0,PR,Voltage Reduction,,Island of Puerto Rico,2005.0,1.0,True,False
186,2005,2005-01-23 10:42:00,2005-01-23 11:24:00,0.7,,140.0,PR,Voltage Reduction,,Island of Puerto Rico,2005.0,1.0,True,False
187,2005,2005-01-24 06:38:00,2005-01-24 06:50:00,0.2,70717.0,225.0,PR,Voltage Reduction/Shed Load,,Island of Puerto Rico,2005.0,1.0,True,True
188,2005,2005-01-24 12:27:00,2005-01-24 12:34:00,0.11666666666666667,,385.0,PR,Voltage Reduction/Shed Load,,Island of Puerto Rico,2005.0,1.0,True,False
189,2005,2005-01-29 10:00:00,2005-01-31 10:00:00,48.0,150000.0,100.0,SERC,Ice Storm,,Parts of Alabama and Georgia,2005.0,1.0,True,True
190,2005,2005-01-29 16:00:00,2005-01-30 15:00:00,23.0,82000.0,65.0,SERC,Ice Storm,,Georgia,2005.0,1.0,True,True
191,2005,2005-02-01 00:00:00,2005-02-01 18:01:00,18.016666666666666,,460.0,PR,Voltage Reduction,,Island of Puerto Rico,2005.0,2.0,True,False
192,2005,2005-02-15 13:12:00,2005-02-15 13:30:00,0.3,,380.0,PR,Generator Loss,,Island of Puerto Rico,2005.0,2.0,True,False
193,2005,2005-02-16 13:26:00,2005-02-16 13:43:00,0.2833333333333333,139438.0,325.0,PR,Load Shedding,,Island of Puerto Rico,2005.0,2.0,True,True
194,2005,2005-02-18 08:16:00,2005-02-18 08:41:00,0.4166666666666667,372288.0,648.0,PR,Generator Loss/Voltage Reduction,,Island of Puerto Rico,2005.0,2.0,True,True
195,2005,2005-02-24 00:58:00,2005-02-24 01:05:00,0.11666666666666667,,200.0,PR,Voltage Reduction,,Island of Puerto Rico,2005.0,2.0,True,False
196,2005,2005-03-08 11:00:00,2005-03-08 15:00:00,4.0,51600.0,180.0,SERC,Wind Storms,,Eastern and Central North Carolina,2005.0,3.0,True,True
197,2005,2005-04-01 00:00:00,2005-04-06 12:00:00,132.0,211000.0,,ECAR,Winter Storm,,"Cleveland, Ohio and northeast Ohio",2005.0,4.0,True,True
198,2005,2005-04-22 15:51:00,2005-04-22 15:59:00,0.13333333333333333,,126.0,WECC,Lightning Strike,,"San Francisco Bay area, California",2005.0,4.0,True,False
199,2005,2005-04-23 04:22:00,2005-04-23 04:48:00,0.43333333333333335,116552.0,345.0,PR,Voltage Reduction,,Island of Puerto Rico,2005.0,4.0,True,True
200,2005,2005-04-23 06:00:00,2005-04-27 06:00:00,96.0,150000.0,,ECAR,Winter Storm,,"Cleveland, Ohio and northeast Ohio",2005.0,4.0,True,True
201,2005,2005-04-30 08:00:00,2005-04-30 10:00:00,2.0,51808.0,100.0,SERC,Thunderstorms,,Alabama and Georgia,2005.0,4.0,True,True
202,2005,2005-05-08 15:00:00,2005-05-08 22:00:00,7.0,243000.0,672.0,ERCOT,Strong Thunderstorms,,"Houston, Texas and surrounding suburban areas",2005.0,5.0,True,True
203,2005,2005-05-11 19:00:00,2005-05-11 20:31:00,1.5166666666666666,,529.0,PR,Voltage Reduction,,Island of Puerto Rico,2005.0,5.0,True,False
204,2005,2005-05-29 20:00:00,2005-05-30 02:30:00,6.5,123000.0,328.0,ERCOT,Strong Thunderstorms,,"Houston, Texas and surrounding suburban areas",2005.0,5.0,True,True
205,2005,2005-06-05 14:00:00,2005-06-10 07:30:00,113.5,201580.0,1826.0,ECAR,Strong Thunderstorm/High Winds,,Southeast  Michigan,2005.0,6.0,True,True
206,2005,2005-06-05 14:00:00,2005-06-07 18:00:00,52.0,105000.0,55.0,ECAR,Strong Thunderstorm,,Portions of  the southern 2/3 of  Michigan's Lower Peninsula,2005.0,6.0,True,True
207,2005,2005-06-06 12:00:00,2005-06-08 18:00:00,54.0,65000.0,,NPCC,Strong Thunderstorms,,Central/Eastern New York state,2005.0,6.0,True,True
208,2005,2005-06-06 16:43:00,2005-06-07 22:00:00,29.283333333333335,143000.0,,MAAC,Strong Thunderstorm,,"Bucks, Montgomery, Delaware, Chester, Philadelphia counties, Pennsylvania",2005.0,6.0,True,True
209,2005,2005-06-08 04:00:00,2005-06-10 22:00:00,66.0,300000.0,75.0,MRO,Strong Thunderstorm,,Minnesota,2005.0,6.0,True,True
210,2005,2005-06-20 11:16:00,2005-06-20 17:15:00,5.983333333333333,600000.0,35.0,PR,Voltage Reduction,,Island of Puerto Rico,2005.0,6.0,True,True
211,2005,2005-06-24 20:37:00,2005-06-24 23:06:00,2.4833333333333334,51500.0,350.0,MAIN,Transmission Equipment Failure,,"Chicago, Illinois",2005.0,6.0,True,True
212,2005,2005-06-28 11:30:00,,,0.0,0.0,WECC,Fuel Supply Deficiency/Coal Rail Transportation Interruption,,Denver Metropolitan area of Colorado,2005.0,6.0,False,True
213,2005,2005-06-29 16:30:00,2005-07-04 23:30:00,127.0,114711.0,1000.0,ECAR,Strong Thunderstorm/High Winds,,Southeast  Michigan,2005.0,6.0,True,True
214,2005,,,,0.0,0.0,ERCOT,Fuel Supply - Deficiency Coal Rail Transporation Interruption,,"Texas, New Mexico, Oklahoma, Kansas",,,False,True
215,2005,2005-07-02 01:27:00,2005-07-02 01:46:00,0.31666666666666665,132290.0,226.0,PR,Load Shedding,,Island of Puerto Rico,2005.0,7.0,True,True
216,2005,2005-07-05 21:00:00,2005-07-06 09:00:00,12.0,287000.0,,SPP,Tropical Storm Cindy,,"Southeast and Northeast, Louisiana including the New Orleans area",2005.0,7.0,True,True
217,2005,2005-07-10 08:00:00,2005-07-12 08:00:00,48.0,228102.0,45.0,SERC,Hurricane Dennis,,"Alabama, Mississippi, Florida, Georgia",2005.0,7.0,True,True
218,2005,2005-07-10 12:53:00,2005-07-11 17:33:00,28.666666666666668,50000.0,51.2,SERC,Hurricane Dennis,,Southwest Alabama and Western Panhandle of Florida,2005.0,7.0,True,True
219,2005,2005-07-21 14:39:00,2005-07-21 17:30:00,2.85,128050.0,197.0,WECC,CA ISO  Stage 2 -Initiated interruption of Air Conditioner Cycling Interruptible Load Program,,Southern California,2005.0,7.0,True,True
220,2005,2005-07-22 13:55:00,2005-07-22 18:00:00,4.083333333333333,133900.0,206.0,WECC,CA ISO Stage 2 -Initiated interruption of Air Conditioner Cycling Interruptible Load Program,,Southern California,2005.0,7.0,True,True
221,2005,2005-07-23 01:02:00,2005-07-26 10:50:00,81.8,55118.0,,MAAC,Severe Thunderstorms,,"Washington, DC, Montgomery and Prince Georges Counties, Maryland",2005.0,7.0,True,True
222,2005,2005-07-27 16:50:00,2005-07-28 21:24:00,28.566666666666666,93837.0,,MAAC,Severe Thunderstorms,,"Bucks, Chester, Delaware, Montgomery and Philadelphia counties, Pennsylvania",2005.0,7.0,True,True
223,2005,2005-07-27 17:50:00,2005-07-30 21:07:00,75.28333333333333,64943.0,,MAAC,Severe Thunderstorm,,"Washington, DC, Montgomery and Prince Georges Counties, Maryland",2005.0,7.0,True,True
224,2005,2005-07-27 18:00:00,2005-07-29 16:00:00,46.0,87600.0,,MAAC,Severe Thunderstorms,,"Baltimore County, Anne Arundel County and Prince Georges County, Maryland",2005.0,7.0,True,True
225,2005,2005-07-28 20:30:00,2005-08-01 17:00:00,92.5,52200.0,300.0,SERC,Severe Thunderstorm,,Piedmont North and South Carolina,2005.0,7.0,True,True
226,2005,2005-08-01 10:28:00,2005-08-01 10:47:00,0.31666666666666665,47116.0,175.0,PR,Voltage Reduction/Load Shed,,Island of Puerto Rico,2005.0,8.0,True,True
227,2005,2005-08-08 12:38:00,2005-08-08 16:00:00,3.3666666666666667,,240.0,WECC,Plant Tripped,,"San Francisco Bay area, California",2005.0,8.0,True,False
228,2005,2005-08-19 19:37:00,2005-08-19 20:15:00,0.6333333333333333,71864.0,259.0,PR,Voltage Reduction/Load Shed,,Island of Puerto Rico,2005.0,8.0,True,True
229,2005,2005-08-20 14:15:00,2005-08-20 16:21:00,2.1,50797.0,650.0,ECAR,Severe Thunderstorms,,Northwest Arkansas,2005.0,8.0,True,True
230,2005,2005-08-25 15:50:00,2005-08-25 20:00:00,4.166666666666667,,,WECC,CAISO determined there was  inadequate electric resources to serve load.  Public appeals and a shedding of interruptible and firm load occurred.,,Southern California,2005.0,8.0,True,False
231,2005,2005-08-25 15:51:00,2005-08-25 20:00:00,4.15,409000.0,864.0,WECC,CAISO initiated interruption of  interruptible and firm load due to declaration of  Transmission Emergency in Southern California,,Southern California,2005.0,8.0,True,True
232,2005,2005-08-29 01:10:00,2005-08-29 12:42:00,11.533333333333333,143000.0,300.0,SPP,Hurricane Katrina,,East and Southeast Louisiana,2005.0,8.0,True,True
233,2005,2005-08-29 06:00:00,2005-08-30 06:00:00,24.0,1.1,,SPP,Hurricane Katrina,,"Buras, Louisiana",2005.0,8.0,True,True
234,2005,2005-08-29 07:10:00,2005-09-07 15:00:00,223.83333333333334,0.0,0.0,FRCC,Hurricane Katrina disrupted fuel supply in the Gulf of Mexico. Public appeals for conservation were issued.,,"Counties of Alachua, Bay, Citrus, Columbia, Dixie, Franklin, Gilchrist, Gulf, Hamilton, Hardee, Hernando, Highlands, Jefferson, Lafayette, Lake, Levy, Madison, Marion, Orange, Osceola, Pasco, Pinellas, Polk, Seminole, Sumter, Suwannee, Taylor, Volusia and Wakulla",2005.0,8.0,True,True
235,2005,2005-08-29 07:10:00,2005-08-29 22:00:00,14.833333333333334,512049.0,5120.0,SERC,Hurricane Katrina,,"Alabama, Florida, Mississippi",2005.0,8.0,True,True
236,2005,2005-08-29 15:50:00,2005-09-10 12:00:00,284.1666666666667,323529.0,118.5,SERC,Hurricane Katrina,,"Alabama, Mississippi,  Tennessee",2005.0,8.0,True,True
237,2005,2005-08-29 17:00:00,,,0.0,0.0,FRCC,Hurricane Katrina  disrupted normal gas allotment through natural gas pipelines (FGT & Gulf stream). Public appeals for conservation were issued.,,"City of Lakeland, Florida",2005.0,8.0,False,True
238,2005,2005-08-31 16:00:00,2005-09-12 08:00:00,280.0,0.0,0.0,FRCC,Hurricane Katrina disrupted normal gas supplies distribution. Public appeals for conservation were issued.,,Member Service Territory is located in the West coast of Florida from Tallahassee to Fort Myers,2005.0,8.0,True,True
239,2005,2005-09-12 12:32:00,2005-09-12 13:56:00,1.4,900000.0,2578.0,WECC,Breaker protection cable accidentally cut,,"Los Angeles, California",2005.0,9.0,True,True
240,2005,2005-09-13 14:14:00,2005-09-13 14:29:00,0.25,66480.0,249.0,PR,Voltage Reduction/Load Shed,,Island of Puerto Rico,2005.0,9.0,True,True
241,2005,2005-09-13 18:30:00,2005-09-16 20:00:00,73.5,110000.0,600.0,MAIN,Severe Storm,,Southeast Wisconsin and Fox Valley,2005.0,9.0,True,True
242,2005,2005-09-14 15:00:00,2005-09-15 15:00:00,24.0,60000.0,215.0,SERC,Hurricane Ophelia,,Eastern North Carolina,2005.0,9.0,True,True
243,2005,2005-09-21 19:00:00,2005-09-27 23:00:00,148.0,200000.0,,MRO,High Winds/Tornados,,Minnesota,2005.0,9.0,True,True
244,2005,2005-09-22 11:00:00,2005-09-26 23:30:00,108.5,53000.0,366.0,ECAR,Severe Thunderstorm,,Southeast Michigan,2005.0,9.0,True,True
245,2005,2005-09-22 12:00:00,2005-09-29 12:00:00,168.0,0.0,0.0,FRCC,Hurricane Rita disrupted fuel supply in the Gulf of Mexico. Public Appeals for conservation were issued.,,"Counties of Alachua, Bay, Citrus, Columbia, Dixie, Franklin, Gilchrist, Gulf, Hamilton, Hardee, Hernando, Highlands, Jefferson, Lafayette, Lake, Levy, Madison, Marion, Orange, Osceola, Pasco, Pinellas, Polk, Seminole, Sumter, Suwannee, Taylor, Volusia and Wakulla",2005.0,9.0,True,True
246,2005,2005-09-23 07:00:00,2005-09-28 11:29:00,124.48333333333333,0.0,0.0,FRCC,Hurricane Rita  disrupted normal gas allotment through natural gas pipelines (FGT & Gulf stream). Public Appeals for conservation were issued.,,"Lakeland, Florida",2005.0,9.0,True,True
247,2005,2005-09-23 13:06:00,2005-10-06 14:30:00,313.4,125000.0,350.0,SPP,Hurricane Rita,,West and Southwest Louisiana,2005.0,9.0,True,True
248,2005,2005-09-23 17:00:00,2005-09-24 20:00:00,27.0,715000.0,1950.0,ERCOT,Hurricane Rita,,"Houston, Texas and the surrounding suburban areas",2005.0,9.0,True,True
249,2005,2005-09-23 21:00:00,2005-09-25 07:30:00,34.5,766000.0,,SPP,Hurricane Rita,,"Texas, Louisiana, Arkansas, and Mississippi",2005.0,9.0,True,True
250,2005,2005-09-24 06:00:00,2005-10-02 17:00:00,203.0,200000.0,260.0,ERCOT,Hurricane Rita,,"Nacogdoches, Lufkin, Tyler, Jacksonville, Rusk, Paris, Commerce, Huntington",2005.0,9.0,True,True
251,2005,2005-09-24 10:00:00,2005-09-28 18:00:00,104.0,190000.0,700.0,ECAR,Hurricane Rita,,"Shreveport, Louisiana",2005.0,9.0,True,True
252,2005,2005-10-02 17:40:00,2005-10-02 17:54:00,0.23333333333333334,71240.0,312.0,PR,Voltage Reduction/Load Shed,,Island of Puerto Rico,2005.0,10.0,True,True
253,2005,2005-10-18 15:19:00,,,142591.0,460.0,PR,Voltage Reduction/Load Shed,,Island of Puerto Rico,2005.0,10.0,False,True
254,2005,2005-10-22 09:44:00,2005-10-22 11:40:00,1.9333333333333333,85682.0,360.0,PR,Voltage Reduction/Load Shed,,Island of Puerto Rico,2005.0,10.0,True,True
255,2005,2005-10-23 20:00:00,2005-10-24 14:00:00,18.0,3241437.0,10000.0,FRCC,Hurricane Wilma,,"South Florida, Naples, Ft. Myers, Miami, Ft. Lauderdale, West Palm Beach and Martin county",2005.0,10.0,True,True
256,2005,2005-10-24 04:00:00,2005-10-24 16:00:00,12.0,105000.0,280.0,FRCC,Hurricane Wilma,,"Florida counties of Collier, Charlotte and Lee",2005.0,10.0,True,True
257,2005,2005-10-24 07:00:00,2005-11-10 00:00:00,401.0,84900.0,148.0,FRCC,Hurricane Wilma,,"South Florida - Cities of Key West, Clewiston, Lake Worth, and Ft. Pierce",2005.0,10.0,True,True
258,2005,2005-10-24 20:00:00,2005-11-02 16:30:00,212.5,303795.0,400.0,MAAC,Hurricane Wilma,,"Maryland, North Central West Virginia, Southwestern Pennsylvania, and Northern Pennsylvania",2005.0,10.0,True,True
259,2005,2005-11-03 18:47:00,2005-11-03 19:00:00,0.21666666666666667,,136.0,WECC,Plant Tripped,,"San Francisco Bay area, California",2005.0,11.0,True,False
260,2005,2005-11-06 07:30:00,2005-11-11 23:30:00,136.0,118000.0,212.0,ECAR,Severe Thunderstorm,,Southeast Michigan,2005.0,11.0,True,True
261,2005,2005-11-12 16:00:00,2005-11-14 18:00:00,50.0,48000.0,10.0,MAIN,Severe Thunderstorms,,Southeast Wisconsin,2005.0,11.0,True,True
262,2005,2005-11-12 23:00:00,2005-11-14 23:59:00,48.983333333333334,272355.0,408.0,ECAR,Severe Thunderstorm,,Western and Central portions of Michigan's Lower Peninsula,2005.0,11.0,True,True
263,2005,2005-12-15 04:00:00,2005-12-21 17:00:00,157.0,683000.0,3500.0,SERC,Ice Storm,,Piedmont North Carolina and South Carolina,2005.0,12.0,True,True
264,2005,2005-12-15 05:05:00,2005-12-16 12:10:00,31.083333333333332,52659.0,75.0,SERC,Ice Storm,,Northeast Georgia,2005.0,12.0,True,True
265,2005,2005-12-31 06:00:00,2006-01-05 09:00:00,123.0,1667316.0,800.0,WECC,Severe Storms,,Northern and Central California,2005.0,12.0,True,True
266,2006,2006-01-14 15:45:00,2006-01-16 17:30:00,49.75,142315.0,,RFC,High Winds,,"Chester, Montgomery, Delaware, Philadelphia and Bucks Counties, Pennsylvania",2006.0,1.0,True,True
267,2006,2006-01-18 15:16:00,2006-01-18 18:34:00,3.3,63000.0,75.0,NPCC,Severe Storm,,Southern and Central Maine,2006.0,1.0,True,True
268,2006,2006-02-04 01:34:00,2006-02-06 00:01:00,46.45,123827.0,150.0,WECC,Strong Winds,,"Snohomish County, Washington",2006.0,2.0,True,True
269,2006,2006-02-04 04:30:00,2006-02-08 08:00:00,99.5,140000.0,,WECC,Severe Windstorm,,Western Washington,2006.0,2.0,True,True
270,2006,2006-02-11 21:00:00,2006-02-14 23:00:00,74.0,180000.0,500.0,RFC,Major Snow Storm,,Baltimore Metropolitan and Central Maryland,2006.0,2.0,True,True
271,2006,2006-02-12 00:06:00,2006-02-14 17:44:00,65.63333333333334,60000.0,300.0,RFC,Major Snow Storm,,"Washington DC, Montgomery and Prince Georges Counties MD",2006.0,2.0,True,True
272,2006,2006-02-12 02:00:00,2006-02-14 16:00:00,62.0,130000.0,80.0,RFC,Winter Snow/Ice Storm,,Entire Atlantic City Electric territory Southern New Jersey,2006.0,2.0,True,True
273,2006,2006-02-12 02:00:00,2006-02-13 07:00:00,29.0,58000.0,50.0,RFC,Winter Snow/Ice Storm,,Entire Delmarva Power service territory,2006.0,2.0,True,True
274,2006,2006-02-12 05:55:00,2006-02-12 14:00:00,8.083333333333334,126000.0,250.0,RFC,Severe Snow Storm,,Northern and Northwestern Virginia,2006.0,2.0,True,True
275,2006,2006-02-16 12:00:00,2006-02-20 23:00:00,107.0,252089.0,100.0,RFC,Severe Thunderstorm/ Snow/Ice Storm,,"Muskegon, Michigan easterly to Bay City, Michigan",2006.0,2.0,True,True
276,2006,2006-02-16 00:00:00,,,0.0,1650.0,MRO,Fuel Supply - Deficiency Coal Rail Transportation Interruption,,North Dakota,2006.0,2.0,False,True
277,2006,2006-02-17 04:32:00,2006-02-17 12:00:00,7.466666666666667,200000.0,250.0,NPCC,Severe Weather,,Upstate New York,2006.0,2.0,True,True
278,2006,2006-02-18 08:50:00,2006-02-18 16:09:00,7.316666666666666,,428.0,WECC,Inadequate Electric Resources to Serve Load,,Colorado,2006.0,2.0,True,False
279,2006,2006-02-27 18:25:00,2006-03-01 14:30:00,44.083333333333336,160000.0,,WECC,Severe Winter Storm,,Northern and Central California,2006.0,2.0,True,True
280,2006,2006-03-09 14:00:00,2006-03-09 22:00:00,8.0,73000.0,,SERC,Severe Weather,,"Arkansas, Mississippi, Louisiana, Southeast Texas",2006.0,3.0,True,True
281,2006,2006-03-12 20:30:00,2006-03-14 12:00:00,39.5,65400.0,200.0,RFC,Severe Weather,,"Springfield, Illinois and vicinity",2006.0,3.0,True,True
282,2006,2006-04-02 21:00:00,2006-04-05 04:25:00,55.416666666666664,186000.0,1000.0,RFC,Major Storms/Tornadoes,,Southern half of Indiana,2006.0,4.0,True,True
283,2006,2006-04-07 08:43:00,2006-04-07 09:29:00,0.7666666666666667,54700.0,116.0,PR,Voltage Reduction/Load Shed,,Island of Puerto Rico,2006.0,4.0,True,True
284,2006,2006-04-08 04:00:00,2006-04-08 11:00:00,7.0,115589.0,300.0,SERC,Severe Weather/ Tornadoes,,North and Central Alabama and Northern Georgia areas,2006.0,4.0,True,True
285,2006,2006-04-17 15:25:00,2006-04-17 19:30:00,4.083333333333333,200000.0,1000.0,ERCOT,Load Shed/Declared EECP,,ERCOT Region of Texas,2006.0,4.0,True,True
286,2006,2006-04-17 16:10:00,2006-04-17 18:11:00,2.0166666666666666,68000.0,260.0,ERCOT,Load Shed/Made Public Appeals/Rolling Blackouts,,System-wide greater Houston metro area (and across ERCOT),2006.0,4.0,True,True
287,2006,2006-04-17 16:11:00,2006-04-17 19:20:00,3.15,489478.0,380.0,ERCOT,Load Shed/ Declared EECP,,North and East Texas,2006.0,4.0,True,True
288,2006,2006-04-17 16:20:00,2006-04-17 18:30:00,2.1666666666666665,8000.0,38.5,ERCOT,Load Shed/Made Public Appeals/Rolling Blackouts,,State of Texas (all of Austin Energy),2006.0,4.0,True,True
289,2006,2006-04-17 16:35:00,2006-04-17 18:10:00,1.5833333333333333,51404.0,108.0,ERCOT,Load Shed/Declared EECP,,AEP Texas Central/Texas North,2006.0,4.0,True,True
290,2006,2006-04-21 07:00:00,2006-04-21 10:00:00,3.0,82000.0,219.0,ERCOT,Severe Weather,,System-wide greater Houston metro area,2006.0,4.0,True,True
291,2006,2006-04-29 14:55:00,2006-04-29 15:45:00,0.8333333333333334,164105.0,237.0,PR,Lightning Storm,,Island of Puerto Rico,2006.0,4.0,True,True
292,2006,2006-05-03 15:30:00,2006-05-03 21:35:00,6.083333333333333,55655.0,300.0,WECC,Transmission Equipment Failure/Fire,,City of Bakersfield area,2006.0,5.0,True,True
293,2006,2006-05-04 14:12:00,2006-05-04 14:45:00,0.55,94639.0,140.0,PR,Load Shed,,Island of Puerto Rico,2006.0,5.0,True,True
294,2006,2006-05-19 15:13:00,2006-05-19 22:30:00,7.283333333333333,,133.0,WECC,Lightning Strike,,"San Francisco Bay area, California",2006.0,5.0,True,False
295,2006,2006-05-25 19:50:00,2006-05-27 09:00:00,37.166666666666664,210000.0,800.0,RFC,Severe Weather,,"Southwest Ohio, Northern Kentucky, Central Indiana",2006.0,5.0,True,True
296,2006,2006-06-01 14:12:00,2006-06-01 18:09:00,3.95,29300.0,120.0,HECO,Load Shed,,Island of Oahu,2006.0,6.0,True,True
297,2006,2006-06-01 18:00:00,2006-06-03 09:00:00,39.0,111555.0,,RFC,Severe Weather,,"Chester, Montgomery, Delaware, Philadelphia and Bucks Counties, Pennsylvania",2006.0,6.0,True,True
298,2006,2006-06-01 18:30:00,2006-06-03 14:00:00,43.5,70000.0,335.0,RFC,Severe Thunderstorms,,Central Maryland,2006.0,6.0,True,True
299,2006,2006-06-11 18:00:00,2006-06-11 21:00:00,3.0,72000.0,70.0,SERC,Severe Thunderstorm,,"Charlotte, North Carolina Metropolitan area",2006.0,6.0,True,True
300,2006,2006-06-22 14:00:00,2006-06-27 23:00:00,129.0,195000.0,750.0,RFC,Severe Thunderstorms,,Ohio and Indiana,2006.0,6.0,True,True
301,2006,2006-07-02 18:39:00,2006-07-03 00:31:00,5.866666666666666,75000.0,300.0,RFC,Severe Thunderstorms,,Northern Virginia,2006.0,7.0,True,True
302,2006,2006-07-04 17:30:00,2006-07-04 20:18:00,2.8,67000.0,335.0,SERC,Severe Thunderstorms,,Northern Virginia,2006.0,7.0,True,True
303,2006,2006-07-16 14:00:00,2006-07-21 00:00:00,106.0,315000.0,150.0,RFC,Severe Lightning Storms,,Middle 1/3 of Michigan Lower Peninsula,2006.0,7.0,True,True
304,2006,2006-07-17 18:50:00,2006-07-25 03:06:00,176.26666666666668,25000.0,,NPCC,Severe Weather/Public Appeals Made/Voltage Reduction,,"Northwest Queens, New York City",2006.0,7.0,True,True
305,2006,2006-07-17 21:00:00,2006-07-18 09:00:00,12.0,170519.0,,RFC,Severe Lightning Storms,,Northern Counties of Illinois,2006.0,7.0,True,True
306,2006,2006-07-18 18:36:00,2006-07-23 23:59:00,125.38333333333334,492955.0,,RFC,Severe Lightning Storms,,"Chester, Montgomery, Delaware, Philadelphia and Bucks Counties, Pennsylvania",2006.0,7.0,True,True
307,2006,2006-07-18 20:07:00,2006-07-18 22:32:00,2.4166666666666665,0.0,0.0,NPCC,Lightning Storms/Tripped Lines,,"Norwalk, Stamford, Connecticut",2006.0,7.0,True,True
308,2006,2006-07-19 11:00:00,2006-07-19 17:54:00,6.9,8000.0,40.0,SERC,Load Reduction/Public Appeals Made,,"Greater Little Rock, Arkansas",2006.0,7.0,True,True
309,2006,2006-07-19 18:00:00,2006-07-31 08:00:00,278.0,700000.0,1500.0,MRO,Severe Storms (3) (Many customers experienced multiple outages.),,Greater St. Louis Metropolitan area (Missouri and Illinois),2006.0,7.0,True,True
310,2006,2006-07-22 13:09:00,2006-07-27 16:00:00,122.85,1271893.0,200.0,WECC,Widespread Heat Wave/Public Appeals Made,,California,2006.0,7.0,True,True
311,2006,2006-07-24 14:33:00,2006-07-24 17:33:00,3.0,1.0,414.0,WECC,Widespread Heat Wave/CAISO Implementation of Stage 2 Electrical Emergency Plan,,California,2006.0,7.0,True,True
312,2006,2006-07-24 14:33:00,2006-07-24 17:33:00,3.0,,695.0,WECC,Widespread Heat Wave/CAISO  Implementation of Stage 2 Electrical Emergency Plan,,California,2006.0,7.0,True,False
313,2006,2006-07-27 18:38:00,2006-07-29 21:36:00,50.96666666666667,167564.0,,RFC,Severe Thunderstorms,,"Chester, Montgomery, Delaware, Philadelphia and Bucks Counties, Pennsylvania",2006.0,7.0,True,True
314,2006,2006-08-01 12:00:00,2006-08-01 19:00:00,7.0,,,RFC,Made Public Appeals/Heat Wave,,Northern Ohio,2006.0,8.0,True,False
315,2006,2006-08-01 13:00:00,2006-08-01 20:30:00,7.5,,90.0,RFC,Made Public Appeals,,"Ohio, Indiana, Kentucky",2006.0,8.0,True,False
316,2006,2006-08-02 12:00:00,2006-08-02 16:45:00,4.75,,,MRO,Declared Energy Emergency Alert 2/Heat Wave,,"Midwest ISO's Market Sub-regions:  AMRN, CIN, CILC, CWLD, CWLP, FE, HE, IP, IPL, LGEE, MECS, NIPS, SIGE, SIPC",2006.0,8.0,True,False
317,2006,2006-08-02 13:00:00,2006-08-02 16:35:00,3.5833333333333335,,,NPCC,System Wide Voltage Reduction,,New England,2006.0,8.0,True,False
318,2006,2006-08-02 19:00:00,2006-08-03 01:00:00,6.0,77000.0,120.0,NPCC,Severe Thunderstorms,,New England,2006.0,8.0,True,True
319,2006,2006-08-03 14:16:00,2006-08-03 14:46:00,0.5,227480.0,369.0,PR,Shed Firm Load,,Island of Puerto Rico,2006.0,8.0,True,True
320,2006,2006-08-07 13:00:00,2006-08-07 18:00:00,5.0,,75.0,RFC,Made Public Appeals,,"Tulsa, Oklahoma",2006.0,8.0,True,False
321,2006,2006-08-10 20:00:00,2006-08-12 12:00:00,40.0,65000.0,80.0,WECC,Severe Thunderstorm,,Southwest Idaho and Eastern Oregon,2006.0,8.0,True,True
322,2006,2006-08-24 21:58:00,2006-08-24 23:25:00,1.45,106000.0,180.0,PR,Shed Firm Load/Reduced Voltage,,Island of Puerto Rico,2006.0,8.0,True,True
323,2006,2006-09-01 05:30:00,2006-09-01 10:00:00,4.5,61000.0,,SERC,Tropical Storm Ernesto,,Eastern North Carolina,2006.0,9.0,True,True
324,2006,2006-09-01 06:41:00,2006-09-03 15:25:00,56.733333333333334,333000.0,500.0,SERC,Tropical Storm Ernesto,,Virginia and North Carolina,2006.0,9.0,True,True
325,2006,2006-09-01 10:00:00,2006-09-04 14:00:00,76.0,105000.0,380.0,RFC,Tropical Storm Ernesto,,Southern Delmarva Peninsula,2006.0,9.0,True,True
326,2006,2006-09-01 15:00:00,2006-09-04 23:00:00,80.0,146094.0,,RFC,Tropical Storm Ernesto,,"Chester, Montgomery, Delaware, Philadelphia and Bucks Counties, Pennsylvania",2006.0,9.0,True,True
327,2006,2006-09-01 20:00:00,2006-09-04 17:00:00,69.0,100000.0,400.0,RFC,Tropical Storm Ernesto,,Southern New Jersey Counties,2006.0,9.0,True,True
328,2006,2006-09-14 08:56:00,2006-09-14 09:08:00,0.2,34716.0,59.0,PR,Shed Firm Load/ Reduced Voltage,,Island of Puerto Rico,2006.0,9.0,True,True
329,2006,2006-09-28 20:08:00,2006-09-28 22:10:00,2.033333333333333,56500.0,84.0,SERC,Severe Thunderstorms,,"North, Central and Eastern Virginia and Northern North Carolina",2006.0,9.0,True,True
330,2006,2006-10-02 14:00:00,2006-10-03 18:00:00,28.0,471932.0,,RFC,Severe Thunderstorms,,"Chicago Metro, Northeast Illinois",2006.0,10.0,True,True
331,2006,2006-10-02 15:05:00,2006-10-02 20:39:00,5.566666666666666,130000.0,308.0,WECC,Shed Firm Load,,"Newhall, San Frenando, Saugus, and Santa Clarita, California",2006.0,10.0,True,True
332,2006,2006-10-03 17:28:00,2006-10-03 21:59:00,4.516666666666667,,339.0,ERCOT,Shed Firm Load,,"Grimes, Robertson, Fort Bend, Brazos, Burleson and Walker Counties",2006.0,10.0,True,False
333,2006,2006-10-12 17:48:00,2006-10-23 00:00:00,246.2,250000.0,600.0,NPCC,Snow Storm,,Western New York State,2006.0,10.0,True,True
334,2006,2006-10-12 20:00:00,2006-10-21 23:00:00,219.0,120000.0,353.0,NPCC,Snow Storm,,Western New York State,2006.0,10.0,True,True
335,2006,2006-10-15 07:09:00,2006-10-15 16:12:00,9.05,59886.0,110.0,MECO,Earthquakes,,Island of Maui,2006.0,10.0,True,True
336,2006,2006-10-15 07:09:00,2006-10-16 14:55:00,31.766666666666666,291000.0,1170.0,HECO,Earthquakes,,Island of Oahu,2006.0,10.0,True,True
337,2006,2006-10-20 13:00:00,2006-10-22 17:00:00,52.0,90000.0,,RFC,High Winds,,"Chester, Montgomery, Delaware, Philadelphia and Bucks Counties, Pennsylvania",2006.0,10.0,True,True
338,2006,2006-10-26 05:30:00,2006-10-27 17:10:00,35.666666666666664,65000.0,,MRO,Wet Snow/Winds,,"Metro Denver and Boulder, Colorado",2006.0,10.0,True,True
339,2006,2006-11-15 10:00:00,2006-11-15 20:00:00,10.0,83000.0,221.0,ERCOT,High Winds,,System-wide greater Houston area,2006.0,11.0,True,True
340,2006,2006-11-15 13:00:00,2006-11-19 02:35:00,85.58333333333333,50000.0,50.0,WECC,High Winds,,"Whatcom and Skagit Counties, Washington",2006.0,11.0,True,True
341,2006,2006-11-15 15:00:00,2006-11-15 17:00:00,2.0,109000.0,363.0,SERC,Severe Weather,,Georgia,2006.0,11.0,True,True
342,2006,2006-11-26 13:00:00,2006-12-02 18:00:00,149.0,63992.0,180.0,WECC,Wind/Snow Storm,,"Snohomish County, Washington",2006.0,11.0,True,True
343,2006,2006-11-30 21:00:00,2006-12-09 18:00:00,213.0,550000.0,,MRO,Ice Storm,,Missouri and Illinois,2006.0,11.0,True,True
344,2006,2006-12-01 18:20:00,2006-12-02 06:00:00,11.666666666666666,59106.0,,RFC,Wind Storm,,Ohio,2006.0,12.0,True,True
345,2006,2006-12-10 19:35:00,2006-12-10 22:14:00,2.65,,220.0,WECC,Unit Tripped,,"San Francisco Bay area, California",2006.0,12.0,True,False
346,2006,2006-12-13 04:30:00,2006-12-28 23:59:00,379.48333333333335,700000.0,,WECC,Wind Storm,,Western Washington,2006.0,12.0,True,True
347,2006,2006-12-14 00:01:00,2006-12-15 08:00:00,31.983333333333334,175000.0,750.0,WECC,Wind Storm,,"City of Seattle, Washington",2006.0,12.0,True,True
348,2006,2006-12-14 05:30:00,2006-12-20 22:00:00,160.5,172060.0,360.0,WECC,Wind Storm,,"Snohomish County, Washington",2006.0,12.0,True,True
349,2006,2006-12-14 09:44:00,2006-12-31 14:34:00,412.8333333333333,24.0,258.0,WECC,Wind Storm,,"Oregon, Washington, Idaho, Montana",2006.0,12.0,True,True
350,2006,2006-12-14 12:07:00,2006-12-17 12:00:00,71.88333333333334,111000.0,,WECC,HIgh Winds,,State of Oregon Coastal area,2006.0,12.0,True,True
351,2006,2006-12-14 17:00:00,2006-12-16 16:00:00,47.0,75000.0,280.0,WECC,High Winds,,"Greater Tacoma area (City of Fircrest, University Place, City of Lakeland) and portions of South Pierce County in State of Washington",2006.0,12.0,True,True
352,2006,2006-12-14 19:00:00,2006-12-17 20:00:00,73.0,249500.0,,WECC,High Winds,,"Oregon Counties: Multnomah, Clackamas, Washington, Marion",2006.0,12.0,True,True
353,2006,2006-12-16 19:30:00,2006-12-17 01:00:00,5.5,84500.0,350.0,WECC,Transmission Equipment/Fire,,"Oregon Counties:  Washington, Yamhill",2006.0,12.0,True,True
354,2006,2006-12-26 00:01:00,2006-12-31 09:13:00,129.2,850068.0,420.0,WECC,Severe Weather,,Northern California,2006.0,12.0,True,True
355,2006,2006-12-29 16:25:00,2006-12-31 18:59:00,50.56666666666667,18386.0,50.0,PR,Main Power Transformer Failure/Voltage Reduction/Fire,,North Part of the Island,2006.0,12.0,True,True
356,2006,2006-12-30 22:25:00,2007-01-06 14:25:00,160.0,15000.0,400.0,MRO,Severe Weather,,"Gosper, Harlan, Franklin, Webster, Clay, Adams, Kearney, Phelps, Dawson, Buffalo, Hall, Hamilton, Sherman, Custer, Valley, Greeley, Howard, Merrick, York, Fillmore, Nance, Boone, Wheeler, Madison, Antelope, Pierce, Platte and Seward Counties in Central Nebraska",2006.0,12.0,True,True
357,2007,2007-01-05 10:44:00,2007-01-05 11:13:00,0.48333333333333334,0.0,0.0,PR,Voltage Reduction,,Island of Puerto Rico,2007.0,1.0,True,True
358,2007,2007-01-13 05:00:00,2007-01-19 12:00:00,151.0,225000.0,,MRO,Ice Storm,,Missouri and Illinois,2007.0,1.0,True,True
359,2007,2007-01-13 07:30:00,2007-01-19 16:00:00,152.5,129607.0,500.0,RFC,Ice Storm,,Eastern and Lower Michigan,2007.0,1.0,True,True
360,2007,2007-01-16 02:00:00,2007-01-17 00:00:00,22.0,110433.0,260.0,WECC,Major Windstorm,,"Snohomish County, Washington",2007.0,1.0,True,True
361,2007,2007-02-13 14:00:00,2007-02-16 00:00:00,58.0,367500.0,250.0,RFC,Ice/Wind Storm,,Indiana and Southwest Ohio,2007.0,2.0,True,True
362,2007,2007-02-13 17:00:00,2007-02-17 05:30:00,84.5,155183.0,400.0,RFC,Winter Storm,,Central Maryland,2007.0,2.0,True,True
363,2007,2007-02-24 16:00:00,2007-03-04 00:57:00,176.95,75000.0,210.0,MRO,Ice Storm,,"NE quarter of State of Iowa and Rock Island, Illinois",2007.0,2.0,True,True
364,2007,2007-02-24 18:00:00,2007-02-24 23:47:00,5.783333333333333,140000.0,400.0,MRO,Ice Storm,,Central Iowa and Cedar Rapids areas,2007.0,2.0,True,True
365,2007,2007-02-24 19:23:00,2007-02-25 00:47:00,5.4,215000.0,750.0,RFC,Ice Storm,,"Cedar Rapids, Iowa",2007.0,2.0,True,True
366,2007,2007-02-28 00:45:00,2007-03-02 20:45:00,68.0,671189.0,110.0,WECC,Winter Storm,,Northern California,2007.0,2.0,True,True
367,2007,2007-03-01 21:40:00,2007-03-02 23:30:00,25.833333333333332,25445.0,95.0,SERC,Major Storm,,"Parts of Alabama, Mississippi, Georgia, Florida",2007.0,3.0,True,True
368,2007,2007-03-31 07:30:00,2007-03-31 19:00:00,11.5,67000.0,179.0,ERCOT,Severe Thunderstorms,,"Houston, Texas",2007.0,3.0,True,True
369,2007,2007-04-05 21:20:00,2007-04-06 13:10:00,15.833333333333334,117142.0,,NPCC,Heavy Snow Storm,,Southern and Coastal Maine,2007.0,4.0,True,True
370,2007,2007-04-12 00:32:00,2007-04-12 21:02:00,20.5,158977.0,200.0,WECC,High Winds,,"City of Los Angeles, California",2007.0,4.0,True,True
371,2007,2007-04-12 09:09:00,2007-04-12 11:23:00,2.2333333333333334,,130.0,WECC,Trip of a Unit,,"San Francisco Bay Area, California",2007.0,4.0,True,False
372,2007,2007-04-14 09:00:00,2007-04-14 11:00:00,2.0,70000.0,72.5,NPCC,High Winds,,"Massachusetts, New Hampshire, Rhode Island",2007.0,4.0,True,True
373,2007,2007-04-16 08:00:00,2007-04-16 19:00:00,11.0,102568.0,,NPCC,Severe Thunderstorms,,New Hampshire,2007.0,4.0,True,True
374,2007,2007-04-16 10:14:00,2007-04-18 22:18:00,60.06666666666667,127545.0,,NPCC,Heavy Snow Storm,,Southern and Coastal Maine,2007.0,4.0,True,True
375,2007,2007-04-16 11:00:00,2007-04-16 19:00:00,8.0,33000.0,,SERC,HIgh Winds,,North and South Carolina,2007.0,4.0,True,True
376,2007,2007-04-16 14:00:00,2007-04-18 17:00:00,51.0,138000.0,160.0,RFC,Severe Thunderstorms,,Central Maryland - Baltimore City and surrounding Counties,2007.0,4.0,True,True
377,2007,2007-04-16 14:04:00,2007-04-16 19:03:00,4.983333333333333,242000.0,90.0,SERC,High Winds,,"North, East and Central Virginia/Parts of Northeast North Carolina",2007.0,4.0,True,True
378,2007,2007-05-02 13:30:00,2007-05-03 20:00:00,30.5,300000.0,,ERCOT,Severe Storms,,"North Texas, Dallas Fort Worth Metroplex and Surrounding Counties, South to Waco and North to Red River",2007.0,5.0,True,True
379,2007,2007-05-10 09:57:00,2007-05-10 13:47:00,3.8333333333333335,,150.0,WECC,Unit Tripped,,"San Francisco Bay Area, California",2007.0,5.0,True,False
380,2007,2007-05-14 11:15:00,2007-05-14 13:50:00,2.5833333333333335,,150.0,WECC,Unit Tripped,,"San Francisco Bay Area, California",2007.0,5.0,True,False
381,2007,2007-05-15 15:00:00,2007-05-17 07:00:00,40.0,66000.0,500.0,RFC,Severe Thunderstorms,,Southeastern Michigan,2007.0,5.0,True,True
382,2007,2007-05-16 18:00:00,2007-05-19 05:00:00,59.0,67000.0,,NPCC,Severe Storm,,All of Connecticut,2007.0,5.0,True,True
383,2007,2007-05-21 13:48:00,2007-05-21 16:50:00,3.033333333333333,,140.0,WECC,Unit Tripped,,"San Franscisco Bay Area, California",2007.0,5.0,True,False
384,2007,2007-06-01 13:00:00,,,,,WECC,Fuel Supply Deficiency,,Restricted Hydroelectric Capability,2007.0,6.0,False,False
385,2007,2007-06-05 10:56:00,2007-06-05 11:51:00,0.9166666666666666,80000.0,424.0,WECC,Load Shedding,,Southwest Idaho and Eastern Oregon,2007.0,6.0,True,True
386,2007,2007-06-27 15:41:00,2007-06-27 16:30:00,0.8166666666666667,137000.0,460.0,NPCC,Lightning,,"Northern Manhattan NY (Yorkville) and SW Bronx (Motthaven, Melrose, High Bridge Sections)",2007.0,6.0,True,True
387,2007,2007-06-27 15:42:00,2007-06-27 16:30:00,0.8,,460.0,NPCC,Loss of Load,,New York State,2007.0,6.0,True,False
388,2007,2007-06-29 09:23:00,2007-06-29 10:09:00,0.7666666666666667,98700.0,399.0,WECC,Loss of Load,,Metropolitan Phoenix Area,2007.0,6.0,True,True
389,2007,2007-07-03 10:59:00,2007-07-05 18:00:00,55.016666666666666,,,WECC,Public Appeal,,CAISO Controlled Grid,2007.0,7.0,True,False
390,2007,2007-07-05 19:00:00,2007-07-08 07:00:00,60.0,69000.0,,RFC,Severe Storm,,Southeastern Michigan,2007.0,7.0,True,True
391,2007,2007-07-06 17:18:00,2007-07-06 18:20:00,1.0333333333333334,0.0,60.0,WECC,Electrical Separation/Load Shedding/Made Public Appeal,,Southeast Idaho and Eastern Oregon,2007.0,7.0,True,True
392,2007,2007-07-10 11:00:00,2007-07-12 06:00:00,43.0,300000.0,650.0,NPCC,Major Storms,,Eastern New York,2007.0,7.0,True,True
393,2007,2007-07-16 16:17:00,2007-07-16 21:00:00,4.716666666666667,,306.0,WECC,Fire/Load Shedding,,"St. George, Utah",2007.0,7.0,True,False
394,2007,2007-07-18 18:00:00,2007-07-19 02:00:00,8.0,135000.0,300.0,RFC,Severe Weather,,Northern Counties of Illinois,2007.0,7.0,True,True
395,2007,2007-07-19 15:00:00,2007-07-22 23:30:00,80.5,60000.0,,RFC,Major Storm,,Southwestern Region of Service Territory,2007.0,7.0,True,True
396,2007,2007-07-19 15:50:00,2007-07-19 22:15:00,6.416666666666667,107000.0,72.0,SERC,Major Storms,,"North, East and Central Virginia",2007.0,7.0,True,True
397,2007,2007-08-08 13:00:00,2007-08-08 21:00:00,8.0,,,SERC,Made Public Appeal,,Portions of North Carolina and South Carolina,2007.0,8.0,True,False
398,2007,2007-08-08 15:56:00,2007-08-08 17:59:00,2.05,,,RFC,Voltage Reduction/Made Public Appeal,,Mid-Altantic Region of PJM,2007.0,8.0,True,False
399,2007,2007-08-09 12:45:00,2007-08-09 21:00:00,8.25,,,SERC,Made Public Appeal,,Portions of North Carolina and South Carolina,2007.0,8.0,True,False
400,2007,2007-08-09 14:53:00,2007-08-09 16:11:00,1.3,55000.0,90.0,RFC,Severe Thunderstorms,,"Highland Area of Pittsburgh, Pennsylvania",2007.0,8.0,True,True
401,2007,2007-08-10 12:20:00,2007-08-10 21:00:00,8.666666666666666,,,SERC,Made Public Appeal,,Portions of North Carolina and South Carolina,2007.0,8.0,True,False
402,2007,2007-08-13 01:30:00,2007-08-14 00:00:00,22.5,63000.0,,SERC,Severe Thunderstorm,,State of Missouri,2007.0,8.0,True,True
403,2007,2007-08-14 14:00:00,2007-08-14 18:00:00,4.0,,20.0,SPP,Declared Energy Emergency Alert2/Heat Wave,,"CSWS Control Area of Southwest Power Pool Parts of Oklahoma, Texas, Louisiana, Arkansas",2007.0,8.0,True,False
404,2007,2007-08-16 21:30:00,2007-08-17 22:49:00,25.316666666666666,93300.0,200.0,SERC,Severe Weather,,Virginia and Eastern North Carolina - Primarily in Central Virginia,2007.0,8.0,True,True
405,2007,2007-08-19 23:34:00,2007-08-20 01:10:00,1.6,58500.0,100.0,SERC,Severe Thunderstorms,,Central and Eastern Virginia,2007.0,8.0,True,True
406,2007,2007-08-23 16:00:00,2007-08-28 22:49:00,126.81666666666666,629590.0,,RFC,Severe Storms,,Northern Illinois,2007.0,8.0,True,True
407,2007,2007-08-24 18:00:00,2007-08-28 06:30:00,84.5,75000.0,,RFC,Severe Storm,,Southeastern Michigan,2007.0,8.0,True,True
408,2007,2007-08-29 13:53:00,2007-08-29 14:57:00,1.0666666666666667,26000.0,180.0,WECC,Shed Load,,Modesto California and the Surrounding Areas,2007.0,8.0,True,True
409,2007,2007-08-29 16:00:00,2007-08-30 18:00:00,26.0,,,WECC,Made Public Appeal,,CAISO Controlled Grid,2007.0,8.0,True,False
410,2007,2007-08-31 12:45:00,2007-08-31 20:00:00,7.25,,,WECC,Declared Energy Emergency Alert 1/Heat wave,,CAISO Controlled Grid,2007.0,8.0,True,False
411,2007,2007-09-03 12:30:00,2007-09-03 17:30:00,5.0,,,WECC,High Temperatures/Made Public Appeals,,"San Diego County, Southern Orange County, California",2007.0,9.0,True,False
412,2007,2007-09-04 08:30:00,2007-09-04 15:30:00,7.0,,,WECC,High Temperatures/Made Public Appeals,,"San Diego County, Southern Orange County, California",2007.0,9.0,True,False
413,2007,2007-09-05 07:53:00,2007-09-05 13:11:00,5.3,,1084.0,ERCOT,Severe Weather/Transmission Fault-Units Tripped,,"Central Texas, ERCOT Grid",2007.0,9.0,True,False
414,2007,2007-09-06 20:00:00,,,,,WECC,Fuel Supply Deficiency,,Hydro Electric System,2007.0,9.0,False,False
415,2007,2007-09-13 04:00:00,2007-09-14 07:00:00,27.0,118000.0,,SPP,Hurricane Humberto,,"Between Galveston and Beaumont, Texas",2007.0,9.0,True,True
416,2007,2007-09-17 19:01:00,2007-09-17 19:48:00,0.7833333333333333,9600.0,50.0,RFC,Electrical System Separation,,"City of Crawfordsville, Indiana",2007.0,9.0,True,True
417,2007,2007-09-18 05:14:00,2007-09-18 06:10:00,0.9333333333333333,6000.0,16.0,MRO,Electrical System Separation/Load Shedding/ Implemented Emergency Alert/Severe Storms,,"Minnesota, Wisconsin, North Dakota, South Dakota and Michigan",2007.0,9.0,True,True
418,2007,2007-09-18 05:15:00,2007-09-18 06:30:00,1.25,1900.0,8000.0,MRO,Electrical System Separation/Load Shedding/ Implemented Emergency Alert/Severe Storms,,"Minnesota, North Dakota, Manitoba",2007.0,9.0,True,True
419,2007,2007-09-18 05:15:00,2007-09-19 00:00:00,18.75,11175.0,8000.0,RFC,Electrical System Separation/Load Shedding/ Implemented Emergency Alert/ Severe Storms,,"Manitoba, Minnesota, North Dakota, Portions of South Dakota and Wisconsin.  Midwest ISO's Market subregions: OTP, NSP, GRE, ALTW, MP",2007.0,9.0,True,True
420,2007,2007-09-24 13:38:00,2007-09-24 16:26:00,2.8,,320.0,RFC,Unit Tripped,,Southwest Michigan,2007.0,9.0,True,False
421,2007,2007-10-18 15:00:00,2007-10-22 11:36:00,92.6,160000.0,,WECC,High Winds,,Western Washington,2007.0,10.0,True,True
422,2007,2007-10-22 14:01:00,2007-10-22 14:22:00,0.35,90323.0,451.0,WECC,Brush Fire/Load Shedding/Implemented Emergency Alert,,Southern California,2007.0,10.0,True,True
423,2007,2007-10-22 14:05:00,2007-10-22 14:22:00,0.2833333333333333,300000.0,700.0,WECC,Brush Fire/Load Shedding,,Southern California,2007.0,10.0,True,True
424,2007,2007-10-22 14:06:00,2007-10-22 14:43:00,0.6166666666666667,68780.0,199.0,WECC,Brush Fire/Load Shedding,,"San Diego County, California",2007.0,10.0,True,True
425,2007,2007-10-26 06:44:00,2007-10-26 10:46:00,4.033333333333333,20345.0,280.0,WECC,Brush Fire/Load Shedding,,Southern Califonia,2007.0,10.0,True,True
426,2007,2007-10-26 06:44:00,2007-10-26 10:43:00,3.9833333333333334,104000.0,240.0,WECC,Load Shedding,,"Riverside, California",2007.0,10.0,True,True
427,2007,2007-11-03 18:00:00,2007-11-04 06:00:00,12.0,62843.0,100.0,NPCC,Tropical Storm,,"Eastern Massachusetts, Rhode Island, Cape Cod",2007.0,11.0,True,True
428,2007,2007-12-01 18:04:00,2007-12-02 22:00:00,27.933333333333334,0.0,0.0,NPCC,Voltage Reduction/Made Public Appeal/Fuel Deficiency,,State of Maine,2007.0,12.0,True,True
429,2007,2007-12-04 14:16:00,2007-12-04 17:53:00,3.6166666666666667,0.0,0.0,PR,Voltage Reduction,,Island of Puerto Rico,2007.0,12.0,True,True
430,2007,2007-12-10 03:08:00,2007-12-19 08:00:00,220.86666666666667,256663.0,,SPP,Ice Storm,,"Tulsa, Oklahoma",2007.0,12.0,True,True
431,2007,2007-12-11 04:00:00,2007-12-20 15:30:00,227.5,95000.0,500.0,MRO,Ice Storm,,Eastern half of the State of Kansas,2007.0,12.0,True,True
432,2007,2007-12-11 20:57:00,2007-12-11 21:22:00,0.4166666666666667,0.0,0.0,PR,Voltage Reduction,,Island of Puerto Rico,2007.0,12.0,True,True
433,2007,2007-12-23 01:00:00,2007-12-23 21:00:00,20.0,237000.0,,RFC,Severe Storm,,The Entire ComEd Service Territory,2007.0,12.0,True,True
434,2007,2007-12-23 05:30:00,2007-12-25 18:07:00,60.61666666666667,134288.0,50.0,RFC,Winter Storm,,Lower 2/3 of Michigan Lower Peninsula,2007.0,12.0,True,True
435,2008,2008-01-04 04:00:00,2008-01-14 17:00:00,253.0,2606931.0,500.0,WECC,Winter Storm,,Northern California,2008.0,1.0,True,True
436,2008,2008-01-04 07:47:00,2008-01-04 16:30:00,8.716666666666667,150000.0,300.0,WECC,Severe Storm,,Sacramento County,2008.0,1.0,True,True
437,2008,2008-01-29 05:00:00,2008-01-29 12:17:00,7.283333333333333,,,WECC,Exciter Faulted,,"San Francisco Bay Area, California",2008.0,1.0,True,False
438,2008,2008-01-29 16:00:00,2008-02-03 08:00:00,112.0,110000.0,,SERC,Severe Thunderstorms,,"Arkansas, Mississippi, North Louisiana",2008.0,1.0,True,True
439,2008,2008-01-29 22:00:00,2008-02-01 18:30:00,68.5,86915.0,,RFC,Wind/Ice Storm,,Southeastern Michigan,2008.0,1.0,True,True
440,2008,2008-01-29 23:23:00,2008-01-30 00:48:00,1.4166666666666667,45000.0,380.0,RFC,High Winds,,"South Metropolitan Areas of Dayton, OHio",2008.0,1.0,True,True
441,2008,2008-01-30 03:06:00,2008-02-01 14:50:00,59.733333333333334,54316.0,50.0,NPCC,High Winds,,"Western, New York",2008.0,1.0,True,True
442,2008,2008-02-01 06:00:00,2008-02-01 07:49:00,1.8166666666666667,,,WECC,Equipment Faulted,,"San Francisco Bay Area, California",2008.0,2.0,True,False
443,2008,2008-02-02 03:58:00,2008-02-02 16:27:00,12.483333333333333,,,WECC,Equipment Faulted,,"San Francisco Bay Area, California",2008.0,2.0,True,False
444,2008,2008-02-05 22:00:00,2008-02-06 03:00:00,5.0,76000.0,,SERC,Severe Weather,,State of Kentucky,2008.0,2.0,True,True
445,2008,2008-02-06 09:00:00,2008-02-06 11:00:00,2.0,57000.0,,SERC,Severe Weather,,Mid to West Tennessee,2008.0,2.0,True,True
446,2008,2008-02-09 11:59:00,2008-02-09 15:33:00,3.566666666666667,0.0,0.0,WECC,Electrical System Separation,,"Near Arnold, California",2008.0,2.0,True,True
447,2008,2008-02-10 04:00:00,2008-02-12 20:43:00,64.71666666666667,100969.0,412.0,RFC,Severe Weather,,"Southwestern Pennsylvania, West Virginia, Virginia, Maryland",2008.0,2.0,True,True
448,2008,2008-02-10 11:00:00,2008-02-10 23:36:00,12.6,212560.0,,RFC,High Winds,,"Virginia, West Virginia, Ohio, Pennsylvania",2008.0,2.0,True,True
449,2008,2008-02-10 11:00:00,2008-02-14 17:05:00,102.08333333333333,97342.0,,RFC,High Winds,,Virginia and West Virginia Area of AEP,2008.0,2.0,True,True
450,2008,2008-02-10 14:06:00,2008-02-10 23:36:00,9.5,114618.0,170.0,SERC,High Winds,,Dominion Service Territory,2008.0,2.0,True,True
451,2008,2008-02-10 18:02:00,2008-02-11 04:00:00,9.966666666666667,50718.0,300.0,SERC,High Winds,,"Greenboro, North Carolina and I-40 Corridor",2008.0,2.0,True,True
452,2008,2008-02-12 15:00:00,2008-02-15 17:00:00,74.0,54000.0,,SERC,Severe Weather,,"Arkansas, Mississippi, Louisiana",2008.0,2.0,True,True
453,2008,2008-02-13 18:43:00,2008-02-14 12:00:00,17.283333333333335,50462.0,50.0,NPCC,Ice Storm,,State of Maine,2008.0,2.0,True,True
454,2008,2008-02-14 08:15:00,2008-02-14 10:46:00,2.5166666666666666,74031.0,2818.0,WECC,Load Shedding,,Utah,2008.0,2.0,True,True
455,2008,2008-02-15 15:06:00,2008-02-15 19:36:00,4.5,10008.0,10.0,WECC,Electrical System Separation,,"Antioch, California",2008.0,2.0,True,True
456,2008,2008-02-25 08:00:00,2008-03-12 08:00:00,384.0,0.0,,RFC,Fuel Supply Deficiency,,Restricted Coal Capability,2008.0,2.0,True,True
457,2008,2008-02-26 05:00:00,2008-02-26 15:00:00,10.0,145380.0,484.0,SERC,Thunderstorms,,Southern Service Area/Alabama and Georgia,2008.0,2.0,True,True
458,2008,2008-02-26 13:09:00,2008-02-26 14:10:00,1.0166666666666666,47661.0,140.0,FRCC,Under Frequency/Load Shedding,,Various Cities in Florida,2008.0,2.0,True,True
459,2008,2008-02-26 13:09:00,2008-02-26 14:40:00,1.5166666666666666,53965.0,318.0,FRCC,Under Frequency/Load Shedding,,Tampa Electric Service Territory,2008.0,2.0,True,True
460,2008,2008-02-26 13:09:00,2008-02-26 16:11:00,3.033333333333333,584384.0,3200.0,FRCC,Transmission Equipment Failure,,Primary Dade County Florida,2008.0,2.0,True,True
461,2008,2008-02-26 13:09:00,2008-02-26 13:47:00,0.6333333333333333,56000.0,120.0,FRCC,Shed Firm Load,,FRCC Region-West Coast Florida,2008.0,2.0,True,True
462,2008,2008-02-26 13:10:00,2008-02-26 15:45:00,2.5833333333333335,150000.0,500.0,FRCC,Under Frequency/Load Shedding,,"The entire PEF system was affected, including the following counties: Alachua, Bay, Citrus, Columbia, Dixie, Franklin, Gilchrist, Gulf, Hamilton, Hardee, Hernando, Highlands, Jefferson, Lafayette, Lake, Levy, Madison, Marion, Orange, Osecola, Pasco, Pinellas, Polk, Seminole, Sumter, Suwannee, Taylor, Volusia, Wakulla.",2008.0,2.0,True,True
463,2008,2008-03-04 21:30:00,2008-03-04 22:45:00,1.25,55267.0,300.0,SERC,Thunderstorms,,North and South Carolina,2008.0,3.0,True,True
464,2008,2008-03-08 14:14:00,2008-03-08 21:59:00,7.75,141130.0,210.0,SERC,Windstorm,,Virginia and Eastern Part of North Carolina,2008.0,3.0,True,True
465,2008,2008-03-08 16:00:00,2008-03-10 13:44:00,45.733333333333334,168449.0,,RFC,Severe Weather,,"Chester, Montgomery, Delaware, Philadelphia and Bucks County, Pennsylvania",2008.0,3.0,True,True
466,2008,2008-03-15 20:55:00,2008-03-16 20:30:00,23.583333333333332,157744.0,200.0,SERC,Major Storm,,Parts of Alabama and Georgia,2008.0,3.0,True,True
467,2008,2008-04-04 12:31:00,2008-04-04 17:00:00,4.483333333333333,122600.0,,SERC,Severe Thunderstorms,,"Arkansas, North Louisiana, Mississippi",2008.0,4.0,True,True
468,2008,2008-04-09 16:00:00,2008-04-13 01:15:00,81.25,488689.0,,TRE,Severe Weather,,"North, Central and East Texas",2008.0,4.0,True,True
469,2008,2008-05-08 10:21:00,2008-05-09 00:56:00,14.583333333333334,0.0,483.0,WECC,Load Shedding,,California,2008.0,5.0,True,True
470,2008,2008-05-11 06:00:00,2008-05-12 14:30:00,32.5,80539.0,100.0,SERC,Severe Thunderstorms,,Georgia,2008.0,5.0,True,True
471,2008,2008-05-11 16:50:00,2008-05-11 20:43:00,3.8833333333333333,9700.0,47.0,RFC,Electric System Separation,,"City of Crawfordsville, Indiana",2008.0,5.0,True,True
472,2008,2008-05-12 00:01:00,2008-05-14 00:00:00,47.983333333333334,135000.0,55.0,RFC,Severe Storm,,"Cape May, Cumberland, Gloucester, Salem, Camden, Atlantic, Burliington  Counties, New Jersey",2008.0,5.0,True,True
473,2008,2008-05-27 14:02:00,2008-05-27 15:52:00,1.8333333333333333,56400.0,130.0,NPCC,Lightning Storm,,South West Connecticut,2008.0,5.0,True,True
474,2008,2008-05-30 09:30:00,2008-05-30 23:00:00,13.5,109000.0,,RFC,Severe Storms,,Northern and Western Counties of Illinois,2008.0,5.0,True,True
475,2008,2008-05-30 14:05:00,2008-05-30 20:00:00,5.916666666666667,,225.0,SERC,"Load Shedding, Inadequate Electric Resources to Serve Load",,South Louisiana,2008.0,5.0,True,False
476,2008,2008-05-30 22:00:00,2008-06-04 23:59:00,121.98333333333333,70000.0,,RFC,Severe Thunderstorms,,"Northeastern Marion County, Indiana",2008.0,5.0,True,True
477,2008,2008-06-03 17:00:00,2008-06-07 23:00:00,102.0,157168.0,634.0,RFC,Severe Weather,,"Maryland, West Virginia, Virginia",2008.0,6.0,True,True
478,2008,2008-06-04 15:00:00,2008-06-05 01:00:00,10.0,249408.0,,RFC,Lightning Storm,,"Montgomery, Prince Georges,  Maryland, Washington, D.C.",2008.0,6.0,True,True
479,2008,2008-06-04 15:00:00,2008-06-07 05:30:00,62.5,108000.0,,RFC,Severe Storms,,Entire BGE Service Territory,2008.0,6.0,True,True
480,2008,2008-06-04 15:04:00,2008-06-05 21:30:00,30.433333333333334,253800.0,850.0,SERC,Thunderstorms,,Northern Virginia,2008.0,6.0,True,True
481,2008,2008-06-04 15:14:00,2008-06-04 15:46:00,0.5333333333333333,100948.0,90.0,PR,Load Shedding/Voltage Reduction,,Island of Puerto Rico,2008.0,6.0,True,True
482,2008,2008-06-06 15:18:00,2008-06-12 08:00:00,136.7,358000.0,100.0,RFC,Lightning Storm,,Lower 2/3 of Michigan's Lower Peninsula,2008.0,6.0,True,True
483,2008,2008-06-08 09:30:00,2008-06-09 07:00:00,21.5,125000.0,,RFC,Severe Weather,,The Entire ComEd Territory,2008.0,6.0,True,True
484,2008,2008-06-08 18:00:00,2008-06-16 23:30:00,197.5,150000.0,500.0,RFC,Severe Storm,,Southwestern Michigan (DECO Service Territory),2008.0,6.0,True,True
485,2008,2008-06-09 14:00:00,2008-06-09 19:00:00,5.0,19.0,300.0,SERC,Indequate Electric Resources to Serve Load,,Entergy System,2008.0,6.0,True,True
486,2008,2008-06-09 14:52:00,2008-06-09 20:25:00,5.55,75654.0,215.0,RFC,Fire/Breaker Failure,,"Area Around West Orange Switching Station, New Jersey",2008.0,6.0,True,True
487,2008,2008-06-10 11:00:00,2008-06-13 17:30:00,78.5,68000.0,400.0,NPCC,Severe Storm,,Upstate New York,2008.0,6.0,True,True
488,2008,2008-06-10 14:00:00,2008-06-10 18:00:00,4.0,19.0,300.0,SERC,Inadequate Electric Resources to Serve Load,,Entergy System,2008.0,6.0,True,True
489,2008,2008-06-10 18:00:00,2008-06-14 11:30:00,89.5,248800.0,,RFC,Severe Storms,,"Bergen, Essex and Hudson Counties, New Jersey",2008.0,6.0,True,True
490,2008,2008-06-10 19:00:00,2008-06-14 15:59:00,92.98333333333333,198000.0,,RFC,Severe Thunderstorms,,"Chester, Montgomery, Delaware, Philadelphia and Bucks County, Pennsylvania",2008.0,6.0,True,True
491,2008,2008-06-10 23:00:00,2008-06-11 09:00:00,10.0,60000.0,50.0,NPCC,Storm,,All Six New England States,2008.0,6.0,True,True
492,2008,2008-06-11 13:15:00,2008-06-11 14:05:00,0.8333333333333334,61000.0,200.0,NPCC,Uncontrolled Loss,,New York State,2008.0,6.0,True,True
493,2008,2008-06-12 15:30:00,2008-06-18 16:00:00,144.5,21000.0,200.0,RFC,Flooding and Uncontrolled Loss,,East Central Iowa,2008.0,6.0,True,True
494,2008,2008-06-15 08:00:00,2008-06-15 20:00:00,12.0,165000.0,,RFC,Severe Weather,,The Entire ComEd Territory,2008.0,6.0,True,True
495,2008,2008-06-15 19:06:00,2008-06-15 20:42:00,1.6,9700.0,57.0,RFC,Electrical System Separation,,"City of Crawfordsville, Indiana",2008.0,6.0,True,True
496,2008,2008-06-16 16:15:00,2008-06-16 23:19:00,7.066666666666666,115000.0,800.0,SERC,Thunderstorms,,Northern Virginia,2008.0,6.0,True,True
497,2008,2008-06-17 09:01:00,2008-06-19 20:30:00,59.483333333333334,234393.0,,TRE,Severe Thunderstorms,,"North, Central and East Texas",2008.0,6.0,True,True
498,2008,2008-06-17 20:35:00,2008-06-18 01:55:00,5.333333333333333,18000.0,560.0,SPP,Electrical System Separation/Severe Thunderstorms,,Southwestern Public Service Company Operating in the Panhandle of Texas and New Mexico,2008.0,6.0,True,True
499,2008,2008-06-17 20:40:00,2008-06-17 23:00:00,2.3333333333333335,37330.0,276.0,TRE,Thunderstorms/Uncontrolled Loss of Load,,"Texas Panhandle and Texas South Plains Regions, and Oklahoma Panhandle",2008.0,6.0,True,True
500,2008,2008-06-21 15:09:00,2008-06-21 18:53:00,3.7333333333333334,477.0,3.0,WECC,Electrical System Separation/Severe Lightning Storms,,"Near Rogers Flat, California",2008.0,6.0,True,True
501,2008,2008-06-22 16:55:00,2008-06-22 17:05:00,0.16666666666666666,,650.0,RFC,Lightning Stirke/Uncontrolled Loss of Load,,Northwest Indiana,2008.0,6.0,True,False
502,2008,2008-06-23 13:44:00,2008-06-23 13:45:00,0.016666666666666666,,425.0,RFC,Fire/Breaker Failure,,Northcentral Indiana,2008.0,6.0,True,False
503,2008,2008-06-23 16:52:00,2008-06-23 23:28:00,6.6,32593.0,113.0,FRCC,Transmission Equipment Failure/Load Shedding,,"Pinellas County, Florida",2008.0,6.0,True,True
504,2008,2008-06-26 17:00:00,2008-06-26 21:30:00,4.5,53000.0,,RFC,Thunderstorms,,Southeastern Michigan (DTE Service Territory),2008.0,6.0,True,True
505,2008,2008-06-27 16:30:00,2008-06-27 17:30:00,1.0,126000.0,650.0,MRO,Severe Wind Storm,,"Omaha, Nebraska (Metro Area)",2008.0,6.0,True,True
506,2008,2008-07-01 07:31:00,2008-07-01 12:00:00,4.483333333333333,,160.0,WECC,Unit Tripped,,"San Francisco Bay Area, California",2008.0,7.0,True,False
507,2008,2008-07-02 15:00:00,2008-07-06 12:00:00,93.0,239663.0,125.0,RFC,Severe Weather,,Lower 2/3 of Michigan's Lower Peninsula,2008.0,7.0,True,True
508,2008,2008-07-02 16:00:00,,,,,WECC,Fuel Supply Deficiency,,Restricted Hydroelectric Capability,2008.0,7.0,False,False
509,2008,2008-07-02 19:16:00,2008-07-02 23:28:00,4.2,200000.0,208.0,WECC,Wild Land Fire,,"Santa Barbara County, California, near Goleta",2008.0,7.0,True,True
510,2008,2008-07-02 19:36:00,2008-07-03 01:10:00,5.566666666666666,37784.0,119.0,WECC,Brush Fire/Lines Loss/Transmission Emergency Declared,,Goleta and Santa Barbara Areas of Southern California,2008.0,7.0,True,True
511,2008,2008-07-02 20:00:00,2008-07-03 03:00:00,7.0,56000.0,,RFC,Thunderstorms,,Southeastern Michigan (DTE Service Territory),2008.0,7.0,True,True
512,2008,2008-07-07 12:15:00,2008-07-10 17:00:00,76.75,0.0,0.0,WECC,Heat Wave/Potential Fire Threat/Made Public Appeals,,ISO Balancing Area,2008.0,7.0,True,True
513,2008,2008-07-10 14:22:00,2008-07-10 17:21:00,2.9833333333333334,,240.0,WECC,Unit Tripped,,"San Francisco Bay Area, California",2008.0,7.0,True,False
514,2008,2008-07-21 00:49:00,2008-07-22 18:00:00,41.18333333333333,185000.0,170.0,MRO,Storm,,"Sioux City, Carroll, Des Moines, Iowa City, and Davenport Iowa, Rock Island, Moline, and Surrounding Area of Illinois",2008.0,7.0,True,True
515,2008,2008-07-22 03:00:00,2008-07-24 19:32:00,64.53333333333333,58000.0,,RFC,Severe Thunderstorms,,Indiana,2008.0,7.0,True,True
516,2008,2008-07-22 03:00:00,2008-07-23 03:30:00,24.5,56000.0,,RFC,Severe Thunderstorms,,Southwest Ohio,2008.0,7.0,True,True
517,2008,2008-07-22 14:00:00,2008-07-24 05:09:00,39.15,,,SPP,Indequate Electric Resources to Serve Load/Public Appeal,,Texas Panhandle and Southeastern New Mexico,2008.0,7.0,True,False
518,2008,2008-07-23 05:56:00,2008-07-31 04:00:00,190.06666666666666,211266.0,703.0,TRE,Hurricane Dolly,,"Port Isabel, Harlingen, Weslaco, Pharr, San Benito, Mission, McAllen, Edinburg, Texas",2008.0,7.0,True,True
519,2008,2008-07-24 07:23:00,2008-07-24 17:41:00,10.3,110000.0,180.0,NPCC,Electric System Separation/Severe Lightning Storms,,"Bangor Hydro System, northern Maine",2008.0,7.0,True,True
520,2008,2008-08-02 20:00:00,2008-08-03 05:30:00,9.5,131115.0,400.0,SERC,Severe Thunderstorms,,Georgia and Alabama,2008.0,8.0,True,True
521,2008,2008-08-03 01:30:00,2008-08-03 04:15:00,2.75,59500.0,,SERC,Severe Thunderstorms,,"Mississippi, Louisiana, Texas",2008.0,8.0,True,True
522,2008,2008-08-04 18:00:00,2008-08-06 08:00:00,38.0,653000.0,,RFC,Severe Weather,,The ComEd Territory,2008.0,8.0,True,True
523,2008,2008-08-05 03:00:00,2008-08-05 09:50:00,6.833333333333333,63000.0,0.0,RFC,Severe Storms,,Northwest Indiana,2008.0,8.0,True,True
524,2008,2008-08-09 12:00:00,2008-08-09 20:46:00,8.766666666666667,0.0,0.0,SPP,Declared Energy Emergency Alert 1/Made Public Appeals,,Texas Panhandle and Eastern New Mexico,2008.0,8.0,True,True
525,2008,2008-08-15 12:52:00,2008-08-15 17:00:00,4.133333333333334,8000.0,100.0,WECC,Made Public Appeals,,Part of Seattle's Downtown,2008.0,8.0,True,True
526,2008,2008-08-16 05:23:00,2008-08-16 07:30:00,2.1166666666666667,71823.0,153.0,TRE,Lightning/Transmission Equipment Damage,,City of Lubbock,2008.0,8.0,True,True
527,2008,2008-08-16 08:14:00,2008-08-16 15:00:00,6.766666666666667,200000.0,300.0,PR,Shed Firm Load/Voltage Reduction,,Island of Puerto Rico,2008.0,8.0,True,True
528,2008,2008-08-18 19:22:00,2008-08-19 18:44:00,23.366666666666667,100000.0,225.0,PR,Shed Firm Load,,North Part of Island,2008.0,8.0,True,True
529,2008,2008-08-19 09:29:00,2008-08-22 22:00:00,84.51666666666667,101950.0,,FRCC,Tropical Storm Fay,,Florida,2008.0,8.0,True,True
530,2008,2008-08-21 19:00:00,2008-08-25 08:00:00,85.0,430000.0,,FRCC,Tropical Storm Fay,,"Alachua, Bay, Brevard, Citrus, Columbia, Dixie, Flagler, Franklin, Gilchrist, Gulf, Hamilton, Hardee, Hernando, Highlands, Jefferson, Lafayette, Lake, Leon, Levy, Madison, Marion, Orange, Osceola, Pasco, Pinellas, Polk, Seminole, Sumter,  Suwannee, Taylor, Volusia and Wakulla Counties in Florida",2008.0,8.0,True,True
531,2008,2008-08-22 12:00:00,2008-08-23 12:00:00,24.0,0.0,0.0,RFC,Fuel Supply Emergency-Low Coal Inventory Levels,,-,2008.0,8.0,True,True
532,2008,2008-08-24 04:30:00,2008-08-24 14:00:00,9.5,87390.0,110.0,SERC,Tropical Storm Fay,,Georgia and Alabama,2008.0,8.0,True,True
533,2008,2008-08-31 07:30:00,2008-09-19 09:00:00,457.5,0.0,200.0,SERC,Fuel Supply Curtailed,,"Plaquemine, Louisiana",2008.0,8.0,True,True
534,2008,2008-08-31 19:00:00,2008-09-03 09:00:00,62.0,964000.0,,SERC,Hurricane Gustav,,"Louisiana, Mississippi, Arkansas",2008.0,8.0,True,True
535,2008,2008-09-01 10:30:00,2008-09-13 19:22:00,296.8666666666667,150000.0,400.0,SERC,Hurricane Gustav,,Primarily South and Central Louisiana,2008.0,9.0,True,True
536,2008,2008-09-01 11:45:00,2008-09-10 16:00:00,220.25,246092.0,,SERC,Hurricane Gustav,,"Bayou Division and North Lake Division, Louisiana",2008.0,9.0,True,True
537,2008,2008-09-06 07:45:00,2008-09-06 10:30:00,2.75,57000.0,,SERC,Tropical Storm Hanna,,Eastern North Carolina,2008.0,9.0,True,True
538,2008,2008-09-06 14:15:00,2008-09-06 16:06:00,1.85,64463.0,220.0,SERC,Tropical Storm Hanna,,North East North Carolina and Virginia,2008.0,9.0,True,True
539,2008,2008-09-08 22:03:00,2008-09-09 00:28:00,2.4166666666666665,0.0,300.0,WECC,Fuel Supply Deficiency,,A.D. Edmonston Pumping Plant,2008.0,9.0,True,True
540,2008,2008-09-12 05:45:00,2008-09-14 13:00:00,55.25,705000.0,,SERC,Hurricane Ike,,"Primarily Southeast Texas, Louisiana, and Arkansas",2008.0,9.0,True,True
541,2008,2008-09-12 18:21:00,2008-10-01 23:59:00,461.6333333333333,2142678.0,8087.0,TRE,Hurricane Ike,,Greater Houston-Galveston Metro Area,2008.0,9.0,True,True
542,2008,2008-09-12 18:21:00,2008-10-01 23:59:00,461.6333333333333,2504366.0,,TRE,Hurricane Ike,,Greater Houston Area-Eastern Region of ERCOT,2008.0,9.0,True,True
543,2008,2008-09-12 20:00:00,2008-09-27 19:00:00,359.0,113247.0,650.0,TRE,Hurricane Ike,,Galveston and Brazoria Counties,2008.0,9.0,True,True
544,2008,2008-09-13 10:24:00,2008-09-27 14:40:00,340.26666666666665,50000.0,40.0,SERC,Hurricane Ike,,Southwest Louisiana,2008.0,9.0,True,True
545,2008,2008-09-13 12:00:00,2008-09-15 08:00:00,44.0,238392.0,,TRE,Hurricane Ike,,"North, Central and East Texas",2008.0,9.0,True,True
546,2008,2008-09-13 16:00:00,2008-09-16 19:44:00,75.73333333333333,184501.0,,SPP,Hurricane Ike,,Texas and Louisana,2008.0,9.0,True,True
547,2008,2008-09-14 06:30:00,2008-09-14 14:38:00,8.133333333333333,875000.0,,RFC,Tropical Depression Ike,,"Ohio, Kentucky, Indiana",2008.0,9.0,True,True
548,2008,2008-09-14 07:30:00,2008-09-18 15:00:00,103.5,107000.0,,MRO,Hurricane Ike,,Missouri and Illinois,2008.0,9.0,True,True
549,2008,2008-09-14 10:01:00,2008-09-21 17:00:00,174.98333333333332,18000.0,70.0,RFC,High Winds,,"City of Owensboro, Kentucky",2008.0,9.0,True,True
550,2008,2008-09-14 11:30:00,2008-09-14 16:30:00,5.0,375000.0,,RFC,Tropical Depression Ike,,State of Kentucky,2008.0,9.0,True,True
551,2008,2008-09-14 14:00:00,2008-09-17 12:00:00,70.0,95000.0,1000.0,RFC,Hurricane Ike,,Dayton Ohio Area,2008.0,9.0,True,True
552,2008,2008-09-14 16:00:00,2008-09-20 23:00:00,151.0,650000.0,,RFC,Wind Storm,,"Northern Indiana, Central and Central Southern Ohio",2008.0,9.0,True,True
553,2008,2008-09-14 17:00:00,2008-09-19 12:38:00,115.63333333333334,124596.0,72.0,RFC,Wind Storm,,Western Pennsylvania,2008.0,9.0,True,True
554,2008,2008-09-14 17:00:00,2008-09-22 17:11:00,192.18333333333334,564728.0,469.0,RFC,Wind Storm,,"Southern, Eastern, and Central Ohio",2008.0,9.0,True,True
555,2008,2008-09-14 17:00:00,2008-09-22 03:20:00,178.33333333333334,245164.0,430.0,RFC,Wind Storm,,Northeast Ohio,2008.0,9.0,True,True
556,2008,2008-09-14 19:00:00,2008-09-14 23:59:00,4.983333333333333,105000.0,600.0,RFC,Tropical Depression Ike,,Allegheny and Beaver Counties in Pennsylvania,2008.0,9.0,True,True
557,2008,2008-09-15 00:37:00,2008-09-19 16:30:00,111.88333333333334,160875.0,546.0,RFC,Tropical Depression Ike,,Western Pennsylvania,2008.0,9.0,True,True
558,2008,2008-09-22 17:49:00,2008-09-23 06:39:00,12.833333333333334,43600.0,125.0,PR,Shed Firm Load,,Island of Puerto Rico,2008.0,9.0,True,True
559,2008,2008-09-30 14:02:00,2008-09-30 14:05:00,0.05,10000.0,30.0,WECC,Electrical System Separation,,"Plumas County, California",2008.0,9.0,True,True
560,2008,2008-10-02 14:50:00,2008-10-03 09:50:00,19.0,0.0,200.0,SERC,Load Shedding,,Louisiana,2008.0,10.0,True,True
561,2008,2008-10-25 23:00:00,2008-10-27 07:00:00,32.0,52000.0,,NPCC,Severe Storm,,Connecticut,2008.0,10.0,True,True
562,2008,2008-11-07 11:13:00,2008-11-07 11:54:00,0.6833333333333333,140000.0,250.0,WECC,Load Shedding,,Goleta and Santa Barbara Areas of Southern California,2008.0,11.0,True,True
563,2008,2008-11-07 11:15:00,2008-11-07 11:54:00,0.65,400000.0,430.0,WECC,Load Shedding,,Southern California,2008.0,11.0,True,True
564,2008,2008-11-11 08:30:00,2008-11-12 00:19:00,15.816666666666666,261000.0,250.0,PR,Shed Firm Load,,Island of Puerto Rico,2008.0,11.0,True,True
565,2008,2008-11-15 09:39:00,2008-11-15 10:10:00,0.5166666666666667,115500.0,211.0,WECC,Brush Fire/Shed Firm Load,,City of Los Angeles,2008.0,11.0,True,True
566,2008,2008-12-02 04:30:00,2008-12-02 07:00:00,2.5,53000.0,135.0,RFC,Fire/Load Shedding,,"St. Louis, Missouri",2008.0,12.0,True,True
567,2008,2008-12-09 17:27:00,2008-12-10 04:12:00,10.75,156729.0,438.0,RFC,Lines Loss/Transmission,,Central New Jersey,2008.0,12.0,True,True
568,2008,2008-12-10 17:09:00,2008-12-10 20:29:00,3.3333333333333335,3.0,32.0,WECC,Equipment Failure/Made Public Appeal,,Southern Oregon,2008.0,12.0,True,True
569,2008,2008-12-11 09:00:00,2008-12-13 23:59:00,62.983333333333334,91300.0,,SERC,Snow Storm,,"Southern Louisiana, Southern and Central Mississippi",2008.0,12.0,True,True
570,2008,2008-12-11 18:00:00,2008-12-15 00:00:00,78.0,60000.0,,NPCC,Ice Storm,,Northern Dutchess County and Western Ulster County in the Mid-Hudson Region of New York State,2008.0,12.0,True,True
571,2008,2008-12-12 01:00:00,2008-12-22 00:00:00,239.0,970000.0,,NPCC,Ice Storm,,New England,2008.0,12.0,True,True
572,2008,2008-12-12 02:38:00,2008-12-19 13:24:00,178.76666666666668,190000.0,200.0,NPCC,Ice Storm,,Eastern New York,2008.0,12.0,True,True
573,2008,2008-12-12 08:45:00,2008-12-14 09:52:00,49.11666666666667,169757.0,,NPCC,Ice Storm,,Southern and Central Maine,2008.0,12.0,True,True
574,2008,2008-12-13 15:30:00,2008-12-21 09:17:00,185.78333333333333,0.0,5.0,WECC,Declared Stage 1 Electric Emergency/Made Public Appeal,,Humboldt Area of California,2008.0,12.0,True,True
575,2008,2008-12-19 01:02:00,2008-12-19 06:17:00,5.25,638.0,1.0,WECC,Electrical System Separation,,"East of Oroville, California",2008.0,12.0,True,True
576,2008,2008-12-19 08:30:00,2008-12-22 12:00:00,75.5,140000.0,,RFC,Ice Storm,,"Indiana, Michigan and Northwest Ohio",2008.0,12.0,True,True
577,2008,2008-12-19 09:00:00,2008-12-20 08:20:00,23.333333333333332,50000.0,,RFC,Ice Storm,,Northwest Indiana,2008.0,12.0,True,True
578,2008,2008-12-26 11:40:00,2008-12-26 15:34:00,3.9,50000.0,110.0,WECC,Load Shedding,,"Orangevale Area of Sacramento, California",2008.0,12.0,True,True
579,2008,2008-12-26 18:13:00,2008-12-27 17:00:00,22.783333333333335,294000.0,1060.0,HI,Lightning,,"Island of Oahu, Hawaii",2008.0,12.0,True,True
580,2008,2008-12-27 16:00:00,2009-01-01 23:30:00,127.5,247847.0,,RFC,Wind Storm,,Southeastern Michigan,2008.0,12.0,True,True
581,2008,2008-12-28 04:45:00,2008-12-31 18:00:00,85.25,210517.0,,RFC,Wind Storm,,Michigan Lower Peninsula,2008.0,12.0,True,True
582,2008,2008-12-28 11:45:00,2008-12-28 23:30:00,11.75,230000.0,,RFC,Wind Storm,,Michigan Lower Peninsula,2008.0,12.0,True,True
583,2008,2008-12-30 16:02:00,2008-12-30 16:37:00,0.5833333333333334,9700.0,41.0,RFC,Shed Firm Load,,"Crawfordsville, Indiana",2008.0,12.0,True,True
584,2009,2009-01-05 05:00:00,2009-01-06 18:00:00,37.0,157019.0,,TRE,Severe Storm,,North and Central Texas,2009.0,1.0,True,True
585,2009,2009-01-07 17:00:00,2009-01-07 20:05:00,3.0833333333333335,70000.0,300.0,SERC,High Winds,,Piedmont of North and South Carolina,2009.0,1.0,True,True
586,2009,2009-01-08 23:46:00,2009-01-09 11:25:00,11.65,31000.0,55.0,FRCC,Transmission Equipment Failure,,Florida Keys,2009.0,1.0,True,True
587,2009,2009-01-17 08:00:00,2009-01-25 08:00:00,192.0,,,RFC,Fuel Supply Deficiency,,"PJM, Indiana",2009.0,1.0,True,False
588,2009,2009-01-22 16:00:00,2009-01-22 17:05:00,1.0833333333333333,9700.0,50.0,RFC,Shed Load,,"Crawfordsville, Indiana",2009.0,1.0,True,True
589,2009,2009-01-27 05:00:00,2009-01-29 16:30:00,59.5,383000.0,,RFC,Ice Storm,,State of Kentucky,2009.0,1.0,True,True
590,2009,2009-01-27 05:03:00,2009-01-31 17:15:00,108.2,190000.0,600.0,SERC,Ice Storm,,Central and Eastern Kentrucky,2009.0,1.0,True,True
591,2009,2009-01-27 07:10:00,2009-02-04 19:30:00,204.33333333333334,3.0,350.0,SERC,Ice Storm,,Western Kentucky and Southern Indiana,2009.0,1.0,True,True
592,2009,2009-01-27 11:00:00,2009-01-30 18:00:00,79.0,62500.0,200.0,SERC,Winter Storm,,South Central and Southeast Missouri,2009.0,1.0,True,True
593,2009,2009-01-27 13:46:00,2009-02-03 17:00:00,171.23333333333332,111818.0,,SERC,Ice Storm,,Northern Arkansas,2009.0,1.0,True,True
594,2009,2009-01-27 15:43:00,2009-01-29 09:00:00,41.28333333333333,59402.0,,RFC,Ice/Snow Storm,,CSWS-AEP West,2009.0,1.0,True,True
595,2009,2009-01-27 21:00:00,2009-01-29 06:00:00,33.0,215700.0,600.0,SERC,Ice Storm,,Northern Arkansas,2009.0,1.0,True,True
596,2009,2009-01-27 21:45:00,2009-01-27 22:17:00,0.5333333333333333,1.0,850.0,SERC,Ice Storm,,TVA Service Territory,2009.0,1.0,True,True
597,2009,2009-01-28 00:10:00,2009-01-30 21:20:00,69.16666666666667,1.0,300.0,RFC,Winter Storm,,East Central Missouri,2009.0,1.0,True,True
598,2009,2009-01-28 03:00:00,2009-02-13 08:03:00,389.05,230300.0,,RFC,Winter Storm,,"Illinois, Indiana, Ohio and Kentucky",2009.0,1.0,True,True
599,2009,2009-01-28 04:00:00,2009-02-07 17:00:00,253.0,3500.0,21.0,RFC,Ice Storm,,"City of Henderson, Kentucky and Portions of Henderson County, Kentucky",2009.0,1.0,True,True
600,2009,2009-01-28 06:00:00,2009-02-05 18:00:00,204.0,75000.0,506.0,RFC,Ice Storm,,"Indiana, Evansville, Metro Area",2009.0,1.0,True,True
601,2009,2009-01-28 07:50:00,2009-02-13 08:03:00,384.21666666666664,53700.0,,RFC,Ice/Snow Storm,,Southern Indiana,2009.0,1.0,True,True
602,2009,2009-01-28 09:00:00,2009-02-05 08:00:00,191.0,109527.0,,SERC,Ice Storm,,Northeast Tennessee and Southwest Kentucky,2009.0,1.0,True,True
603,2009,2009-01-28 10:00:00,2009-01-30 21:20:00,59.333333333333336,53600.0,,RFC,Ice/Snow Storm,,Northern Kentucky and Southwest Ohio,2009.0,1.0,True,True
604,2009,2009-02-11 02:30:00,2009-02-11 12:00:00,9.5,64801.0,350.0,TRE,High Winds,,"Houston, Texas",2009.0,2.0,True,True
605,2009,2009-02-11 18:00:00,2009-02-13 17:00:00,47.0,279813.0,,RFC,Severe Thunderstorms,,"Kentucky, West Virginia and Ohio",2009.0,2.0,True,True
606,2009,2009-02-11 18:18:00,2009-02-16 20:10:00,121.86666666666666,374644.0,,RFC,Severe Thunderstorms,,"Maryland, Virginia, West Virginia and Pennsylvania",2009.0,2.0,True,True
607,2009,2009-02-11 19:00:00,2009-02-12 11:00:00,16.0,78000.0,,RFC,Severe Thunderstorms,,State of Kentucky,2009.0,2.0,True,True
608,2009,2009-02-11 21:00:00,2009-02-12 12:00:00,15.0,63000.0,350.0,RFC,Severe Thunderstorms,,Northern Kentucky and Southwest Ohio,2009.0,2.0,True,True
609,2009,2009-02-12 02:30:00,2009-02-12 06:00:00,3.5,184000.0,168.0,RFC,High Winds,,Central and Eastern Ohio,2009.0,2.0,True,True
610,2009,2009-02-12 08:00:00,2009-02-15 22:00:00,86.0,132000.0,130.0,RFC,High Winds,,Western and North Eastern Pennsylvania,2009.0,2.0,True,True
611,2009,2009-02-13 02:30:00,2009-02-15 03:00:00,48.5,184000.0,168.0,RFC,High Winds,,Central and Eastern Ohio,2009.0,2.0,True,True
612,2009,2009-02-23 02:38:00,2009-02-24 13:46:00,35.13333333333333,131000.0,,NPCC,Ice/Snow Storm,,Southern Central and Western Maine,2009.0,2.0,True,True
613,2009,2009-03-01 00:15:00,2009-03-01 03:00:00,2.75,132000.0,250.0,WECC,Transmission Equipment Failure,,"City of El Paso, Texas, County of El Paso",2009.0,3.0,True,True
614,2009,2009-03-01 16:00:00,2009-03-01 23:25:00,7.416666666666667,60000.0,75.0,SERC,Severe Weather,,Southern Balancing Area,2009.0,3.0,True,True
615,2009,2009-03-01 20:54:00,2009-03-03 16:06:00,43.2,180000.0,1000.0,SERC,Ice/Snow Storm,,Duke Energy Carolinas Balance Authority,2009.0,3.0,True,True
616,2009,2009-03-01 22:00:00,2009-03-03 18:00:00,44.0,217000.0,210.0,SERC,Winter Storm,,Central Virginia - Spotsylvania County,2009.0,3.0,True,True
617,2009,2009-03-03 06:48:00,2009-04-26 06:05:00,1295.2833333333333,,378.0,RFC,Transformer Faulted/Unit Tripped,,Southwest Michigan,2009.0,3.0,True,False
618,2009,2009-03-03 22:00:00,2009-03-04 20:17:00,22.283333333333335,0.0,350.0,REC,Made Public Appeals,,"Roanoke, Virginia",2009.0,3.0,True,True
619,2009,2009-03-08 22:16:00,2009-03-08 23:45:00,1.4833333333333334,,150.0,WECC,Unit Shut Down,,"San Francisco Bay Area, California",2009.0,3.0,True,False
620,2009,2009-04-06 01:00:00,2009-04-08 12:00:00,59.0,70793.0,75.0,RFC,Winter Storm,,"Michigan, Lower Peninsula",2009.0,4.0,True,True
621,2009,2009-04-10 22:00:00,2009-04-11 02:30:00,4.5,56679.0,162.0,SERC,Severe Thunderstorms,,Alabama and Georgia,2009.0,4.0,True,True
622,2009,2009-04-23 00:00:00,,,,,WECC,Fuel Supply Deficiency,,Restricted Hydro Electric Capability,2009.0,4.0,False,False
623,2009,2009-04-23 16:25:00,2009-04-24 00:29:00,8.066666666666666,93300.0,244.0,WECC,Transmission Tripped,,"Skagit County, Washington",2009.0,4.0,True,True
624,2009,2009-04-23 17:54:00,2009-04-23 19:58:00,2.066666666666667,280000.0,512.0,WECC,Substation Load Interruption,,"Communities of Elsinore, Hemet, Moreno Valley, Perris, San Jacinto and Temecula in the southeastern area of Riverside County in California",2009.0,4.0,True,True
625,2009,2009-04-24 11:09:00,2009-04-24 11:21:00,0.2,11000.0,32.0,SERC,Complete Electric System Failure,,"Ruston, Louisiana",2009.0,4.0,True,True
626,2009,2009-04-25 14:30:00,2009-04-29 01:00:00,82.5,125000.0,,RFC,High Winds/Rain,,Western Region of Service Territory,2009.0,4.0,True,True
627,2009,2009-04-27 15:30:00,2009-04-28 11:30:00,20.0,158000.0,176.0,TRE,High Winds,,Greater Houston/Galveston Area,2009.0,4.0,True,True
628,2009,2009-05-08 07:30:00,2009-05-08 09:00:00,1.5,83000.0,266.0,SERC,Severe Thunderstorm,,SW Missouri,2009.0,5.0,True,True
629,2009,2009-05-08 13:30:00,2009-05-14 23:20:00,153.83333333333334,68800.0,300.0,SERC,Severe Thunderstorm,,Southern Illinois,2009.0,5.0,True,True
630,2009,2009-05-29 09:05:00,2009-05-29 19:57:00,10.866666666666667,1.0,342.0,SERC,Transmission Equipment Failure,,"Henderson County, Kentucky",2009.0,5.0,True,True
631,2009,2009-06-05 13:38:00,2009-06-05 20:18:00,6.666666666666667,70.0,1.0,WECC,Electrical System Separation,,East of Fresno California,2009.0,6.0,True,True
632,2009,2009-06-09 17:25:00,2009-06-11 05:00:00,35.583333333333336,85091.0,60.0,RFC,Severe Thunderstorms,,Central Maryland,2009.0,6.0,True,True
633,2009,2009-06-10 18:00:00,2009-06-14 10:00:00,88.0,800000.0,,TRE,Severe Storms,,North and Central Texas,2009.0,6.0,True,True
634,2009,2009-06-12 16:37:00,2009-06-12 18:53:00,2.2666666666666666,136000.0,860.0,SERC,Severe Storm,,"Chattanooga, Tennessee",2009.0,6.0,True,True
635,2009,2009-06-12 17:45:00,2009-06-15 23:59:00,78.23333333333333,81645.0,,SERC,Severe Thunderstorms,,"Arkansas, North Mississippi",2009.0,6.0,True,True
636,2009,2009-06-12 22:00:00,2009-06-13 18:00:00,20.0,102000.0,290.0,SERC,Severe Thunderstorm,,Georgia,2009.0,6.0,True,True
637,2009,2009-06-16 23:00:00,2009-06-17 02:00:00,3.0,0.0,300.0,WECC,Fuel Supply Deficiency,,A.D. Edmonston Pumping Plant,2009.0,6.0,True,True
638,2009,2009-06-19 00:01:00,2009-06-21 23:00:00,70.98333333333333,99000.0,75.0,RFC,Severe Storm,,Michigan Lower Peninsula,2009.0,6.0,True,True
639,2009,2009-06-19 13:00:00,2009-06-19 23:59:00,10.983333333333333,245000.0,,SERC,Severe Storm,,The Entire ComEd Service Territory,2009.0,6.0,True,True
640,2009,2009-06-24 13:30:00,2009-06-24 22:00:00,8.5,,,SERC,Made Public Appeals,,Southwest Louisiana,2009.0,6.0,True,False
641,2009,2009-06-25 15:16:00,2009-06-25 19:00:00,3.7333333333333334,,,TRE,Made Public Appeals,,ERCOT Region,2009.0,6.0,True,False
642,2009,2009-06-25 15:30:00,2009-06-28 20:00:00,76.5,118000.0,,RFC,High Winds/Rain,,Western Region of Service Territory,2009.0,6.0,True,True
643,2009,2009-06-26 01:00:00,2009-06-27 09:00:00,32.0,85000.0,327.0,RFC,Severe Thunderstorms,,"Southwest Ohio, Northern Kentudky, Central and Southern Indiana",2009.0,6.0,True,True
644,2009,2009-06-26 17:00:00,2009-06-29 09:00:00,64.0,50752.0,,NPCC,Severe Thunderstorms,,Central Connecticut,2009.0,6.0,True,True
645,2009,2009-07-02 22:44:00,2009-07-03 01:25:00,2.683333333333333,0.0,0.0,NPCC,Electrical System Separation,,Northern Maine,2009.0,7.0,True,True
646,2009,2009-07-07 15:30:00,2009-07-07 19:00:00,3.5,,,TRE,Made Public Appeals,,"San Antonio, Texas",2009.0,7.0,True,False
647,2009,2009-07-08 13:30:00,2009-07-08 19:00:00,5.5,,,TRE,Made Public Appeals,,ERCOT Region,2009.0,7.0,True,False
648,2009,2009-07-14 13:00:00,2009-07-14 18:00:00,5.0,,,SPP,Made Public Appeals,,AEP SWEPCO/Louisiana Area,2009.0,7.0,True,False
649,2009,2009-07-15 13:00:00,2009-07-15 18:00:00,5.0,,,SPP,Made Public Appeals,,AEP SWEPCO/Louisiana Area,2009.0,7.0,True,False
650,2009,2009-07-16 13:00:00,2009-07-16 18:00:00,5.0,,,SPP,Made Public Appeals,,AEP SWEPCO/Louisiana Area,2009.0,7.0,True,False
651,2009,2009-07-18 19:00:00,2009-07-19 21:00:00,26.0,73000.0,51.0,TRE,Thunderstorms,,Houston/Galveston Area,2009.0,7.0,True,True
652,2009,2009-07-20 21:50:00,2009-07-22 19:00:00,45.166666666666664,86058.0,150.0,WECC,Severe Thunderstorm,,"Metro Denver (Jefferson, Adams, and Arapahoe Counties)",2009.0,7.0,True,True
653,2009,2009-07-21 05:34:00,2009-07-21 08:43:00,3.15,1.0,136.0,WECC,Unit Tripped,,"San Francisco Bay Area, California",2009.0,7.0,True,True
654,2009,2009-07-27 05:05:00,2009-07-27 05:47:00,0.7,,,SERC,Failure of Computer Hardware Used for Monitoring,,"Chattanooga, Tennessee",2009.0,7.0,True,False
655,2009,2009-07-28 20:18:00,2009-07-28 20:33:00,0.25,,316.0,WECC,Loss of Part of Substation,,Salt Lake City Utah and Northern Utah,2009.0,7.0,True,False
656,2009,2009-08-02 02:17:00,2009-08-03 13:09:00,34.86666666666667,70264.0,,RFC,Highwinds,,"Chester, Montgomery, Delaware, Philadelphia and Bucks Counties, Pennsyvania",2009.0,8.0,True,True
657,2009,2009-08-04 13:45:00,2009-08-08 21:00:00,103.25,63700.0,50.0,RFC,Thunderstorms,,"Northern Kentucky, Southwest Ohio and Central and South Indiana",2009.0,8.0,True,True
658,2009,2009-08-05 15:00:00,2009-08-05 19:00:00,4.0,,,TRE,Made Public Appeals,,ERCOT Region,2009.0,8.0,True,False
659,2009,2009-08-07 23:00:00,2009-08-11 22:00:00,95.0,137000.0,,RFC,High Winds and Rain,,Western Region of Service Territory,2009.0,8.0,True,True
660,2009,2009-08-09 19:31:00,2009-08-10 09:59:00,14.466666666666667,58156.0,,RFC,Severe Thunderstorms,,"Michigan, Lower Peninsula",2009.0,8.0,True,True
661,2009,2009-08-12 18:25:00,2009-08-13 10:00:00,15.583333333333334,73000.0,491.0,TRE,Thunderstorms,,South Houston Service Area,2009.0,8.0,True,True
662,2009,2009-08-21 19:00:00,2009-08-22 08:00:00,13.0,80000.0,544.0,TRE,Thunderstorms,,Houston Metropolitan Service Area,2009.0,8.0,True,True
663,2009,2009-08-29 11:00:00,2009-08-29 14:01:00,3.0166666666666666,18.0,373.0,MRO,Electrical System Separation,,Western South Dakota,2009.0,8.0,True,True
664,2009,2009-08-29 22:54:00,2009-08-29 23:53:00,0.9833333333333333,0.0,84.0,RFC,Electrical System Separation,,Western South Dakota,2009.0,8.0,True,True
665,2009,2009-08-31 10:31:00,2009-09-01 00:00:00,13.483333333333333,,,WECC,Made Public Appeals,,"City of Los Angeles, California",2009.0,8.0,True,False
666,2009,2009-10-07 05:45:00,2009-10-09 23:00:00,65.25,75000.0,,RFC,Severe Storms,,Southeast Michigan,2009.0,10.0,True,True
667,2009,2009-10-09 18:30:00,2009-10-09 19:10:00,0.6666666666666666,,180.0,WECC,Transmission System Interruption,,"Central Valley, CA (Bakersfield, CA)",2009.0,10.0,True,False
668,2009,2009-10-09 22:45:00,2009-10-11 16:00:00,41.25,56000.0,,SERC,Winter Storm,,Arkansas and North Louisiana,2009.0,10.0,True,True
669,2009,2009-10-13 12:48:00,2009-10-13 14:34:00,1.7666666666666666,35500.0,101.0,WECC,Ice,,Southeastern Wyoming,2009.0,10.0,True,True
670,2009,2009-10-13 15:45:00,2009-10-13 17:50:00,2.0833333333333335,94000.0,90.0,WECC,High Winds,,Sacramento County,2009.0,10.0,True,True
671,2009,2009-10-13 16:00:00,2009-10-13 22:30:00,6.5,859554.0,350.0,WECC,High Winds and Rain,,Northern California,2009.0,10.0,True,True
672,2009,2009-11-12 18:45:00,2009-11-14 04:25:00,33.666666666666664,335000.0,400.0,SERC,Tropical Storm Ida,,"Southeastern Virginia, Northeastern North Carolina",2009.0,11.0,True,True
673,2009,2009-11-18 06:15:00,2009-11-18 10:00:00,3.75,,630.0,WECC,Switching Failure,,"Central Valley, CA",2009.0,11.0,True,False
674,2009,2009-12-07 22:00:00,2009-12-08 04:00:00,6.0,,400.0,WECC,Forced Outage Equipment Failure,,California,2009.0,12.0,True,False
675,2009,2009-12-08 01:00:00,2009-12-10 11:00:00,58.0,140000.0,,WECC,Severe Weather,,Arizona,2009.0,12.0,True,True
676,2009,2009-12-08 06:34:00,2009-12-08 12:00:00,5.433333333333334,,,WECC,Load Shed/Made Public Appeals,,California,2009.0,12.0,True,False
677,2009,2009-12-09 13:37:00,2009-12-10 06:30:00,16.883333333333333,48102.0,,RFC,Severe Weather,,Ohio,2009.0,12.0,True,True
678,2009,2009-12-10 17:45:00,2009-12-12 08:00:00,38.25,65562.0,,RFC,Severe Weather,,Michigan,2009.0,12.0,True,True
679,2009,2009-12-18 20:00:00,2009-12-25 21:30:00,169.5,403913.0,,RFC,Severe Weather,,"West Virginia, Kentucky, Ohio",2009.0,12.0,True,True
680,2009,2009-12-18 22:55:00,2009-12-19 23:15:00,24.333333333333332,47000.0,,SERC,Severe Weather,,Western North Carolina,2009.0,12.0,True,True
681,2010,2010-01-06 18:00:00,2010-01-08 18:00:00,48.0,,,SERC,Made Public Appeals,,Southwest Louisiana,2010.0,1.0,True,False
682,2010,2010-01-11 03:45:00,2010-01-11 09:57:00,6.2,,,FRCC/SERC,Interruptible Load Shed/Made Public Appeals,,Northern and Central Florida,2010.0,1.0,True,False
683,2010,2010-01-18 11:30:00,2010-01-28 08:00:00,236.5,1700000.0,290.0,WECC,Severe Storm,,Northern and Central California,2010.0,1.0,True,True
684,2010,2010-01-19 07:30:00,2010-01-19 12:24:00,4.9,30000.0,300.0,WECC,Severe Storm,,San Francisco,2010.0,1.0,True,True
685,2010,2010-01-19 14:30:00,2010-01-20 15:00:00,24.5,50000.0,2650.0,WECC,Severe Storm,,San Diego and Orange Counties,2010.0,1.0,True,True
686,2010,2010-01-20 13:00:00,2010-01-24 18:10:00,101.16666666666667,147223.0,,WECC,Severe Storm,,"City of Los Angeles, California",2010.0,1.0,True,True
687,2010,2010-01-28 12:00:00,2010-02-02 12:00:00,120.0,68705.0,,SPP,Ice Storm,,Oklahoma,2010.0,1.0,True,True
688,2010,2010-02-01 14:32:00,2010-02-01 17:00:00,2.466666666666667,0.0,30.0,SPP,Ice Storm/Electrical System Separation,,Oklahoma,2010.0,2.0,True,True
689,2010,2010-02-05 15:00:00,2010-02-13 16:00:00,193.0,221000.0,,RFC,Winter Storm,,Southern NJ,2010.0,2.0,True,True
690,2010,2010-02-05 18:48:00,2010-02-07 17:00:00,46.2,74000.0,500.0,SERC,Winter Storm,,North and South Carolina,2010.0,2.0,True,True
691,2010,2010-02-05 19:00:00,2010-02-12 15:46:00,164.76666666666668,97651.0,,RFC,Winter Storm,,"District of Columbia, Prince Georges and Montgomery Co. MD",2010.0,2.0,True,True
692,2010,2010-02-05 22:30:00,2010-02-12 12:00:00,157.5,57000.0,,RFC,Winter Storm,,Southwestern Pennsylvania,2010.0,2.0,True,True
693,2010,2010-02-05 23:30:00,2010-02-07 02:38:00,27.133333333333333,102225.0,,RFC,Winter Storm,,"Indiana, Ohio, W. Virginia and Virginia",2010.0,2.0,True,True
694,2010,2010-02-06 02:30:00,2010-02-07 07:00:00,28.5,104736.0,600.0,SERC,Winter Storm,,"Virginia, North Carolina",2010.0,2.0,True,True
695,2010,2010-02-06 08:00:00,2010-02-06 09:00:00,1.0,58491.0,,RFC,Winter Storm,,Delmarva Peninsula,2010.0,2.0,True,True
696,2010,2010-02-09 18:00:00,2010-02-14 16:00:00,118.0,223000.0,,RFC,Winter Storm,,Southeastern Pennsylvania,2010.0,2.0,True,True
697,2010,2010-02-11 12:00:00,2010-02-15 21:00:00,105.0,500000.0,,TRE,Winter Storm,,Dallas/Fort Worth and East Texas,2010.0,2.0,True,True
698,2010,2010-02-12 05:00:00,2010-02-12 17:00:00,12.0,52999.0,,SPP,Winter Storm,,"East Texas, Western Arkansas, Northern Lousiania",2010.0,2.0,True,True
699,2010,2010-02-14 10:00:00,2010-02-14 12:00:00,2.0,190000.0,900.0,RFC,Winter Storm,,Western Pennsylvania nd Northeast Central WV,2010.0,2.0,True,True
700,2010,2010-02-19 20:30:00,2010-02-20 04:01:00,7.516666666666667,,1000.0,WECC,Firm System Load Shed,,"San Joaquin Field Division/Bakersfield, CA",2010.0,2.0,True,False
701,2010,2010-02-23 22:00:00,2010-02-25 16:00:00,42.0,150000.0,,NPCC,Winter Storm,,Upstate New York,2010.0,2.0,True,True
702,2010,2010-02-25 00:01:00,2010-02-26 21:00:00,44.983333333333334,65000.0,,NPCC,Winter Storm,,"Southeastern New York, Northern New Jersey",2010.0,2.0,True,True
703,2010,2010-02-25 17:00:00,2010-03-02 19:00:00,122.0,55000.0,,NPCC,Winter Storm,,New York City,2010.0,2.0,True,True
704,2010,2010-02-25 23:53:00,2010-03-01 16:40:00,88.78333333333333,509606.0,510.0,NPCC,Winter Storm,,Southern Maine and New Hampshire,2010.0,2.0,True,True
705,2010,2010-03-13 01:00:00,2010-03-16 18:40:00,89.66666666666667,177528.0,,RFC,High Winds and rain,,Southeasten Pennsylvania,2010.0,3.0,True,True
706,2010,2010-03-13 12:00:00,2010-03-15 20:05:00,56.083333333333336,50246.0,50.0,NPCC,High Winds and Rain,,Connecticut,2010.0,3.0,True,True
707,2010,2010-03-13 15:00:00,2010-03-17 16:00:00,97.0,153000.0,,NPCC,High Winds and Rain,,Long Island,2010.0,3.0,True,True
708,2010,2010-03-13 16:00:00,2010-03-16 00:00:00,56.0,180000.0,,RFC,High Winds and Flooding,,Central New Jersey and Northern New Jersey,2010.0,3.0,True,True
709,2010,2010-03-13 18:00:00,2010-03-20 12:59:00,162.98333333333332,360000.0,100.0,RFC,High Winds and Rain,,"Southern, Central and Northern New Jersey",2010.0,3.0,True,True
710,2010,2010-03-13 18:00:00,2010-03-20 09:00:00,159.0,173000.0,,NPCC,High Winds and Rain,,New York City and Westchester County,2010.0,3.0,True,True
711,2010,2010-03-31 23:59:00,2010-04-01 00:55:00,0.9333333333333333,290000.0,324.0,WECC,Shed Firm Load,,San Diego and Orange Counties,2010.0,3.0,True,True
712,2010,2010-03-31 23:59:00,2010-04-01 00:38:00,0.65,,324.0,WECC,Shed Firm Load,,San Diego,2010.0,3.0,True,False
713,2010,2010-04-16 17:15:00,2010-04-18 17:00:00,47.75,120000.0,15.0,RFC,Severe Thunderstorms,,Southwestern Pennsylvania,2010.0,4.0,True,True
714,2010,2010-04-21 15:05:00,2010-04-21 20:00:00,4.916666666666667,,,SERC,Generator Tripped,,"Iberville, Parish, Louisiana",2010.0,4.0,True,False
715,2010,2010-04-27 14:55:00,2010-04-27 14:55:00,0.0,29376.0,,SERC,Transmission System Interruption,,"Rocky Mount, NC",2010.0,4.0,True,True
716,2010,2010-05-02 14:40:00,2010-05-09 19:30:00,172.83333333333334,50500.0,,SERC,Thunderstorms,,Tennessee and Mississippi,2010.0,5.0,True,True
717,2010,2010-05-18 08:15:00,2010-05-18 22:46:00,14.516666666666667,,318.0,WECC,Breakers Tripped,,Central California,2010.0,5.0,True,False
718,2010,2010-05-26 11:45:00,2010-05-26 15:00:00,3.25,,,"RFC, SERC",Made Public Appeal - System Drill,,"Maryland, Pennsylvania, West Virginia, Virginia",2010.0,5.0,True,False
719,2010,2010-06-01 22:03:00,2010-06-18 00:30:00,386.45,1.0,500.0,RFC,Firm Load Shed,,Southwestern Indiana,2010.0,6.0,True,True
720,2010,2010-06-02 20:18:00,2010-06-04 08:00:00,35.7,126000.0,,TRE,Severe Weather,,"San Antonio, TX",2010.0,6.0,True,True
721,2010,2010-06-06 04:45:00,2010-06-06 05:35:00,0.8333333333333334,2650.0,3.0,WECC,Electric System Separation,,Northern California,2010.0,6.0,True,True
722,2010,2010-06-07 18:29:00,2010-06-08 01:00:00,6.516666666666667,31000.0,300.0,WECC,Firm Load Shed,,Denver Metropolitan Area,2010.0,6.0,True,True
723,2010,2010-06-08 11:00:00,2010-06-08 17:00:00,6.0,79741.0,,TRE,Thunderstorms,,Southeastern Texas,2010.0,6.0,True,True
724,2010,2010-06-09 14:18:00,2010-06-09 15:00:00,0.7,4196.0,,SERC,Transmission System Interruption,,"Edenton, NC",2010.0,6.0,True,True
725,2010,2010-06-16 11:11:00,2010-06-16 11:32:00,0.35,,,NPCC,Voltage Reduction (System Test),,New York (Rockland and Orange Counties),2010.0,6.0,True,False
726,2010,2010-06-17 08:30:00,2010-06-17 17:47:00,9.283333333333333,,,SPP,Made Public Appeal,,"Morgan City, LA",2010.0,6.0,True,False
727,2010,2010-06-17 09:30:00,2010-06-17 17:17:00,7.783333333333333,,,SERC,Made Public Appeal,,Southern Louisiana,2010.0,6.0,True,False
728,2010,2010-06-17 09:30:00,2010-06-17 16:40:00,7.166666666666667,,,SERC,Made Public Appeal,,Southern Louisiana,2010.0,6.0,True,False
729,2010,2010-06-17 09:30:00,2010-06-17 16:40:00,7.166666666666667,,,SPP,Made Public Appeal,,Southwestern Louisiana,2010.0,6.0,True,False
730,2010,2010-06-17 10:49:00,2010-06-17 11:02:00,0.21666666666666667,,,MRO,Electrical System Separation,,Eastern Montana,2010.0,6.0,True,False
731,2010,2010-06-18 15:30:00,2010-06-20 00:30:00,33.0,94345.0,,RFC,Thunderstorms,,Northwest Indiana,2010.0,6.0,True,True
732,2010,2010-06-18 16:00:00,2010-06-20 13:00:00,45.0,400000.0,,RFC,Severe Weather,,"Chicago, IL",2010.0,6.0,True,True
733,2010,2010-06-18 19:00:00,2010-06-19 05:00:00,10.0,100000.0,,RFC,Thunderstorms,,Southern Portion of Lower Michigan,2010.0,6.0,True,True
734,2010,2010-06-18 20:00:00,2010-06-21 10:45:00,62.75,79000.0,,RFC,Severe Weather,,"Indiana, Michigan",2010.0,6.0,True,True
735,2010,2010-06-18 20:00:00,2010-06-22 19:30:00,95.5,150000.0,,RFC,Severe Weather,,"Detroit, MI",2010.0,6.0,True,True
736,2010,2010-06-21 13:48:00,2010-06-22 20:31:00,30.716666666666665,50636.0,400.0,RFC,Thunderstorms,,"Cincinnati, OH",2010.0,6.0,True,True
737,2010,2010-06-22 15:34:00,2010-06-22 19:00:00,3.433333333333333,25159.0,84.0,SERC,Made Public Appeal/Transmission Equipment Failure,,West/Central Arkansas,2010.0,6.0,True,True
738,2010,2010-06-23 17:00:00,2010-06-25 13:40:00,44.666666666666664,300000.0,,RFC,Severe Weather,,"Chicago, IL",2010.0,6.0,True,True
739,2010,2010-06-23 17:48:00,2010-06-24 02:21:00,8.55,53000.0,,RFC,Thunderstorms,,Northwest Indiana,2010.0,6.0,True,True
740,2010,2010-06-24 15:00:00,2010-06-29 12:00:00,117.0,150000.0,,RFC,Thunderstorms,,Southwestern New Jersey,2010.0,6.0,True,True
741,2010,2010-06-24 15:30:00,2010-06-29 23:59:00,128.48333333333332,355000.0,,RFC,Thunderstorms,,Southeastern Pennsylvania,2010.0,6.0,True,True
742,2010,2010-06-25 23:36:00,2010-06-26 01:38:00,2.033333333333333,,,WECC,Electrical System Separation,,Northern California,2010.0,6.0,True,False
743,2010,2010-07-06 03:47:00,2010-07-06 04:37:00,0.8333333333333334,18400.0,95.0,RFC,Transformer Outage,,"Newark, DE",2010.0,7.0,True,True
744,2010,2010-07-07 16:13:00,2010-07-07 22:29:00,6.266666666666667,43903.0,,RFC,Loss of Transmission Equipment,,"York, South Central Pennsylvania",2010.0,7.0,True,True
745,2010,2010-07-15 19:00:00,2010-07-19 23:30:00,100.5,127534.0,540.0,RFC,Severe Weather,,Southeastern Michigan,2010.0,7.0,True,True
746,2010,2010-07-17 20:30:00,2010-07-19 22:00:00,49.5,63000.0,,MRO,"Strong Winds, Tornadoes",,Minnesota,2010.0,7.0,True,True
747,2010,2010-07-21 18:44:00,2010-07-21 20:00:00,1.2666666666666666,50100.0,,NPCC,Thunderstorms,,Connecticut,2010.0,7.0,True,True
748,2010,2010-07-23 10:00:00,2010-07-24 23:55:00,37.916666666666664,,2011.0,WECC,Made Public Appeals,,Northern Utah,2010.0,7.0,True,False
749,2010,2010-07-23 19:30:00,2010-07-26 18:30:00,71.0,82000.0,400.0,RFC,Severe Weather,,Southeastern Michigan,2010.0,7.0,True,True
750,2010,2010-07-25 15:10:00,2010-07-30 23:30:00,128.33333333333334,297700.0,,RFC,Severe Weather,,"Washington, DC Region",2010.0,7.0,True,True
751,2010,2010-07-25 15:20:00,2010-07-27 18:00:00,50.666666666666664,124000.0,480.0,RFC,Severe Weather,,Central Maryland,2010.0,7.0,True,True
752,2010,2010-07-25 16:11:00,2010-07-25 20:06:00,3.9166666666666665,81000.0,950.0,SERC,Severe Weather,,Northern Virginia,2010.0,7.0,True,True
753,2010,2010-07-29 17:43:00,2010-07-29 20:07:00,2.4,55000.0,,SERC,Thunderstorms,,Virginia,2010.0,7.0,True,True
754,2010,2010-07-29 18:39:00,2010-07-29 19:26:00,0.7833333333333333,,522.0,WECC,"Shed Interruptible Load, Wildfire",,Southern California,2010.0,7.0,True,False
755,2010,2010-07-29 18:39:00,2010-07-29 19:26:00,0.7833333333333333,,522.0,WECC,"Shed Interruptible Load, Wildfire",,Southern California,2010.0,7.0,True,False
756,2010,2010-08-02 12:00:00,2010-08-02 23:00:00,11.0,,,WECC,Fuel Supply Deficiency (Hydro),,Central California,2010.0,8.0,True,False
757,2010,2010-08-02 12:45:00,2010-08-04 11:00:00,46.25,,,SERC,Made Public Appeals,,Southern Louisiana,2010.0,8.0,True,False
758,2010,2010-08-02 12:45:00,2010-08-04 11:00:00,46.25,,,SERC,Made Public Appeals,,Southern Louisiana,2010.0,8.0,True,False
759,2010,2010-08-02 12:45:00,2010-08-04 11:00:00,46.25,,,SERC,Made Public Appeals,,Southwestern Louisiana,2010.0,8.0,True,False
760,2010,2010-08-02 12:45:00,2010-08-04 11:00:00,46.25,,,SPP,Made Public Appeals,,Southern Louisiana,2010.0,8.0,True,False
761,2010,2010-08-04 12:00:00,2010-08-04 22:00:00,10.0,,,SPP,Made Public Appeals,,"Northern Texas, Eastern New Mexico",2010.0,8.0,True,False
762,2010,2010-08-04 16:45:00,2010-08-07 00:00:00,55.25,11186.0,60.0,RFC,Thunderstorms,,"Western Pennsylvania, Northwestern and Central West Virginia",2010.0,8.0,True,True
763,2010,2010-08-04 17:00:00,2010-08-06 04:00:00,35.0,37000.0,,RFC,Severe Weather,,"Ohio, West Virginia, Kentucky",2010.0,8.0,True,True
764,2010,2010-08-05 15:30:00,2010-08-05 22:00:00,6.5,76729.0,,RFC,Thunderstorms,,"District of Columbia, Maryland",2010.0,8.0,True,True
765,2010,2010-08-05 15:54:00,2010-08-08 00:00:00,56.1,145157.0,,RFC,Thunderstorms,,Northern Virginia,2010.0,8.0,True,True
766,2010,2010-08-09 12:00:00,2010-08-16 12:00:00,168.0,,,RFC,Fuel Supply Defiency,,Upstate New York,2010.0,8.0,True,False
767,2010,2010-08-11 15:21:00,2010-08-12 12:12:00,20.85,57000.0,,RFC,Severe Weather,,Ohio,2010.0,8.0,True,True
768,2010,2010-08-12 06:45:00,2010-08-12 21:00:00,14.25,101003.0,,RFC,Severe Weather,,"District of Columbia, Maryland",2010.0,8.0,True,True
769,2010,2010-08-12 08:21:00,2010-08-12 11:00:00,2.65,,65.0,SPP,Made Public Appeals,,Central Nebraska,2010.0,8.0,True,False
770,2010,2010-08-12 15:42:00,2010-08-12 22:10:00,6.466666666666667,7600.0,30.0,MRO,Made Public Appeals,,"City of Oshkosh, Wisconsin",2010.0,8.0,True,True
771,2010,2010-08-19 18:00:00,2010-08-23 15:30:00,93.5,80000.0,340.0,RFC,Severe Weather,,Southeastern Michigan,2010.0,8.0,True,True
772,2010,2010-08-23 17:50:00,2010-08-24 09:30:00,15.666666666666666,81586.0,746.0,TRE,Severe Weather,,"Houston, Texas",2010.0,8.0,True,True
773,2010,2010-09-01 10:20:00,2010-09-01 12:44:00,2.4,15000.0,31.0,WECC,Electrical System Separation (Islanding),,"Pittsburg (Bay Area), California",2010.0,9.0,True,True
774,2010,2010-09-07 14:02:00,2010-09-08 01:27:00,11.416666666666666,340350.0,,TRE,Tropical Storm,,"San Antonio, Texas",2010.0,9.0,True,True
775,2010,2010-09-20 17:00:00,2010-09-20 17:30:00,0.5,,,SERC,Low Flying Helicopter,,"King George County, Virginia",2010.0,9.0,True,False
776,2010,2010-09-21 21:31:00,2010-09-22 14:30:00,16.983333333333334,138000.0,,RFC,Thunderstorms,,Central and Southern Michigan,2010.0,9.0,True,True
777,2010,2010-09-22 06:12:00,2010-09-22 23:00:00,16.8,,526.0,WECC,Firm Load Shed,,"Bakersfield, California",2010.0,9.0,True,False
778,2010,2010-09-22 16:08:00,2010-09-26 00:00:00,79.86666666666666,52000.0,156.0,RFC,Thunderstorms,,"City of Pittsburgh, Pennsylvania",2010.0,9.0,True,True
779,2010,2010-09-22 17:38:00,2010-09-24 23:30:00,53.86666666666667,82861.0,389.0,RFC,Thunderstorms,,Western Pennsylvania,2010.0,9.0,True,True
780,2010,2010-09-27 15:15:00,2010-09-27 18:12:00,2.95,,595.0,WECC,Interruptible Load Shed,,Central and Southern California,2010.0,9.0,True,False
781,2010,2010-10-05 05:45:00,2010-10-07 06:00:00,48.25,73514.0,,WECC,Rain and High Winds,,"City of Los Angeles, California",2010.0,10.0,True,True
782,2010,2010-10-26 09:00:00,2010-10-28 11:00:00,50.0,192106.0,,RFC,Thunderstorms,,Northern Illinois,2010.0,10.0,True,True
783,2010,2010-10-26 20:00:00,2010-10-28 22:00:00,50.0,70000.0,,MRO,High Winds,,Minnesota,2010.0,10.0,True,True
784,2010,2010-10-27 04:00:00,2010-10-27 12:00:00,8.0,63000.0,,MRO,High Winds,,Northeast and North Central Wisconsin,2010.0,10.0,True,True
785,2010,2010-10-27 08:00:00,2010-10-29 07:00:00,47.0,285000.0,240.0,RFC,High Winds,,Michigan's Northerly Lower Peninsula,2010.0,10.0,True,True
786,2010,2010-10-27 17:00:00,2010-10-29 04:00:00,35.0,127000.0,,RFC,High Winds,,Northern Illinois,2010.0,10.0,True,True
787,2010,2010-10-27 17:16:00,2010-10-27 17:27:00,0.18333333333333332,2674.0,16.0,WECC,Electrical System Separation-Islanding,,Northern California,2010.0,10.0,True,True
788,2010,2010-10-31 22:26:00,2010-11-01 01:45:00,3.316666666666667,,500.0,WECC,Firm System Load Loss,,"Bakersfield, California",2010.0,10.0,True,False
789,2010,2010-11-04 09:46:00,2010-11-04 10:47:00,1.0166666666666666,,,WECC,Transmission Equipment Failure/Interruptible Load Shed,,"Rock Springs, Wyoming",2010.0,11.0,True,False
790,2010,2010-11-06 15:53:00,2010-11-06 18:08:00,2.25,4.0,20.0,WECC,Electrical System Separation - Islanding,,Northern California,2010.0,11.0,True,True
791,2010,2010-11-08 06:47:00,2010-11-08 18:00:00,11.216666666666667,60863.0,,NPCC,Snow and High Winds,,Maine,2010.0,11.0,True,True
792,2010,2010-11-13 15:00:00,2010-11-14 22:00:00,31.0,60000.0,,MRO,Winter Storm,,Minnesota,2010.0,11.0,True,True
793,2010,2010-11-15 23:00:00,2010-11-16 02:14:00,3.2333333333333334,149256.0,391.0,WECC,High Winds,,Puget Sound Region,2010.0,11.0,True,True
794,2010,2010-11-21 01:39:00,2010-11-24 16:46:00,87.11666666666666,60000.0,75.0,WECC,Winter Storm,,Northern and Central California,2010.0,11.0,True,True
795,2010,2010-11-22 23:00:00,2010-11-24 20:00:00,45.0,123535.0,420.0,WECC,Winter Storm,,"Puget Sound Region, Washington",2010.0,11.0,True,True
796,2010,2010-11-23 14:01:00,2010-11-23 18:12:00,4.183333333333334,7077.0,22.0,WECC,Electrical System Separation - Islanding,,Northern California,2010.0,11.0,True,True
797,2010,2010-12-03 21:32:00,2010-12-04 02:00:00,4.466666666666667,7077.0,22.0,WECC,Electrical System Separation - Islanding,,California,2010.0,12.0,True,True
798,2010,2010-12-12 16:30:00,2010-12-15 14:00:00,69.5,60175.0,210.0,RFC,Severe Weather,,Southeastern Michigan,2010.0,12.0,True,True
799,2010,2010-12-14 07:20:00,2010-12-14 07:25:00,0.08333333333333333,6635.0,9.0,WECC,Electrical System Separation - Islanding,,California,2010.0,12.0,True,True
800,2010,2010-12-14 07:36:00,2010-12-15 09:00:00,25.4,,464.0,WECC,Transmission Equipment/Firm System Load,,Southern California,2010.0,12.0,True,False
801,2010,2010-12-18 05:00:00,2010-12-19 22:00:00,41.0,92090.0,184.0,WECC,Severe Weather,,"Redmond, Washington",2010.0,12.0,True,True
802,2010,2010-12-26 08:15:00,2010-12-26 16:15:00,8.0,42000.0,,SERC,Severe Weather,,Carolina,2010.0,12.0,True,True
803,2010,2010-12-30 14:00:00,2011-01-12 06:00:00,304.0,,300.0,RFC,Fuel Supply Deficiency,,New York,2010.0,12.0,True,False
804,2011,2011-01-11 23:08:00,2011-01-11 23:08:00,0.0,0.0,0.0,NPCC,Electrical Fault at Generator,,"Athens, New York",2011.0,1.0,True,True
805,2011,2011-01-12 06:00:00,2011-01-12 14:00:00,8.0,80000.0,,NPCC,Winter Storm,,Massachusetts,2011.0,1.0,True,True
806,2011,2011-01-13 07:21:00,2011-01-13 08:13:00,0.8666666666666667,20900.0,150.0,FRCC,Firm System Load Shed,,North Florida,2011.0,1.0,True,True
807,2011,2011-01-18 14:00:00,2011-01-18 14:00:00,0.0,0.0,0.0,NPCC,Vandalism,,"Whitman, Auburn St Substation, Massachusetts",2011.0,1.0,True,True
808,2011,2011-01-23 07:00:00,2011-01-23 13:00:00,6.0,0.0,0.0,WECC,Vandalism,,"Franklin County, Idaho",2011.0,1.0,True,True
809,2011,2011-01-24 13:20:00,2011-01-24 13:30:00,0.16666666666666666,0.0,0.0,WECC,Suspicious Activity,,"Newman Power Plant, Texas",2011.0,1.0,True,True
810,2011,2011-01-25 03:23:00,2011-01-25 11:00:00,7.616666666666666,0.0,0.0,RFC,Vandalism,,"Newark, Delaware",2011.0,1.0,True,True
811,2011,2011-01-26 09:25:00,2011-01-27 17:00:00,31.583333333333332,0.0,0.0,WECC,Suspected Telecommunications Attack,,"Carson City, Nevada",2011.0,1.0,True,True
812,2011,2011-01-26 09:33:00,2011-01-27 15:03:00,29.5,0.0,0.0,RFC,Vandalism,,Michigan,2011.0,1.0,True,True
813,2011,2011-01-26 17:00:00,2011-01-31 08:00:00,111.0,210000.0,,RFC,Winter Storm,,"Montgomery and Prince George's County, Maryland and District of Columbia",2011.0,1.0,True,True
814,2011,2011-01-26 18:28:00,2011-01-29 17:00:00,70.53333333333333,234326.0,,RFC,Winter Storm,,Maryland,2011.0,1.0,True,True
815,2011,2011-01-26 19:43:00,2011-01-27 18:18:00,22.583333333333332,150084.0,600.0,SERC,Winter Storm,,Northern Virginia,2011.0,1.0,True,True
816,2011,2011-01-27 09:30:00,2011-01-27 09:30:00,0.0,0.0,0.0,RFC,Vandalism,,"Hockessin, Delaware",2011.0,1.0,True,True
817,2011,2011-01-27 17:00:00,2011-01-30 05:00:00,60.0,,108.0,NPCC,Fuel Supply Deficiency (Coal),,Central New York,2011.0,1.0,True,False
818,2011,2011-01-31 22:00:00,2011-02-03 12:00:00,62.0,272880.0,996.0,RFC,Ice Storm,,Southwestern Ohio and Indiana,2011.0,1.0,True,True
819,2011,2011-02-01 15:00:00,2011-02-03 12:00:00,45.0,158013.0,,RFC,Winter Storm,,"Indiana, Ohio",2011.0,2.0,True,True
820,2011,2011-02-01 21:00:00,2011-02-02 14:00:00,17.0,190000.0,,RFC,Winter Storm,,Northern Illinois,2011.0,2.0,True,True
821,2011,2011-02-02 03:00:00,2011-02-04 23:59:00,68.98333333333333,213000.0,,RFC,Winter Storm,,"Philadelphia area, Pennsylvania",2011.0,2.0,True,True
822,2011,2011-02-02 05:43:00,2011-02-03 10:00:00,28.283333333333335,1069730.0,4000.0,TRE,Generation Inadequacy/Load Shed,,Texas,2011.0,2.0,True,True
823,2011,2011-02-02 06:22:00,2011-02-02 09:57:00,3.5833333333333335,69000.0,3963.0,WECC,Generation Inadequacy/Load Shed,,Central Arizona,2011.0,2.0,True,True
824,2011,2011-02-02 07:24:00,2011-02-02 22:23:00,14.983333333333333,178000.0,280.0,WECC,Generation Inadequacy/Load Shed,,"Dona Ana and El Paso Counties, Texas and Hudspeth County, New Mexico",2011.0,2.0,True,True
825,2011,2011-02-02 17:00:00,2011-02-03 22:00:00,29.0,,,SPP,Fuel Supply Deficiency (Natural Gas),,"Texas Panhandle, Southeastern New Mexico",2011.0,2.0,True,False
826,2011,2011-02-03 15:00:00,2011-02-04 12:00:00,21.0,,,WECC,Fuel Supply Deficiency (Natural Gas),,"San Diego area, California",2011.0,2.0,True,False
827,2011,2011-02-03 14:30:00,2011-02-03 14:30:00,0.0,0.0,,RFC,Suspected Cyber Attack,,"Bowie, Maryland",2011.0,2.0,True,True
828,2011,2011-02-03 22:04:00,2011-02-04 12:32:00,14.466666666666667,86013.0,400.0,TRE,Generation Inadequacy/Load Shed,,Texas,2011.0,2.0,True,True
829,2011,2011-02-09 03:45:00,2011-02-09 09:12:00,5.45,60000.0,399.0,TRE,Winter Storm,,"Western Houston, Texas",2011.0,2.0,True,True
830,2011,2011-02-09 14:54:00,2011-02-09 17:00:00,2.1,0.0,0.0,WECC,Vandalism,,"University Place, Washington",2011.0,2.0,True,True
831,2011,2011-02-09 16:30:00,2011-02-10 12:33:00,20.05,,,TRE,Cold Weather Event,,Texas,2011.0,2.0,True,False
832,2011,2011-02-10 13:00:00,2011-02-10 13:00:00,0.0,0.0,0.0,WECC,Vandalism,,"LaGrande, Washington",2011.0,2.0,True,True
833,2011,2011-02-17 01:25:00,2011-02-19 10:13:00,56.8,80000.0,91.0,WECC,Major Storm,,Northern and Central California,2011.0,2.0,True,True
834,2011,2011-02-17 13:00:00,2011-02-23 16:53:00,147.88333333333333,0.0,0.0,WECC,Suspected Cyber Attack,,"Roseville, California",2011.0,2.0,True,True
835,2011,2011-02-19 12:30:00,2011-02-20 04:00:00,15.5,118000.0,,RFC,Major Storm,,"Philadelphia area, Pennsylvania",2011.0,2.0,True,True
836,2011,2011-02-19 16:34:00,2011-02-19 16:34:00,0.0,0.0,0.0,RFC,Vandalism,,"Harrington, Delaware",2011.0,2.0,True,True
837,2011,2011-02-20 16:00:00,2011-02-23 16:00:00,72.0,160000.0,262.0,RFC,Winter Storm,,"Southern Lower Peninsula, Michigan",2011.0,2.0,True,True
838,2011,2011-02-24 16:51:00,2011-02-24 16:54:00,0.05,,4.0,SPP,Electrical System Separation (Islanding),,Arkansas,2011.0,2.0,True,False
839,2011,2011-02-25 15:20:00,2011-02-25 18:00:00,2.6666666666666665,50000.0,,SERC,Severe Weather,,Virginia,2011.0,2.0,True,True
840,2011,2011-02-25 15:23:00,2011-02-27 18:00:00,50.61666666666667,93000.0,,RFC,Severe Weather,,Maryland,2011.0,2.0,True,True
841,2011,2011-02-25 08:00:00,2011-02-28 17:30:00,81.5,80000.0,91.0,WECC,Winter Storm,,Northern and Central California,2011.0,2.0,True,True
842,2011,2011-02-25 10:30:00,2011-02-25 10:45:00,0.25,0.0,0.0,WECC,Vandalism,,"Salt Lake City, Utah",2011.0,2.0,True,True
843,2011,2011-03-01 08:00:00,2011-03-05 09:30:00,97.5,,675.0,NPCC,Fuel Supply Deficiency (Coal),,Western New York,2011.0,3.0,True,False
844,2011,2011-03-06 02:54:00,2011-03-08 08:00:00,53.1,0.0,,WECC,Vandalism,,"Salt Lake City Region, Utah",2011.0,3.0,True,True
845,2011,2011-03-08 08:00:00,2011-03-08 09:00:00,1.0,,676.0,NPCC,Fuel Supply Deficiency (Coal),,Western New York,2011.0,3.0,True,False
846,2011,2011-03-10 12:03:00,2011-03-11 06:00:00,17.95,,,TRE,Suspected Physical Attack,,Texas,2011.0,3.0,True,False
847,2011,2011-03-11 07:02:00,2011-03-11 09:15:00,2.216666666666667,6800.0,15.0,WECC,Generation Inadequacy/Load Shed,,"Humboldt and Eureka, California",2011.0,3.0,True,True
848,2011,2011-03-13 14:20:00,2011-03-14 15:46:00,25.433333333333334,9000.0,,WECC,Severe Weather,,Oregon,2011.0,3.0,True,True
849,2011,2011-03-14 07:30:00,2011-03-14 16:55:00,9.416666666666666,,,RFC,Suspected Cyber Attack,,"Baltimore, Maryland",2011.0,3.0,True,False
850,2011,2011-03-15 18:00:00,2011-03-15 19:14:00,1.2333333333333334,,,TRE,Suspected Physical Attack,,"The Woodlands, Texas",2011.0,3.0,True,False
851,2011,2011-03-17 07:40:00,2011-03-17 11:00:00,3.3333333333333335,,,NPCC,Vandalism,,"Deerfield, New Hampshire",2011.0,3.0,True,False
852,2011,2011-03-18 09:54:00,2011-03-18 15:34:00,5.666666666666667,,,RFC,Vandalism,,"Greene County, Ohio",2011.0,3.0,True,False
853,2011,2011-03-19 23:56:00,2011-03-24 19:10:00,115.23333333333333,128000.0,91.0,WECC,Major Storm,,Northern and Central California,2011.0,3.0,True,True
854,2011,2011-03-20 09:44:00,2011-03-21 10:00:00,24.266666666666666,79000.0,,WECC,Major Storm,,"Los Angeles, California",2011.0,3.0,True,True
855,2011,2011-03-21 12:35:00,2011-03-21 14:45:00,2.1666666666666665,54332.0,150.0,WECC,Major Storm,,Southern California,2011.0,3.0,True,True
856,2011,2011-03-21 00:57:00,2011-03-21 02:29:00,1.5333333333333334,,,NPCC,Vandalism,,"Deerfield, New Hampshire",2011.0,3.0,True,False
857,2011,2011-03-23 18:30:00,2011-03-24 04:55:00,10.416666666666666,60596.0,,RFC,Major Storm,,"Indiana. Kentucky, Michigan, Ohio, Tennessee, Virginia, West Virginia",2011.0,3.0,True,True
858,2011,2011-03-27 13:27:00,2011-03-27 17:00:00,3.55,165000.0,295.0,WECC,Transmission Level Outage,,"Sonoma and Central Valley, California",2011.0,3.0,True,True
859,2011,2011-03-31 14:30:00,2011-04-01 23:59:00,33.483333333333334,50000.0,,FRCC,Severe Weather,,Central and Western Florida,2011.0,3.0,True,True
860,2011,2011-03-31 11:30:00,2011-03-31 20:30:00,9.0,87000.0,206.0,FRCC,Severe Weather,,"Greater Tampa Bay, Florida",2011.0,3.0,True,True
861,2011,2011-04-03 20:23:00,2011-04-05 15:00:00,42.61666666666667,0.0,0.0,SERC,Suspected Cyber Attack,,Unknown,2011.0,4.0,True,True
862,2011,2011-04-04 11:47:00,2011-04-08 00:01:00,84.23333333333333,63000.0,359.0,SERC,Severe Weather,,"Memphis, Tennessee",2011.0,4.0,True,True
863,2011,2011-04-04 13:00:00,2011-04-05 00:00:00,11.0,63000.0,300.0,SERC,Severe Weather,,"Shelby County, Tennessee",2011.0,4.0,True,True
864,2011,2011-04-04 14:00:00,2011-04-08 00:01:00,82.01666666666667,73000.0,300.0,SERC,Severe Weather,,"Davidson County, Tennessee",2011.0,4.0,True,True
865,2011,2011-04-04 19:00:00,2011-04-05 20:00:00,25.0,74645.0,,SERC,Severe Weather,,"Southeast Arkansas, Southeast Louisiana, Western Mississippi, Eastern Texas",2011.0,4.0,True,True
866,2011,2011-04-04 19:00:00,2011-04-05 12:00:00,17.0,52920.0,,RFC,Severe Weather,,"Kentucky, West Virginia",2011.0,4.0,True,True
867,2011,2011-04-04 21:00:00,2011-04-05 23:30:00,26.5,303434.0,674.0,SERC,Severe Weather,,"Alabama, Florida, Georgia, Mississippi",2011.0,4.0,True,True
868,2011,2011-04-05 02:00:00,2011-04-07 23:00:00,69.0,256000.0,1200.0,SERC,Severe Weather,,"North Carolina, South Carolina",2011.0,4.0,True,True
869,2011,2011-04-06 10:50:00,2011-04-06 10:50:00,0.0,0.0,0.0,RFC,Vandalism,,"Felton, Delaware",2011.0,4.0,True,True
870,2011,2011-04-11 17:40:00,2011-04-11 17:51:00,0.18333333333333332,0.0,0.0,WECC,Suspicious Activity,,"Salt Lake City, Utah",2011.0,4.0,True,True
871,2011,2011-04-16 14:16:00,2011-04-17 16:30:00,26.233333333333334,220000.0,,SERC,Severe Weather,,Central and Eastern North Carolina,2011.0,4.0,True,True
872,2011,2011-04-19 20:00:00,2011-04-19 22:00:00,2.0,80000.0,,SERC,Severe Weather,,Illinois,2011.0,4.0,True,True
873,2011,2011-04-19 14:01:00,2011-04-19 16:04:00,2.05,0.0,0.0,WECC,Vandalism,,"Graham, Washington",2011.0,4.0,True,True
874,2011,2011-04-19 22:44:00,2011-04-20 02:00:00,3.2666666666666666,64000.0,100.0,SERC,Severe Weather,,"Memphis, Tennessee",2011.0,4.0,True,True
875,2011,2011-04-19 23:02:00,2011-04-21 17:32:00,42.5,105000.0,300.0,SERC,Severe Weather,,"Memphis, Tennessee",2011.0,4.0,True,True
876,2011,2011-04-19 23:13:00,2011-04-20 19:14:00,20.016666666666666,,22.0,SERC,Severe Weather,,"Osceola, Arkansas",2011.0,4.0,True,False
877,2011,2011-04-20 02:00:00,2011-04-21 12:00:00,34.0,165711.0,,RFC,Severe Weather - High Winds,,"Indiana, Kentucky, Ohio",2011.0,4.0,True,True
878,2011,2011-04-20 08:07:00,2011-04-20 08:14:00,0.11666666666666667,11000.0,33.0,SERC,Equipment Malfunction,,"Ruston, Louisiana",2011.0,4.0,True,True
879,2011,2011-04-21 07:15:00,2011-04-21 16:50:00,9.583333333333334,0.0,0.0,WECC,Vandalism,,"Oquirrh Substation, Salt Lake City, Utah",2011.0,4.0,True,True
880,2011,2011-04-21 19:00:00,2011-04-29 19:05:00,192.08333333333334,,,RFC,Suspicious Activity,,"Trenton, Michigan",2011.0,4.0,True,False
881,2011,2011-04-22 21:00:00,2011-04-22 23:00:00,2.0,55000.0,0.0,SERC,Severe Weather,,"Metro St. Louis area, Missouri",2011.0,4.0,True,True
882,2011,2011-04-25 16:33:00,2011-04-25 17:19:00,0.7666666666666667,,140.0,SERC,Equipment Malfunction,,Northeast Tennessee,2011.0,4.0,True,False
883,2011,2011-04-25 17:30:00,2011-04-27 18:00:00,48.5,141700.0,,SPP,Severe Weather,,"Arkansas, Louisiana, Mississippi",2011.0,4.0,True,True
884,2011,2011-04-26 05:49:00,2011-04-27 09:59:00,28.166666666666668,,120.0,SPP,Severe Weather,,Southern Louisiana,2011.0,4.0,True,False
885,2011,2011-04-26 09:51:00,2011-04-28 09:51:00,48.0,55000.0,,SERC,Severe Weather,,"Alabama, Georgia, Mississippi, Tennessee",2011.0,4.0,True,True
886,2011,2011-04-26 13:04:00,2011-04-26 14:00:00,0.9333333333333333,0.0,0.0,WECC,Vandalism,,"Salt Lake City, Utah",2011.0,4.0,True,True
887,2011,2011-04-26 18:14:00,2011-04-28 17:00:00,46.766666666666666,13000.0,50.0,SPP,Severe Weather,,Eastern Arkansas,2011.0,4.0,True,True
888,2011,2011-04-27 08:00:00,2011-05-02 16:03:00,128.05,426640.0,1422.0,SERC,Severe Weather,,"Alabama, Florida, Georgia, Mississippi",2011.0,4.0,True,True
889,2011,2011-04-27 10:00:00,2011-04-29 16:29:00,54.483333333333334,612000.0,,SERC,Severe Weather,,"Alabama, Georgia, Mississippi, Tennessee",2011.0,4.0,True,True
890,2011,2011-04-27 22:00:00,2011-04-28 10:00:00,12.0,69000.0,0.0,SERC,Severe Weather,,"Ohio, Tennessee, Virginia",2011.0,4.0,True,True
891,2011,2011-04-28 05:00:00,2011-04-30 18:30:00,61.5,86000.0,,RFC,Severe Weather,,"Cleveland area, Ohio",2011.0,4.0,True,True
892,2011,2011-04-28 16:09:00,2011-04-28 16:10:00,0.016666666666666666,,960.0,WECC,Equipment Malfunction,,"Phoenix, Arizona",2011.0,4.0,True,False
893,2011,2011-05-02 17:06:00,2011-05-02 20:00:00,2.9,62000.0,220.0,,Severe Weather,,Hawaii,2011.0,5.0,True,True
894,2011,2011-05-02 14:00:00,2011-05-02 14:00:00,0.0,0.0,0.0,NPCC,Suspected Physical Attack,,"West River Substation, New Haven, Connecticut",2011.0,5.0,True,True
895,2011,2011-05-02 08:52:00,2011-05-02 10:46:00,1.9,0.0,0.0,WECC,Vandalism,,"N. Ogden Substation, Ogden, Utah",2011.0,5.0,True,True
896,2011,2011-05-03 12:00:00,2011-05-05 12:00:00,48.0,0.0,0.0,NPCC,Suspected Physical Attack,,"St. Lawrence Power Dam, New York",2011.0,5.0,True,True
897,2011,2011-05-04 13:08:00,2011-05-04 13:25:00,0.2833333333333333,0.0,0.0,RFC,Suspected Physical Attack,,Maryland,2011.0,5.0,True,True
898,2011,2011-05-04 12:20:00,2011-05-04 15:40:00,3.3333333333333335,0.0,0.0,RFC,Suspected Sabotage,,Michigan,2011.0,5.0,True,True
899,2011,2011-05-05 09:15:00,2011-05-05 09:15:00,0.0,0.0,0.0,NPCC,Vandalism,,New Hampshire,2011.0,5.0,True,True
900,2011,2011-05-06 06:56:00,2011-05-06 10:30:00,3.566666666666667,0.0,0.0,WECC,Vandalism,,"Alderwood Substation, Portland, Oregon",2011.0,5.0,True,True
901,2011,2011-05-08 19:35:00,2011-05-08 19:35:00,0.0,0.0,,NPCC,Vandalism,,New York,2011.0,5.0,True,True
902,2011,2011-05-09 13:11:00,2011-05-09 13:11:00,0.0,0.0,0.0,NPCC,Vandalism,,"Milton, New Hampshire",2011.0,5.0,True,True
903,2011,2011-05-09 04:08:00,2011-05-09 06:40:00,2.533333333333333,,630.0,RFC,Suspected Physical Attack,,"Holtwood, Pennsylvania",2011.0,5.0,True,False
904,2011,2011-05-10 22:21:00,2011-05-11 14:25:00,16.066666666666666,58000.0,,RFC,Severe Weather,,"Kentucky, West Virginia",2011.0,5.0,True,True
905,2011,2011-05-10 13:45:00,2011-05-10 15:00:00,1.25,0.0,0.0,NPCC,Vandalism,,New Hampshire,2011.0,5.0,True,True
906,2011,2011-05-10 03:25:00,2011-05-11 14:10:00,34.75,78213.0,585.0,RFC,Generation Inadequacy; Load Shed; Electrical System Separation (Islanding),,"Upper Peninsula, Michigan",2011.0,5.0,True,True
907,2011,2011-05-11 15:55:00,2011-05-12 13:57:00,22.033333333333335,0.0,0.0,MRO,Vandalism,,"Colbyville, Haines Road and Arrowhead Substations, Minnesota",2011.0,5.0,True,True
908,2011,2011-05-11 13:35:00,2011-05-11 13:35:00,0.0,0.0,0.0,WECC,Vandalism,,"Green River, Wyoming",2011.0,5.0,True,True
909,2011,2011-05-11 11:00:00,2011-05-11 11:30:00,0.5,0.0,0.0,NPCC,Vandalism,,"North Chelsea Substation, New York",2011.0,5.0,True,True
910,2011,2011-05-11 00:15:00,2011-05-11 17:20:00,17.083333333333332,71000.0,300.0,SERC,Severe Weather,,"Charlotte, North Carolina",2011.0,5.0,True,True
911,2011,2011-05-13 06:00:00,2011-05-13 06:00:00,0.0,0.0,0.0,WECC,Vandalism,,"Salt Lake, Utah",2011.0,5.0,True,True
912,2011,2011-05-21 17:00:00,2011-05-22 18:34:00,25.566666666666666,,56.0,WECC,Physical Attack,,"Dixie Valley Area, Nevada",2011.0,5.0,True,False
913,2011,2011-05-22 17:09:00,2011-05-31 12:01:00,210.86666666666667,20000.0,200.0,SPP,Severe Weather,,"Joplin, Sarcoxie, and Wentworth, Missouri",2011.0,5.0,True,True
914,2011,2011-05-23 16:45:00,2011-05-25 23:59:00,55.233333333333334,215387.0,1024.0,RFC,Severe Weather,,"Central, Indiana",2011.0,5.0,True,True
915,2011,2011-05-23 12:30:00,2011-05-25 12:30:00,48.0,70000.0,,SERC,Severe Weather,,"St. Louis County, Missouri",2011.0,5.0,True,True
916,2011,2011-05-24 16:45:00,2011-05-26 17:00:00,48.25,54000.0,,SPP,Severe Weather,,Central Oklahoma,2011.0,5.0,True,True
917,2011,2011-05-24 16:35:00,2011-05-25 12:40:00,20.083333333333332,175000.0,790.0,SERC,Severe Weather,,Eastern Virginia,2011.0,5.0,True,True
918,2011,2011-05-24 09:00:00,2011-05-25 09:10:00,24.166666666666668,0.0,0.0,RFC,Physical Attack,,"Chicago, Illinois",2011.0,5.0,True,True
919,2011,2011-05-25 22:14:00,2011-05-28 11:00:00,60.766666666666666,141000.0,200.0,RFC,Severe Weather,,Central Indiana,2011.0,5.0,True,True
920,2011,2011-05-26 19:56:00,2011-05-27 18:00:00,22.066666666666666,120001.0,150.0,RFC,Severe Weather,,Central Pennsylvania,2011.0,5.0,True,True
921,2011,2011-05-26 18:30:00,2011-05-28 04:44:00,34.233333333333334,218783.0,729.0,SERC,Severe Weather,,"Southern Balancing Area, Georgia",2011.0,5.0,True,True
922,2011,2011-05-26 01:00:00,2011-05-26 06:00:00,5.0,10000.0,30.0,SERC,Transmission Level Interruption,,"Greenwood, Mississippi",2011.0,5.0,True,True
923,2011,2011-05-29 18:30:00,2011-05-31 22:00:00,51.5,113000.0,250.0,RFC,Severe Weather,,"Mid and Southern Lower Peninsula, Michigan",2011.0,5.0,True,True
924,2011,2011-06-02 23:45:00,2011-06-04 16:00:00,40.25,50465.0,0.0,SERC,Severe Weather,,"Greater Columbia, South Carolina",2011.0,6.0,True,True
925,2011,2011-06-04 01:17:00,2011-06-04 03:25:00,2.1333333333333333,420.0,,WECC,Vandalism,,"Midway, California",2011.0,6.0,True,True
926,2011,2011-06-05 05:30:00,2011-06-06 01:30:00,20.0,78000.0,473.0,TRE,Severe Thunderstorms,,"Houston Metro-Area, Texas",2011.0,6.0,True,True
927,2011,2011-06-05 20:02:00,2011-06-05 20:55:00,0.8833333333333333,5314.0,10.0,WECC,Electrical System Separation (Islanding),,"Melones, California",2011.0,6.0,True,True
928,2011,2011-06-06 00:13:00,2011-06-06 03:15:00,3.033333333333333,162000.0,450.0,SPP,Load Shed/ Automatic undervoltage relay action,,"El Paso County, Texas; Dona Ana County, New Mexico",2011.0,6.0,True,True
929,2011,2011-06-06 15:00:00,2011-06-08 15:00:00,48.0,13000.0,,SPP,Public Appeal to Reduce Electricity Usage,,"Eastern, Arkansas",2011.0,6.0,True,True
930,2011,2011-06-07 14:00:00,2011-06-08 06:00:00,16.0,52747.0,,RFC,Severe Weather,,Ohio,2011.0,6.0,True,True
931,2011,2011-06-08 12:58:00,2011-06-08 12:58:00,0.0,,,WECC,Vandalism,,"Fredrickson Substation, Washington",2011.0,6.0,True,False
932,2011,2011-06-09 04:30:00,2011-06-09 12:00:00,7.5,169000.0,,RFC,Severe Thunderstorms,,Illinois,2011.0,6.0,True,True
933,2011,2011-06-09 14:15:00,2011-06-09 14:15:00,0.0,0.0,0.0,WECC,Suspected Physical Attack,,"San Antonio Dam Area, Los Angeles County, California",2011.0,6.0,True,True
934,2011,2011-06-09 17:51:00,2011-06-10 12:00:00,18.15,100000.0,0.0,NPCC,Severe Thunderstorms,,"Western, Massachusetts; Connecticut",2011.0,6.0,True,True
935,2011,2011-06-12 19:00:00,2011-06-12 20:30:00,1.5,56000.0,250.0,RFC,Severe Thunderstorms,,Virginia,2011.0,6.0,True,True
936,2011,2011-06-15 16:00:00,2011-06-16 06:30:00,14.5,,,WECC,Vandalism,,"Bingham County, Idaho",2011.0,6.0,True,False
937,2011,2011-06-15 19:15:00,2011-06-16 06:00:00,10.75,169000.0,563.0,SERC,Severe Thunderstorms,,Georgia,2011.0,6.0,True,True
938,2011,2011-06-15 19:17:00,2011-06-16 01:45:00,6.466666666666667,70135.0,300.0,SERC,Severe Thunderstorms,,"Piedmont, North Carolina",2011.0,6.0,True,True
939,2011,2011-06-18 15:30:00,2011-06-19 15:42:00,24.2,93828.0,312.0,SERC,Severe Thunderstorms,,"Northern, Georgia",2011.0,6.0,True,True
940,2011,2011-06-18 16:45:00,2011-06-20 23:59:00,55.233333333333334,,,SPP,Public Appeal to Reduce Electricity Usage,,"Eastern, Arkansas",2011.0,6.0,True,False
941,2011,2011-06-18 17:00:00,2011-06-18 21:33:00,4.55,70000.0,300.0,SERC,Severe Thunderstorms,,North Carolina; South Carolina,2011.0,6.0,True,True
942,2011,2011-06-20 10:36:00,2011-06-20 10:36:00,0.0,0.0,0.0,WECC,Vandalism,,"Collins Substation, Washington",2011.0,6.0,True,True
943,2011,2011-06-21 18:30:00,2011-06-22 07:00:00,12.5,56000.0,,RFC,Severe Weather,,AEP Region,2011.0,6.0,True,True
944,2011,2011-06-21 21:45:00,2011-06-23 02:00:00,28.25,300000.0,,RFC,Severe Thunderstorms,,Illinois,2011.0,6.0,True,True
945,2011,2011-06-22 09:46:00,2011-06-22 09:46:00,0.0,106300.0,,SERC,Severe Weather,,"Knoxville, Tennessee",2011.0,6.0,True,True
946,2011,2011-06-22 19:00:00,2011-06-23 01:00:00,6.0,75101.0,316.0,SERC,Severe Thunderstorms,,Alabama; Georgia,2011.0,6.0,True,True
947,2011,2011-06-22 20:12:00,2011-06-22 20:12:00,0.0,0.0,0.0,WECC,Vandalism,,"Knoble Substation, Spanaway, Washington",2011.0,6.0,True,True
948,2011,2011-06-23 08:10:00,2011-06-23 09:00:00,0.8333333333333334,0.0,0.0,NPCC,Vandalism,,"Highgate, Vermont",2011.0,6.0,True,True
949,2011,2011-06-24 18:30:00,2011-06-25 01:30:00,7.0,102275.0,340.0,SERC,Severe Thunderstorms,,North/North Central Alabama; Georgia,2011.0,6.0,True,True
950,2011,2011-06-26 16:46:00,2011-06-27 07:59:00,15.216666666666667,,,SPP,Public Appeal to Reduce Electricity Usage,,Southwest Kansas,2011.0,6.0,True,False
951,2011,2011-06-26 18:00:00,2011-06-27 13:00:00,19.0,90160.0,300.0,SERC,Severe Thunderstorms,,Alabama; Georgia,2011.0,6.0,True,True
952,2011,2011-06-27 00:00:00,2011-06-29 01:00:00,49.0,80000.0,,SERC,Severe Thunderstorms,,Illinois; Missouri,2011.0,6.0,True,True
953,2011,2011-06-27 15:00:00,2011-06-27 19:00:00,4.0,0.0,0.0,TRE,Public Appeal to Reduce Electricity Usage,,Texas,2011.0,6.0,True,True
954,2011,2011-06-27 18:55:00,2011-06-27 18:55:00,0.0,,,WECC,Vandalism,,"Olympic Pipeline Substation, Washington",2011.0,6.0,True,False
955,2011,2011-06-29 11:30:00,2011-06-29 18:04:00,6.566666666666666,0.0,0.0,SPP,Public Appeal to Reduce Electricity Usage,,"Panhandle and Muleshoe, Texas",2011.0,6.0,True,True
956,2011,2011-06-30 14:11:00,2011-06-30 23:25:00,9.233333333333333,160000.0,5299.0,WECC,Major System Interruption/Load Shed,,"Phoenix, Arizona",2011.0,6.0,True,True
957,2011,2011-06-30 22:30:00,2011-07-01 17:00:00,18.5,121000.0,,RFC,Severe Weather,,Illinois,2011.0,6.0,True,True
958,2011,2011-06-30 22:31:00,2011-06-30 22:31:00,0.0,0.0,0.0,WECC,Vandalism,,"Olympic Pipeline Substation, Washington",2011.0,6.0,True,True
959,2011,2011-07-01 08:00:00,2011-07-01 08:01:00,0.016666666666666666,0.0,0.0,NPCC,Vandalism,,"CONVEX Local Control Center, Connecticut",2011.0,7.0,True,True
960,2011,2011-07-01 16:38:00,2011-07-01 22:38:00,6.0,0.0,,RFC,Vandalism,,Greene County Ohio,2011.0,7.0,True,True
961,2011,2011-07-01 17:00:00,2011-07-03 20:00:00,51.0,70000.0,,MRO,Severe Weather,,Southwest and South Central Minnesota,2011.0,7.0,True,True
962,2011,2011-07-02 20:15:00,2011-07-06 22:00:00,97.75,182000.0,,RFC,Severe Weather,,"South East, Lower Peninsula, Michigan",2011.0,7.0,True,True
963,2011,2011-07-04 18:00:00,2011-07-04 21:00:00,3.0,51580.0,150.0,SERC,Severe Weather,,Virginia,2011.0,7.0,True,True
964,2011,2011-07-05 10:40:00,2011-07-05 11:37:00,0.95,0.0,0.0,WECC,Vandalism,,West Valley Substation Utah,2011.0,7.0,True,True
965,2011,2011-07-06 09:51:00,2011-07-06 09:52:00,0.016666666666666666,,,NPCC,Vandalism,,Vermont,2011.0,7.0,True,False
966,2011,2011-07-08 10:00:00,2011-07-08 10:00:00,0.0,0.0,0.0,MRO,Vandalism,,"Saginaw, Minnesota",2011.0,7.0,True,True
967,2011,2011-07-08 10:00:00,2011-07-11 09:00:00,71.0,,,RFC,Suspected Cyber Attack,,"PJM Corporate Office, Pennsylvania",2011.0,7.0,True,False
968,2011,2011-07-11 09:00:00,2011-07-11 09:00:00,0.0,500000.0,,RFC,Severe Weather,,Illinois,2011.0,7.0,True,True
969,2011,2011-07-11 09:00:00,2011-07-11 10:25:00,1.4166666666666667,103000.0,254.0,RFC,Severe Weather,,Michigan,2011.0,7.0,True,True
970,2011,2011-07-11 11:15:00,2011-07-12 08:15:00,21.0,85000.0,,RFC,Severe Weather,,Western and Southern Lower Peninsula Michigan,2011.0,7.0,True,True
971,2011,2011-07-11 13:13:00,2011-07-11 13:13:00,0.0,0.0,0.0,RFC,Vandalism,,Southwest Ohio,2011.0,7.0,True,True
972,2011,2011-07-11 13:30:00,2011-07-11 13:30:00,0.0,0.0,,NPCC,Vandalism,,Maine,2011.0,7.0,True,True
973,2011,2011-07-11 14:27:00,2011-07-12 15:50:00,25.383333333333333,120000.0,,RFC,Severe Weather,,"Indiana, Michigan, Ohio",2011.0,7.0,True,True
974,2011,2011-07-12 12:00:00,2011-07-12 12:00:00,0.0,0.0,,NPCC,Vandalism,,Maine,2011.0,7.0,True,True
975,2011,2011-07-12 20:20:00,2011-07-12 21:30:00,1.1666666666666667,,,WECC,Suspected Physical Attack,,California,2011.0,7.0,True,False
976,2011,2011-07-13 17:19:00,2011-07-13 22:03:00,4.733333333333333,,580.0,WECC,Load Shed,,"Pueblo, Colorado",2011.0,7.0,True,False
977,2011,2011-07-14 11:00:00,2011-07-14 19:00:00,8.0,0.0,0.0,TRE,Public Appeal to Reduce Electricity Usage,,Texas,2011.0,7.0,True,True
978,2011,2011-07-18 17:00:00,2011-07-24 13:30:00,140.5,197166.0,,RFC,Severe Weather,,Southeast Michigan,2011.0,7.0,True,True
979,2011,2011-07-19 11:45:00,2011-07-19 15:00:00,3.25,,,NPCC,Vandalism,,Maine,2011.0,7.0,True,False
980,2011,2011-07-20 09:10:00,2011-07-20 16:30:00,7.333333333333333,,,WECC,Vandalism,,"Frederickson Substation, Washington",2011.0,7.0,True,False
981,2011,2011-07-21 12:32:00,2011-07-22 06:30:00,17.966666666666665,,8881.0,RFC,Public Appeal to Reduce Electricity Usage,,"Lower Peninsula, Michigan",2011.0,7.0,True,False
982,2011,2011-07-21 13:00:00,2011-07-21 15:00:00,2.0,,,SERC,Public Appeal to Reduce Electricity Usage,,"Springfield, Illinois",2011.0,7.0,True,False
983,2011,2011-07-22 11:00:00,2011-07-22 18:00:00,7.0,,,NPCC,Public Appeal to Reduce Electricity Usage,,"Upstate, New York",2011.0,7.0,True,False
984,2011,2011-07-22 11:34:00,2011-07-22 17:26:00,5.866666666666666,23000.0,206.0,RFC,Load Shed,,Ohio,2011.0,7.0,True,True
985,2011,2011-07-23 02:30:00,2011-07-24 09:00:00,30.5,169000.0,,RFC,Severe Weather,,Illinois,2011.0,7.0,True,True
986,2011,2011-07-24 14:34:00,2011-07-24 15:47:00,1.2166666666666666,0.0,0.0,NPCC,Vandalism,,"Southern, New Hampshire",2011.0,7.0,True,True
987,2011,2011-07-26 12:01:00,2011-07-26 12:01:00,0.0,0.0,0.0,SPP,Vandalism,,"Backup Control Center, Oklahoma",2011.0,7.0,True,True
988,2011,2011-07-27 12:07:00,2011-07-27 12:08:00,0.016666666666666666,,,WECC,Vandalism,,"Fife, Washington",2011.0,7.0,True,False
989,2011,2011-07-28 07:26:00,2011-07-29 07:26:00,24.0,,,SERC,Fuel Supply Deficiency (Coal),,"Daviess County, Kentucky",2011.0,7.0,True,False
990,2011,2011-07-28 00:14:00,2011-07-29 12:00:00,35.766666666666666,201000.0,,RFC,Severe Weather,,"Entire ComEd Territory, Indiana",2011.0,7.0,True,True
991,2011,2011-07-28 13:32:00,2011-07-28 13:32:00,0.0,,,RFC,Vandalism,,Indiana,2011.0,7.0,True,False
992,2011,2011-07-28 19:25:00,2011-07-28 19:25:00,0.0,,,WECC,Vandalism,,"Spanaway, Washington",2011.0,7.0,True,False
993,2011,2011-07-29 11:46:00,2011-07-29 17:00:00,5.233333333333333,,,WECC,Vandalism,,"Fredrickson, Washington",2011.0,7.0,True,False
994,2011,2011-07-29 20:45:00,2011-08-01 04:24:00,55.65,67900.0,,RFC,Severe Weather,,Central New Jersey,2011.0,7.0,True,True
995,2011,2011-08-01 15:00:00,2011-08-05 19:00:00,100.0,0.0,0.0,TRE,Public Appeal to Reduce Electricity Usage,,Texas,2011.0,8.0,True,True
996,2011,2011-08-01 14:18:00,2011-08-01 14:18:00,0.0,,,WECC,Vandalism,,"Jefferson, Oregon",2011.0,8.0,True,False
997,2011,2011-08-02 21:30:00,2011-08-03 19:00:00,21.5,71500.0,,RFC,Severe Weather,,"Northeast, Illinois",2011.0,8.0,True,True
998,2011,2011-08-02 10:15:00,2011-08-03 09:16:00,23.016666666666666,,,SPP,Public Appeal to Reduce Electricity Usage,,Oklahoma,2011.0,8.0,True,False
999,2011,2011-08-03 10:00:00,2011-08-19 10:00:00,384.0,,675.0,NPCC,Fuel Supply Deficiency (Coal),,Western New York,2011.0,8.0,True,False
1000,2011,2011-08-03 16:30:00,2011-08-03 21:00:00,4.5,0.0,0.0,SPP,Public Appeal to Reduce Electricity Usage,,Central Arkansas,2011.0,8.0,True,True
1001,2011,2011-08-03 16:29:00,2011-08-03 23:40:00,7.183333333333334,,300.0,SPP,Public Appeal to Reduce Electricity Usage,,Northeast Oklahoma,2011.0,8.0,True,False
1002,2011,2011-08-04 10:30:00,2011-08-04 16:00:00,5.5,,,SPP,Public Appeal to Reduce Electricity Usage,,"Arkansas, Oklahoma, Texas",2011.0,8.0,True,False
1003,2011,2011-08-08 09:30:00,2011-08-08 09:30:00,0.0,0.0,0.0,RFC,Suspected Physical Attack,,"Greene County, Ohio",2011.0,8.0,True,True
1004,2011,2011-08-08 20:58:00,2011-08-10 16:30:00,43.53333333333333,54000.0,,SPP,Severe Weather,,Northern and Central Oklahoma,2011.0,8.0,True,True
1005,2011,2011-08-08 19:36:00,2011-08-09 12:00:00,16.4,14500.0,92.0,SPP,Electrical System Separation (Islanding),,Oklahoma,2011.0,8.0,True,True
1006,2011,2011-08-08 09:35:00,2011-08-08 16:00:00,6.416666666666667,,,WECC,Vandalism,,"Collins Substation, Washington",2011.0,8.0,True,False
1007,2011,2011-08-09 10:26:00,2011-08-09 17:00:00,6.566666666666666,,,WECC,Vandalism,,"Polk Substation, Tacoma, Washington",2011.0,8.0,True,False
1008,2011,2011-08-13 16:41:00,2011-08-14 19:00:00,26.316666666666666,181700.0,,SERC,Severe Weather,,Kentucky,2011.0,8.0,True,True
1009,2011,2011-08-15 02:05:00,2011-08-15 03:40:00,1.5833333333333333,0.0,0.0,WECC,Vandalism,,Utah,2011.0,8.0,True,True
1010,2011,2011-08-18 09:51:00,2011-08-18 16:00:00,6.15,,,WECC,Suspected Physical Attack,,"Collins Substation, Washington",2011.0,8.0,True,False
1011,2011,2011-08-20 17:42:00,2011-08-23 20:00:00,74.3,65000.0,254.0,RFC,Severe Weather,,Southeastern Michigan,2011.0,8.0,True,True
1012,2011,2011-08-21 22:45:00,2011-08-23 22:45:00,48.0,931000.0,2200.0,,Severe Weather,,Puerto Rico,2011.0,8.0,True,True
1013,2011,2011-08-22 10:05:00,2011-08-22 16:00:00,5.916666666666667,,,WECC,Suspected Physical Attack,,"Collins Substation, Washington",2011.0,8.0,True,False
1014,2011,2011-08-23 13:51:00,2011-08-23 13:51:00,0.0,0.0,0.0,RFC,Earthquake,,Virginia,2011.0,8.0,True,True
1015,2011,2011-08-23 10:30:00,2011-08-23 16:54:00,6.4,0.0,0.0,SPP,Public Appeal to Reduce Electricity Usage,,"Southeastern New Mexico,  Texas Panhandle",2011.0,8.0,True,True
1016,2011,2011-08-23 15:43:00,2011-08-23 19:00:00,3.283333333333333,0.0,0.0,TRE,Public Appeal to Reduce Electricity Usage,,Texas,2011.0,8.0,True,True
1017,2011,2011-08-24 13:20:00,2011-08-29 19:00:00,125.66666666666667,0.0,0.0,TRE,Public Appeal to Reduce Electricity Usage,,Texas,2011.0,8.0,True,True
1018,2011,2011-08-24 07:45:00,2011-08-25 06:00:00,22.25,79000.0,485.0,TRE,Severe Weather,,"Houston area, Texas",2011.0,8.0,True,True
1019,2011,2011-08-24 14:51:00,2011-08-24 22:00:00,7.15,53064.0,,SPP,Severe Weather,,"Arkansas, Louisiana, Texas",2011.0,8.0,True,True
1020,2011,2011-08-25 00:01:00,2011-08-25 00:01:00,0.0,0.0,0.0,NPCC,Suspected Physical Attack,,Maine,2011.0,8.0,True,True
1021,2011,2011-08-25 00:30:00,2011-08-28 20:00:00,91.5,107833.0,,RFC,Severe Weather,,"Cleveland area, Ohio",2011.0,8.0,True,True
1022,2011,2011-08-26 00:30:00,2011-08-28 00:30:00,48.0,200717.0,,RFC,Severe Weather,,Pennsylvania,2011.0,8.0,True,True
1023,2011,2011-08-27 23:05:00,2011-08-28 15:30:00,16.416666666666668,220000.0,,RFC,Severe Weather,,District of Columbia; Maryland,2011.0,8.0,True,True
1024,2011,2011-08-27 23:00:00,2011-08-29 08:00:00,33.0,108000.0,,RFC,Severe Weather,,Maryland,2011.0,8.0,True,True
1025,2011,2011-08-27 22:00:00,2011-08-29 16:00:00,42.0,140000.0,320.0,RFC,Severe Weather,,Southern New Jersey,2011.0,8.0,True,True
1026,2011,2011-08-27 22:00:00,2011-08-29 22:00:00,48.0,264000.0,,RFC,Severe Weather,,Pennsylvania,2011.0,8.0,True,True
1027,2011,2011-08-27 20:30:00,2011-09-04 23:30:00,195.0,760113.0,1114.0,RFC,Severe Weather,,Maryland,2011.0,8.0,True,True
1028,2011,2011-08-27 13:00:00,2011-08-29 13:00:00,48.0,165000.0,,RFC,Severe Weather,,Delaware; Maryland,2011.0,8.0,True,True
1029,2011,2011-08-27 19:00:00,2011-08-29 13:31:00,42.516666666666666,136000.0,200.0,SERC,Severe Weather,,Eastern North Carolina,2011.0,8.0,True,True
1030,2011,2011-08-27 10:33:00,2011-08-29 14:00:00,51.45,1000000.0,,SERC,Severe Weather,,North Carolina; Virginia,2011.0,8.0,True,True
1031,2011,2011-08-27 02:57:00,2011-08-29 23:30:00,68.55,285465.0,,SERC,Severe Weather,,Eastern North Carolina,2011.0,8.0,True,True
1032,2011,2011-08-27 02:00:00,2011-08-27 05:15:00,3.25,1200.0,2.0,SERC,Distribution System Interruption,,Wilson County North Carolina,2011.0,8.0,True,True
1033,2011,2011-08-28 12:30:00,2011-08-28 12:31:00,0.016666666666666666,116000.0,,NPCC,Severe Weather,,New York,2011.0,8.0,True,True
1034,2011,2011-08-28 12:10:00,2011-08-28 12:11:00,0.016666666666666666,50000.0,,NPCC,Severe Weather,,Eastern Massachusetts,2011.0,8.0,True,True
1035,2011,2011-08-28 09:42:00,2011-08-30 00:01:00,38.31666666666667,100000.0,,NPCC,Severe Weather,,Eastern New York,2011.0,8.0,True,True
1036,2011,2011-08-28 07:40:00,2011-08-29 07:40:00,24.0,158000.0,,NPCC,Severe Weather,,Southwest Connecticut,2011.0,8.0,True,True
1037,2011,2011-08-28 07:00:00,2011-09-03 00:01:00,137.01666666666668,99700.0,,NPCC,Severe Weather,,New York,2011.0,8.0,True,True
1038,2011,2011-08-28 05:01:00,2011-09-03 05:01:00,144.0,50000.0,,NPCC,Severe Weather,,Borough's and Westshester County New York,2011.0,8.0,True,True
1039,2011,2011-08-28 05:00:00,2011-08-30 05:00:00,48.0,152261.0,,NPCC,Severe Weather,,"Long Island, New York",2011.0,8.0,True,True
1040,2011,2011-08-28 00:01:00,2011-08-30 00:01:00,48.0,180000.0,,NPCC,Severe Weather,,"Mid-Hudson, New York",2011.0,8.0,True,True
1041,2011,2011-08-28 02:58:00,2011-08-30 02:58:00,48.0,284000.0,110.0,RFC,Severe Weather,,Eastern and Northeastern Pennsylvania,2011.0,8.0,True,True
1042,2011,2011-08-28 00:30:00,2011-08-30 00:30:00,48.0,650000.0,,RFC,Severe Weather,,Northern and Central New Jersey,2011.0,8.0,True,True
1043,2011,2011-08-28 00:23:00,2011-08-30 00:23:00,48.0,665000.0,500.0,RFC,Severe Weather,,New Jersey,2011.0,8.0,True,True
1044,2011,2011-08-28 20:55:00,2011-08-28 23:39:00,2.7333333333333334,0.0,0.0,WECC,Suspected Physical Attack,,"Calapooya Substation, Oregon",2011.0,8.0,True,True
1045,2011,2011-08-31 12:52:00,2011-08-31 12:52:00,0.0,0.0,0.0,RFC,Suspected Physical Attack,,Southwest Ohio,2011.0,8.0,True,True
1046,2011,2011-09-01 08:13:00,2011-09-01 16:00:00,7.783333333333333,,,WECC,Vandalism,,"Graham Substaion, Washington",2011.0,9.0,True,False
1047,2011,2011-09-03 14:00:00,2011-09-08 18:00:00,124.0,105000.0,,RFC,Severe Weather,,"Southeast Lower Peninsula, Michigan",2011.0,9.0,True,True
1048,2011,2011-09-05 16:30:00,2011-09-07 15:45:00,47.25,53295.0,177.0,SERC,Severe Weather,,Alabama; Georgia,2011.0,9.0,True,True
1049,2011,2011-09-07 00:08:00,2011-09-07 10:50:00,10.7,0.0,0.0,NPCC,Actual Physical Attack,,Western Connecticut; New York,2011.0,9.0,True,True
1050,2011,2011-09-08 15:28:00,2011-09-10 15:30:00,48.03333333333333,2000000.0,7000.0,WECC,Transmission/Distribution Interruption; Load Shed; Generation Inadequacy,,Arizona; California,2011.0,9.0,True,True
1051,2011,2011-09-08 19:53:00,2011-09-09 16:00:00,20.116666666666667,,,WECC,Vandalism,,"Collins Substation, Tacoma, Washington",2011.0,9.0,True,False
1052,2011,2011-09-12 09:15:00,2011-09-12 15:30:00,6.25,0.0,0.0,RFC,Vandalism,,"English Creek, New Jersey",2011.0,9.0,True,True
1053,2011,2011-09-13 11:43:00,2011-09-14 16:00:00,28.283333333333335,,,WECC,Vandalism,,"Lacamas Substation, Roy, Washington",2011.0,9.0,True,False
1054,2011,2011-09-13 14:03:00,2011-09-13 18:21:00,4.3,0.0,,NPCC,Vandalism,,"Saranac, New York",2011.0,9.0,True,True
1055,2011,2011-09-14 09:00:00,2011-09-14 14:00:00,5.0,0.0,0.0,WECC,Vandalism,,"Salt Lake County, Utah",2011.0,9.0,True,True
1056,2011,2011-09-20 12:55:00,2011-09-20 17:00:00,4.083333333333333,,,WECC,Vandalism,,"Lacamas Substaion, Washington",2011.0,9.0,True,False
1057,2011,2011-09-21 10:30:00,2011-09-21 10:30:00,0.0,0.0,0.0,RFC,Suspected Physical Attack,,"Hockessin, Delaware",2011.0,9.0,True,True
1058,2011,2011-09-21 14:37:00,2011-09-21 15:47:00,1.1666666666666667,319616.0,600.0,,Generation Inadequacy; Load Shed,,Puerto Rico,2011.0,9.0,True,True
1059,2011,2011-09-22 14:50:00,2011-09-22 14:51:00,0.016666666666666666,0.0,,RFC,Vandalism,,"Montgomery County, Ohio",2011.0,9.0,True,True
1060,2011,2011-09-23 09:04:00,2011-09-23 09:04:00,0.0,0.0,0.0,NPCC,Vandalism,,"North Haven, Connecticut",2011.0,9.0,True,True
1061,2011,2011-09-24 16:17:00,2011-09-25 16:00:00,23.716666666666665,,,WECC,Vandalism,,"Collins Substation, Tacoma, Washington",2011.0,9.0,True,False
1062,2011,2011-09-26 10:15:00,2011-09-26 10:15:00,0.0,0.0,0.0,RFC,Vandalism,,"McKee City, New Jersey",2011.0,9.0,True,True
1063,2011,2011-09-29 05:00:00,2011-09-30 06:00:00,25.0,65000.0,,TRE,Severe Weather,,"Houston metro area, Texas",2011.0,9.0,True,True
1064,2011,2011-09-28 09:30:00,2011-09-28 13:00:00,3.5,,,NPCC,Vandalism,,"Watertown, Connecticut",2011.0,9.0,True,False
1065,2011,2011-09-28 14:59:00,2011-09-28 14:59:00,0.0,0.0,0.0,RFC,Vandalism,,"Dorothy, New Jersey",2011.0,9.0,True,True
1066,2011,2011-09-28 16:41:00,2011-09-28 16:41:00,0.0,0.0,0.0,RFC,Suspected Physical Attack,,"Bethany Beach, Delaware",2011.0,9.0,True,True
1067,2011,2011-09-29 18:44:00,2011-09-30 16:00:00,21.266666666666666,,,WECC,Vandalism,,"Collins Substation, Tacoma, Washington",2011.0,9.0,True,False
1068,2011,2011-09-30 08:22:00,2011-09-30 08:22:00,0.0,0.0,0.0,RFC,Suspected Physical Attack,,"Wilmington, Delaware",2011.0,9.0,True,True
1069,2011,2011-10-06 11:07:00,2011-10-06 11:07:00,0.0,0.0,0.0,WECC,Vandalism,,"Oquirrh Substation, Utah",2011.0,10.0,True,True
1070,2011,2011-10-07 08:04:00,2011-10-07 16:00:00,7.933333333333334,,,WECC,Suspected Physical Attack,,"Olympic Pipeline, Spanaway, Washington",2011.0,10.0,True,False
1071,2011,2011-10-14 14:20:00,2011-10-14 14:20:00,0.0,0.0,0.0,RFC,Vandalism,,"English Creek, New Jersey",2011.0,10.0,True,True
1072,2011,2011-10-17 03:34:00,2011-10-17 10:42:00,7.133333333333334,0.0,0.0,RFC,Vandalism,,"Seat Pleasant, Maryland",2011.0,10.0,True,True
1073,2011,2011-10-17 15:44:00,2011-10-17 15:44:00,0.0,2000.0,7.0,RFC,Vandalism,,Southwest Ohio,2011.0,10.0,True,True
1074,2011,2011-10-18 03:45:00,2011-10-18 05:25:00,1.6666666666666667,0.0,0.0,RFC,Suspected Physical Attack,,"Holmesburg Substation, Philadelphia, Pennsylvania",2011.0,10.0,True,True
1075,2011,2011-10-20 07:15:00,2011-10-20 07:15:00,0.0,0.0,0.0,RFC,Vandalism,,"McKee, New Jersey",2011.0,10.0,True,True
1076,2011,2011-10-24 23:37:00,2011-10-26 23:00:00,47.38333333333333,0.0,0.0,RFC,Suspected Physical Attack,,"Holmesburg Substation, Philadelphia, Pennsylvania",2011.0,10.0,True,True
1077,2011,2011-10-26 05:00:00,2011-10-27 15:00:00,34.0,204000.0,,WECC,Severe Weather,,"Denver; Ft. Collins, Colorado",2011.0,10.0,True,True
1078,2011,2011-10-27 01:00:00,2011-10-27 02:36:00,1.6,,,RFC,Vandalism,,"Munster, Indiana",2011.0,10.0,True,False
1079,2011,2011-10-29 08:59:00,2011-11-07 19:58:00,226.98333333333332,312359.0,,RFC,Severe Weather,,Pennsylvania,2011.0,10.0,True,True
1080,2011,2011-10-29 08:59:00,2011-11-07 15:00:00,222.01666666666668,50000.0,,RFC,Severe Weather,,Pennsylvania,2011.0,10.0,True,True
1081,2011,2011-10-29 09:59:00,2011-11-07 13:00:00,219.01666666666668,379000.0,,RFC,Severe Weather,,Northwest and Central New Jersey,2011.0,10.0,True,True
1082,2011,2011-10-29 11:18:00,2011-11-04 00:00:00,132.7,161151.0,,NPCC,Severe Weather,,Southeast New York,2011.0,10.0,True,True
1083,2011,2011-10-29 12:57:00,2011-11-03 23:00:00,130.05,146721.0,,RFC,Severe Weather,,"Harrisburg, Lehigh Valley, Lancaster Region Pennsylvania",2011.0,10.0,True,True
1084,2011,2011-10-29 14:00:00,2011-10-31 14:00:00,48.0,109335.0,,RFC,Severe Weather,,Southeast Pennsylvania,2011.0,10.0,True,True
1085,2011,2011-10-29 14:30:00,2011-11-06 12:00:00,189.5,197000.0,125.0,RFC,Severe Weather,,New Jersey,2011.0,10.0,True,True
1086,2011,2011-10-29 15:00:00,2011-11-02 08:15:00,89.25,145000.0,,NPCC,Severe Weather,,"Mid-Hudson Valley Region, New York",2011.0,10.0,True,True
1087,2011,2011-10-29 16:14:00,2011-11-07 16:00:00,215.76666666666668,1418100.0,,NPCC,Severe Weather,,Connecticut; Maine; Massachusetts; New Hampshire; Rhode Island,2011.0,10.0,True,True
1088,2011,2011-10-29 16:16:00,2011-11-02 21:30:00,101.23333333333333,50000.0,,NPCC,Severe Weather,,New York City area,2011.0,10.0,True,True
1089,2011,2011-10-29 20:00:00,2011-10-31 20:00:00,48.0,74000.0,,"NPCC, RFC",Severe Weather,,New Jersey; New York,2011.0,10.0,True,True
1090,2011,2011-11-04 10:46:00,2011-11-04 10:46:00,0.0,0.0,0.0,WECC,Vandalism,,"Sweetwater County, Wyoming",2011.0,11.0,True,True
1091,2011,2011-11-13 11:30:00,2011-11-13 12:00:00,0.5,0.0,0.0,NPCC,Vandalism,,"Cate Road, Deerfield, New Hampshire",2011.0,11.0,True,True
1092,2011,2011-11-14 14:24:00,2011-11-14 14:24:00,0.0,0.0,0.0,RFC,Vandalism,,"McKee, New Jersey",2011.0,11.0,True,True
1093,2011,2011-11-22 23:16:00,2011-11-22 23:16:00,0.0,0.0,0.0,RFC,Suspected Physical Attack,,Indiana,2011.0,11.0,True,True
1094,2011,2011-11-30 10:00:00,2011-11-30 11:00:00,1.0,0.0,0.0,WECC,Vandalism,,"Orchard Substation, Washington",2011.0,11.0,True,True
1095,2011,2011-11-30 16:56:00,2011-12-02 10:00:00,41.06666666666667,150000.0,,WECC,Severe Weather,,"City of Los Angeles, California",2011.0,11.0,True,True
1096,2011,2011-12-01 00:45:00,2011-12-07 21:00:00,164.25,91690.0,,WECC,Severe Weather,,Southern California,2011.0,12.0,True,True
1097,2011,2011-12-01 03:29:00,2011-12-02 13:05:00,33.6,100000.0,300.0,WECC,Severe Weather,,Northern California,2011.0,12.0,True,True
1098,2011,2011-12-01 10:00:00,2011-12-02 13:11:00,27.183333333333334,60000.0,,WECC,Severe Weather,,Wasatch Front Area Utah,2011.0,12.0,True,True
1099,2011,2011-12-02 16:15:00,2011-12-02 20:30:00,4.25,,,TRE,Suspected Physical Attack,,Rusk County Texas,2011.0,12.0,True,False
1100,2011,2011-12-05 14:00:00,2011-12-06 17:00:00,27.0,,,WECC,Suspected Physical Attack,,"Tacoma, Washington",2011.0,12.0,True,False
1101,2011,2011-12-06 08:00:00,2011-12-06 20:00:00,12.0,34500.0,155.0,MRO,Public Appeal to Reduce Electricity Usage,,"Bismarck-Mandan, North Dakota",2011.0,12.0,True,True
1102,2011,2011-12-06 17:38:00,2011-12-07 11:04:00,17.433333333333334,0.0,0.0,RFC,Suspected Physical Attack,,"Montague, Michigan",2011.0,12.0,True,True
1103,2011,2011-12-07 19:29:00,2011-12-07 22:57:00,3.466666666666667,60000.0,240.0,SERC,Severe Weather,,Central Virginia,2011.0,12.0,True,True
1104,2011,2011-12-08 08:45:00,2011-12-08 16:30:00,7.75,,,WECC,Suspected Physical Attack,,"Tacoma, Washington",2011.0,12.0,True,False
1105,2011,2011-12-13 03:19:00,2011-12-14 03:19:00,24.0,0.0,,RFC,Suspected Physical Attack,,Clinton County Ohio,2011.0,12.0,True,True
1106,2011,2011-12-19 08:48:00,2011-12-19 16:00:00,7.2,,,WECC,Suspected Physical Attack,,"Croft Substation, Tacoma, Washington",2011.0,12.0,True,False
1107,2011,2011-12-20 07:45:00,2011-12-20 08:45:00,1.0,2500.0,12.0,WECC,Suspected Physical Attack,,"Sweet Home, Oregon",2011.0,12.0,True,True
1108,2011,2011-12-20 09:30:00,2011-12-20 09:31:00,0.016666666666666666,,,WECC,Suspected Physical Attack,,"Tacoma, Washington",2011.0,12.0,True,False
1109,2011,2011-12-21 10:30:00,2011-12-21 10:30:00,0.0,0.0,0.0,WECC,Suspected Cyber Attack,,"Boise, Idaho",2011.0,12.0,True,True
1110,2011,2011-12-31 21:26:00,2011-12-31 21:26:00,0.0,,,WECC,Suspected Physical Attack,,"Tacoma, Washington",2011.0,12.0,True,False
1111,2012,2012-01-04 12:14:00,2012-01-04 12:14:00,0.0,,,WECC,Suspected physical attack,,"Tacoma, Washington",2012.0,1.0,True,False
1112,2012,2012-01-05 10:35:00,2012-01-05 12:25:00,1.8333333333333333,0.0,0.0,SPP,Sabotage,,"CSWS/AEP West territory, Oklahoma",2012.0,1.0,True,True
1113,2012,2012-01-05 10:28:00,2012-01-05 12:25:00,1.95,,,SPP,Suspected physical attack,,"Creek County, Oklahoma",2012.0,1.0,True,False
1114,2012,2012-01-09 14:30:00,2012-01-09 15:30:00,1.0,,,NPCC,Vandalism,,"Watertown, Connecticut",2012.0,1.0,True,False
1115,2012,2012-01-09 13:36:00,2012-01-11 01:05:00,35.483333333333334,1.0,150.0,SERC,Load Shed,,Louisiana,2012.0,1.0,True,True
1116,2012,2012-01-10 21:30:00,2012-01-10 21:30:00,0.0,,,TRE,Load Shed,,"Rusk County, Texas",2012.0,1.0,True,False
1117,2012,2012-01-11 07:19:00,2012-01-11 09:07:00,1.8,0.0,0.0,WECC,Suspected Physical Attack,,Nevada,2012.0,1.0,True,True
1118,2012,2012-01-12 08:26:00,2012-01-12 08:26:00,0.0,0.0,0.0,RFC,Physical Attack,,"Newark, Delaware",2012.0,1.0,True,True
1119,2012,2012-01-13 09:20:00,2012-01-13 09:20:00,0.0,0.0,0.0,RFC,Physical Attack,,"Newark, Delaware",2012.0,1.0,True,True
1120,2012,2012-01-15 09:35:00,2012-01-15 09:35:00,0.0,,,WECC,Vandalism,,"Tacoma, Washington",2012.0,1.0,True,False
1121,2012,2012-01-17 10:31:00,2012-01-17 17:21:00,6.833333333333333,0.0,,TRE,Suspected Cyber Attack,,"Austin, Texas",2012.0,1.0,True,True
1122,2012,2012-01-19 07:00:00,2012-01-20 15:00:00,32.0,426000.0,1600.0,WECC,Severe Weather - Winter Storm,,"King, Pierce and Thurston Counties, Washington",2012.0,1.0,True,True
1123,2012,2012-01-24 11:22:00,2012-01-24 11:22:00,0.0,,,WECC,Vandalism,,"Tacoma, Washington",2012.0,1.0,True,False
1124,2012,2012-01-27 09:40:00,2012-01-27 09:40:00,0.0,,,WECC,Vandalism,,"Frederickson Substation, Spanaway, Washington",2012.0,1.0,True,False
1125,2012,2012-01-29 12:45:00,2012-01-29 12:45:00,0.0,,,WECC,Vandalism,,"Roosevelt Substation, Tacoma, Washington",2012.0,1.0,True,False
1126,2012,2012-02-11 08:47:00,2012-02-11 10:30:00,1.7166666666666666,0.0,0.0,WECC,Suspected Physical Attack,,"Lamar, Colorado",2012.0,2.0,True,True
1127,2012,2012-02-11 08:55:00,2012-02-11 08:55:00,0.0,,,WECC,Suspected Physical Attack,,"Tacoma, Washington",2012.0,2.0,True,False
1128,2012,2012-02-13 07:02:00,2012-02-13 16:25:00,9.383333333333333,,,SERC,Suspected Physical Attack,,"Asheville, North Carolina",2012.0,2.0,True,False
1129,2012,2012-02-14 19:20:00,2012-02-15 16:00:00,20.666666666666668,,,WECC,Suspected Physical Attack,,"Tacoma, Washington",2012.0,2.0,True,False
1130,2012,2012-02-15 05:33:00,2012-02-15 17:30:00,11.95,0.0,0.0,WECC,Suspected Physical Attack,,"Port Orchard, Washington",2012.0,2.0,True,True
1131,2012,2012-02-17 03:00:00,2012-02-17 11:33:00,8.55,,,SERC,Suspected Cyber Attack,,"Little Rock, Arkansas",2012.0,2.0,True,False
1132,2012,2012-02-19 17:00:00,2012-02-21 07:33:00,38.55,90000.0,,SERC,Severe Weather - Winter Storm,,"Kentucky, Virginia, West Virginia",2012.0,2.0,True,True
1133,2012,2012-02-23 05:45:00,2012-02-23 15:02:00,9.283333333333333,0.0,0.0,TRE,Suspected Physical Attack,,"South East College Station, Texas",2012.0,2.0,True,True
1134,2012,2012-02-23 23:12:00,2012-02-24 01:00:00,1.8,0.0,0.0,NPCC,Suspected Physical Attack,,"Londonderry, New Hampshire",2012.0,2.0,True,True
1135,2012,2012-02-24 11:24:00,2012-02-24 11:49:00,0.4166666666666667,,,WECC,Suspected Physical Attack,,"Spanaway, Washington",2012.0,2.0,True,False
1136,2012,2012-02-28 02:59:00,2012-02-28 06:12:00,3.216666666666667,1.0,1.0,WECC,Electrical System Separation (Islanding),,"Sacramento, California",2012.0,2.0,True,True
1137,2012,2012-02-28 07:00:00,2012-02-28 07:00:00,0.0,,,WECC,Suspected Physical Attack,,Coos County Oregon,2012.0,2.0,True,False
1138,2012,2012-03-02 12:37:00,2012-03-05 12:01:00,71.4,,500.0,SERC,Severe Weather - Tornadoes,,Northern Alabama; Southeast Tennessee,2012.0,3.0,True,False
1139,2012,2012-03-02 13:45:00,2012-03-02 15:30:00,1.75,,,SERC,Operational Failure/Equipment Malfunction,,"Piggott, Arkansas",2012.0,3.0,True,False
1140,2012,2012-03-02 21:00:00,2012-03-05 16:30:00,67.5,130000.0,371.0,RFC,Severe Weather - Winter Storm,,"Southeastern, Michigan",2012.0,3.0,True,True
1141,2012,2012-03-02 21:00:00,2012-03-04 17:30:00,44.5,140000.0,50.0,RFC,Severe Weather - Winter Storm,,"Lower Peninsula, Michigan",2012.0,3.0,True,True
1142,2012,2012-03-04 01:27:00,2012-03-04 06:58:00,5.516666666666667,,,RFC,Suspected Physical Attack,,"Prince Georges County, Maryland",2012.0,3.0,True,False
1143,2012,2012-03-04 13:38:00,2012-03-05 11:00:00,21.366666666666667,,,SERC,Suspected Physical Attack,,Texas,2012.0,3.0,True,False
1144,2012,2012-03-16 16:00:00,2012-03-16 16:00:00,0.0,0.0,0.0,RFC,Suspected Physical Attack,,"New Castle, Delaware",2012.0,3.0,True,True
1145,2012,2012-03-20 08:00:00,2012-03-20 13:00:00,5.0,96000.0,,TRE,Severe Weather - Thunderstorms,,"Houston, Texas",2012.0,3.0,True,True
1146,2012,2012-03-23 19:34:00,2012-03-23 19:34:00,0.0,0.0,0.0,RFC,Suspected Physical Attack,,"Newark, Delaware",2012.0,3.0,True,True
1147,2012,2012-03-26 13:24:00,2012-03-26 13:24:00,0.0,,,WECC,Suspected Physical Attack,,"Tacoma, Washington",2012.0,3.0,True,False
1148,2012,2012-03-28 10:17:00,2012-03-28 10:17:00,0.0,,,WECC,Suspected Physical Attack,,"Graham, Washington",2012.0,3.0,True,False
1149,2012,2012-03-29 12:01:00,2012-03-29 12:02:00,0.016666666666666666,0.0,,RFC,Electrical System Separation (Islanding),,"Lansing, Michigan",2012.0,3.0,True,True
1150,2012,2012-03-30 11:10:00,2012-03-30 11:30:00,0.3333333333333333,,,NPCC,Suspected Physical Attack,,Vermont,2012.0,3.0,True,False
1151,2012,2012-04-01 20:27:00,2012-04-03 08:28:00,36.016666666666666,0.0,0.0,MRO,Vandalism,,"Council Bluffs, Iowa",2012.0,4.0,True,True
1152,2012,2012-04-03 11:10:00,2012-04-03 11:25:00,0.25,0.0,0.0,NPCC,Vandalism,,"West Rutland, Vermont",2012.0,4.0,True,True
1153,2012,2012-04-03 15:33:00,2012-04-03 20:25:00,4.866666666666666,0.0,0.0,WECC,Physical Attack,,"Seattle, Washington",2012.0,4.0,True,True
1154,2012,2012-04-04 15:32:00,2012-04-06 15:30:00,47.96666666666667,,,WECC,Suspected Physical Attack,,"WAPA-SNR Regional Office, California",2012.0,4.0,True,False
1155,2012,2012-04-07 14:35:00,2012-04-07 14:36:00,0.016666666666666666,0.0,0.0,RFC,Physical Attack,,"Newark, Delaware",2012.0,4.0,True,True
1156,2012,2012-04-07 12:25:00,2012-04-07 12:26:00,0.016666666666666666,0.0,0.0,RFC,Physical Attack,,"Newark, Delaware",2012.0,4.0,True,True
1157,2012,2012-04-07 09:31:00,2012-04-07 09:32:00,0.016666666666666666,0.0,0.0,RFC,Physical Attack,,"Newark, Delaware",2012.0,4.0,True,True
1158,2012,2012-04-11 09:00:00,2012-04-11 09:00:00,0.0,0.0,0.0,NPCC,Vandalism,,"North Attleboro, Massachusetts",2012.0,4.0,True,True
1159,2012,2012-04-12 08:08:00,2012-04-12 16:30:00,8.366666666666667,,,WECC,Suspected Physical Attack,,"Tacoma, Washington",2012.0,4.0,True,False
1160,2012,2012-04-15 19:38:00,2012-04-15 21:26:00,1.8,,,SERC,Suspected Physical Attack,,Georgia,2012.0,4.0,True,False
1161,2012,2012-04-16 15:46:00,2012-04-19 02:00:00,58.233333333333334,111393.0,218.0,RFC,Severe Weather - High Winds,,"Southeast, Michigan",2012.0,4.0,True,True
1162,2012,2012-04-17 06:11:00,2012-04-17 17:48:00,11.616666666666667,0.0,0.0,WECC,Suspected Physical Attack,,"San Diego County, California",2012.0,4.0,True,True
1163,2012,2012-04-19 07:53:00,2012-04-19 16:00:00,8.116666666666667,,,WECC,Suspected Physical Attack,,"Tacoma, Washington",2012.0,4.0,True,False
1164,2012,2012-04-20 14:27:00,2012-04-21 04:27:00,14.0,120377.0,,TRE,Severe Weather - Thunderstorms,,"Metropolitan Houston, Texas",2012.0,4.0,True,True
1165,2012,2012-04-21 15:02:00,2012-04-21 20:09:00,5.116666666666666,,,NPCC,Physical Attack,,"East Bridgewater, Massachusetts",2012.0,4.0,True,False
1166,2012,2012-04-21 20:55:00,2012-04-23 16:30:00,43.583333333333336,,,WECC,Suspected Physical Attack,,"Tacoma, Washington",2012.0,4.0,True,False
1167,2012,2012-04-23 08:11:00,2012-04-23 12:47:00,4.6,,,RFC,Suspected Physical Attack,,Northwest Indiana,2012.0,4.0,True,False
1168,2012,2012-04-23 11:56:00,2012-04-23 15:35:00,3.65,,,WECC,Suspected Physical Attack,,"Snohomish County, Washington",2012.0,4.0,True,False
1169,2012,2012-05-07 12:50:00,2012-05-07 14:00:00,1.1666666666666667,0.0,0.0,NPCC,Vandalism,,"Williston, Vermont",2012.0,5.0,True,True
1170,2012,2012-05-07 17:45:00,2012-05-07 18:06:00,0.35,1.0,420.0,RFC,Load Shed/Severe Weather  - Lightning Storm,,Eastern Ohio,2012.0,5.0,True,True
1171,2012,2012-05-11 11:05:00,2012-05-11 11:20:00,0.25,,,WECC,Vandalism,,"Lakewood, Washington",2012.0,5.0,True,False
1172,2012,2012-05-24 15:20:00,2012-05-25 17:29:00,26.15,,,NPCC,Physical Attack,,"Tyngsborough, Massachusetts",2012.0,5.0,True,False
1173,2012,2012-05-29 18:30:00,2012-05-29 19:40:00,1.1666666666666667,,,WECC,Physical Attack,,"Alder Dam, Pierce County, Washington",2012.0,5.0,True,False
1174,2012,2012-05-29 20:35:00,2012-05-31 10:00:00,37.416666666666664,112000.0,,SPP,Severe Weather - Thunderstorms,,"Oklahoma City Metro Area, Oklahoma",2012.0,5.0,True,True
1175,2012,2012-05-31 23:45:00,2012-06-01 04:30:00,4.75,0.0,0.0,RFC,Physical Attack,,"Columbus, Ohio",2012.0,5.0,True,True
1176,2012,2012-06-02 07:30:00,2012-06-02 11:35:00,4.083333333333333,,,WECC,Vandalism,,"San Francisco, California",2012.0,6.0,True,False
1177,2012,2012-06-06 08:00:00,2012-06-06 08:00:00,0.0,,,NPCC,Vandalism,,"Delhi, New York",2012.0,6.0,True,False
1178,2012,2012-06-06 12:37:00,2012-06-06 12:37:00,0.0,0.0,0.0,RFC,Vandalism,,"Columbia Heights, NW, Washington DC",2012.0,6.0,True,True
1179,2012,2012-06-08 17:20:00,2012-06-08 17:25:00,0.08333333333333333,30379.0,120.0,WECC,Load Shed,,"Denver Metro Area, Colorado",2012.0,6.0,True,True
1180,2012,2012-06-11 19:50:00,2012-06-12 15:00:00,19.166666666666668,110591.0,368.0,SERC,Severe Weather - Thunderstorms,,North/Central Alabama; North/Central Georgia,2012.0,6.0,True,True
1181,2012,2012-06-12 15:57:00,2012-06-14 04:57:00,37.0,175000.0,920.0,TRE,Severe Weather - Thunderstorms,,"Houston, Texas",2012.0,6.0,True,True
1182,2012,2012-06-13 16:55:00,2012-06-13 22:09:00,5.233333333333333,0.0,0.0,WECC,Vandalism,,"San Juan County, New Mexico",2012.0,6.0,True,True
1183,2012,2012-06-19 04:30:00,2012-06-20 23:00:00,42.5,68200.0,,MRO,Severe Weather - Thunderstorms,,"Minneapolis/St. Paul, Minnesota",2012.0,6.0,True,True
1184,2012,2012-06-19 05:30:00,2012-06-21 05:30:00,48.0,,,WECC,Fuel Supply Deficiency (Water),,CAISO Territory California,2012.0,6.0,True,False
1185,2012,2012-06-23 18:57:00,2012-06-23 19:28:00,0.5166666666666667,29250.0,51.0,NPCC,Load Shed,,"North Shore, Massachusetts",2012.0,6.0,True,True
1186,2012,2012-06-25 16:04:00,2012-06-26 13:45:00,21.683333333333334,190000.0,600.0,SERC,Severe Weather - Wind & Rain,,Central Virginia,2012.0,6.0,True,True
1187,2012,2012-06-29 10:45:00,2012-06-29 10:45:00,0.0,0.0,0.0,RFC,Physical Attack,,"New Castle, Delaware",2012.0,6.0,True,True
1188,2012,2012-06-29 12:10:00,2012-06-29 17:02:00,4.866666666666666,900000.0,1800.0,,Equipment Trip & Failure,,Puerto Rico,2012.0,6.0,True,True
1189,2012,2012-06-29 14:10:00,2012-07-04 18:00:00,123.83333333333333,175000.0,500.0,RFC,Severe Weather - Thunderstorms,,"Dayton, Ohio",2012.0,6.0,True,True
1190,2012,2012-06-29 16:00:00,2012-07-02 16:00:00,72.0,1355919.0,,RFC,Severe Weather - Thunderstorms,,Indiana; Michigan; Ohio; West Virginia,2012.0,6.0,True,True
1191,2012,2012-06-29 16:00:00,2012-06-29 21:00:00,5.0,7935.0,45.0,SERC,Public Appeal to Reduce Electricity Usage,,"Eastern, Arkansas",2012.0,6.0,True,True
1192,2012,2012-06-29 17:15:00,2012-07-02 23:59:00,78.73333333333333,4645572.0,2946.0,RFC,Severe Weather - Thunderstorms,,Eastern Indiana; Northern Kentucky; Greater Cincinnati area Ohio,2012.0,6.0,True,True
1193,2012,2012-06-29 18:24:00,2012-07-06 10:00:00,159.6,265000.0,700.0,RFC,Severe Weather - Thunderstorms,,West Virginia,2012.0,6.0,True,True
1194,2012,2012-06-29 19:00:00,2012-07-07 19:43:00,192.71666666666667,145000.0,,RFC,Severe Weather - Thunderstorms,,Maryland; West Virginia,2012.0,6.0,True,True
1195,2012,2012-06-29 22:15:00,2012-07-05 12:52:00,134.61666666666667,425000.0,3000.0,RFC,Severe Weather - Thunderstorms,,"Montgomery and Prince Georges Counties, Maryland; District of Columbia",2012.0,6.0,True,True
1196,2012,2012-06-29 22:29:00,2012-07-04 15:36:00,113.11666666666666,880000.0,5000.0,SERC,Severe Weather - Thunderstorms,,Virginia,2012.0,6.0,True,True
1197,2012,2012-06-29 22:43:00,2012-07-05 11:50:00,133.11666666666667,600000.0,1465.0,RFC,Severe Weather - Thunderstorms,,"Greater Baltimore area, Maryland",2012.0,6.0,True,True
1198,2012,2012-06-29 23:30:00,2012-06-30 02:00:00,2.5,109000.0,,RFC,Severe Weather - Thunderstorms,,Northeast Illinois,2012.0,6.0,True,True
1199,2012,2012-06-30 01:00:00,2012-07-03 01:00:00,72.0,86390.0,0.0,RFC,Severe Weather - Thunderstorms,,Delaware; Maryland,2012.0,6.0,True,True
1200,2012,2012-06-30 01:15:00,2012-07-07 17:33:00,184.3,205000.0,,RFC,Severe Weather - Thunderstorms,,Atlantic City Electric Service Territory New Jersey,2012.0,6.0,True,True
1201,2012,2012-06-30 15:00:00,2012-07-02 12:00:00,45.0,,,SERC,Public Appeal to Reduce Electricity Usage,,Northeast Tennessee,2012.0,6.0,True,False
1202,2012,2012-06-30 22:30:00,2012-07-02 08:11:00,33.68333333333333,60000.0,354.0,RFC,Severe Weather - Thunderstorms,,"Calvert, Charles, St. Mary's, Prince Georges Counties Maryland",2012.0,6.0,True,True
1203,2012,2012-07-01 13:00:00,2012-07-03 15:00:00,50.0,320000.0,,RFC,Severe Weather - Thunderstorms,,Illinois,2012.0,7.0,True,True
1204,2012,2012-07-01 16:47:00,2012-07-01 23:00:00,6.216666666666667,6100.0,48.0,SERC,Operational Failure; Storm Damage,,"Tarboro, North Carolina",2012.0,7.0,True,True
1205,2012,2012-07-01 17:45:00,2012-07-01 22:15:00,4.5,69106.0,,SERC,Severe Weather,,"Northern, Central and Eastern North Carolina",2012.0,7.0,True,True
1206,2012,2012-07-05 00:00:00,2012-07-06 20:30:00,44.5,111000.0,,RFC,Severe Weather - Thunderstorms,,Lower Peninsula Michigan,2012.0,7.0,True,True
1207,2012,2012-07-05 19:00:00,2012-07-06 16:00:00,21.0,50001.0,,SERC,Severe Weather - Wind & Storms,,Northeast Tennessee,2012.0,7.0,True,True
1208,2012,2012-07-06 15:05:00,2012-07-06 15:06:00,0.016666666666666666,,,WECC,Vandalism,,"Tacoma, Washington",2012.0,7.0,True,False
1209,2012,2012-07-07 04:00:00,2012-07-10 04:00:00,72.0,0.0,,WECC,Fuel Supply Deficiency (Water),,CAISO California,2012.0,7.0,True,True
1210,2012,2012-07-07 06:06:00,2012-07-09 23:00:00,64.9,64500.0,,RFC,Severe Weather - Thunderstorms,,"Lower Valley, Central, Susquehanna Regions Pennsylvania",2012.0,7.0,True,True
1211,2012,2012-07-07 18:00:00,2012-07-09 19:01:00,49.016666666666666,95400.0,,RFC,Severe Weather - Thunderstorms,,Central and Northern New Jersey,2012.0,7.0,True,True
1212,2012,2012-07-09 12:15:00,2012-07-09 16:14:00,3.9833333333333334,,9896.0,WECC,Energy Deficiency Alert,,"Alberta, Canada",2012.0,7.0,True,False
1213,2012,2012-07-16 11:27:00,2012-07-16 12:29:00,1.0333333333333334,,,SPP,Public Appeal to Reduce Energy Usage,,"Little Rock, Arkansas",2012.0,7.0,True,False
1214,2012,2012-07-18 14:16:00,2012-07-19 23:58:00,33.7,103000.0,480.0,RFC,Severe Weather - Thunderstorms,,"Southeast Ohio, Northern Kentucky, Southern Indiana",2012.0,7.0,True,True
1215,2012,2012-07-18 16:20:00,2012-07-18 19:05:00,2.75,67000.0,,RFC,Severe Weather - Thunderstorms,,Eastern Ohio,2012.0,7.0,True,True
1216,2012,2012-07-18 23:00:00,2012-07-19 06:00:00,7.0,181000.0,,RFC,Severe Weather - Thunderstorms,,Northern Illinois,2012.0,7.0,True,True
1217,2012,2012-07-19 10:30:00,2012-07-31 11:00:00,288.5,,675.0,NPCC,Fuel Supply Deficiency (Coal),,"Niagara County, New York",2012.0,7.0,True,False
1218,2012,2012-07-19 12:32:00,2012-07-19 12:33:00,0.016666666666666666,,,RFC,Vandalism,,"Newark, Delaware",2012.0,7.0,True,False
1219,2012,2012-07-21 02:19:00,2012-07-21 05:20:00,3.0166666666666666,70000.0,220.0,SPP,Severe Weather; Equipment Failure,,"City of Lubbock, Texas",2012.0,7.0,True,True
1220,2012,2012-07-24 07:01:00,2012-07-24 16:30:00,9.483333333333333,82621.0,,RFC,Severe Weather - Thunderstorms,,Northern Indiana,2012.0,7.0,True,True
1221,2012,2012-07-24 07:30:00,2012-07-24 22:00:00,14.5,330000.0,,RFC,Severe Weather - Thunderstorms,,Northern Illinois,2012.0,7.0,True,True
1222,2012,2012-07-26 18:14:00,2012-07-27 18:14:00,24.0,65112.0,,RFC,Severe Weather - Thunderstorms,,Western Pennsylvania,2012.0,7.0,True,True
1223,2012,2012-07-26 18:21:00,2012-07-28 23:30:00,53.15,65000.0,,RFC,Severe Weather - Thunderstorms,,North/Central Pennsylvania,2012.0,7.0,True,True
1224,2012,2012-07-26 18:30:00,2012-07-27 17:22:00,22.866666666666667,57054.0,,RFC,Severe Weather - Thunderstorms,,Eastern Ohio,2012.0,7.0,True,True
1225,2012,2012-07-27 17:19:00,2012-07-28 17:19:00,24.0,52702.0,,RFC,Severe Weather - Thunderstorms,,Central Indiana,2012.0,7.0,True,True
1226,2012,2012-08-01 12:00:00,2012-08-01 12:00:00,0.0,,,SPP,Public Appeal to Reduce Electricity Usage,,"Oklahoma, Arkansas",2012.0,8.0,True,False
1227,2012,2012-08-04 03:55:00,2012-08-04 04:21:00,0.43333333333333335,127.0,5.0,WECC,Electrical System Separation (Islanding),,"Temblor Substation in McKittrick, California",2012.0,8.0,True,True
1228,2012,2012-08-04 04:00:00,2012-08-04 07:20:00,3.3333333333333335,61413.0,,RFC,Severe Weather - Thunderstorms,,Northern Indiana,2012.0,8.0,True,True
1229,2012,2012-08-04 17:30:00,2012-08-05 12:10:00,18.666666666666668,325000.0,,RFC,Severe Weather - Thunderstorms,,Northeast Illinois,2012.0,8.0,True,True
1230,2012,2012-08-11 12:45:00,2012-08-11 17:00:00,4.25,,,WECC,Suspected Physical Attack,,"Tacoma, Washington",2012.0,8.0,True,False
1231,2012,2012-08-13 13:15:00,2012-08-13 13:15:00,0.0,,,SERC,Vandalism,,"Knoxville, Tennessee",2012.0,8.0,True,False
1232,2012,2012-08-13 15:52:00,2012-08-13 19:44:00,3.8666666666666667,,655.0,WECC,Severe Weather - Dust Storm; Load Shed Event,,CFE (Mexico & U.S.),2012.0,8.0,True,False
1233,2012,2012-08-16 13:13:00,2012-08-16 13:13:00,0.0,0.0,0.0,RFC,Vandalism,,Northern Indiana,2012.0,8.0,True,True
1234,2012,2012-08-19 08:42:00,2012-08-19 12:08:00,3.433333333333333,3314.0,12.0,WECC,Suspected Physical Attack,,"El Paso, Texas",2012.0,8.0,True,True
1235,2012,2012-08-26 22:04:00,2012-08-27 02:04:00,4.0,440000.0,,FRCC,Severe Weather - TS Isaac,,Florida,2012.0,8.0,True,True
1236,2012,2012-08-28 06:00:00,2012-09-04 08:00:00,170.0,770000.0,,SERC,Severe Weather - Hurricane Isaac,,"Arkansas, Louisiana, Mississippi",2012.0,8.0,True,True
1237,2012,2012-08-29 06:53:00,2012-08-30 14:00:00,31.116666666666667,68018.0,150.0,SERC,Severe Weather - Hurricane Isaac,,Louisiana,2012.0,8.0,True,True
1238,2012,2012-08-29 09:00:00,2012-08-31 12:00:00,51.0,50000.0,300.0,SERC,Severe Weather - Hurricane Isaac,,Louisiana,2012.0,8.0,True,True
1239,2012,2012-08-29 09:48:00,2012-08-31 12:55:00,51.11666666666667,95000.0,,SPP,Severe Weather - Hurricane Isaac,,Louisiana,2012.0,8.0,True,True
1240,2012,2012-09-05 10:56:00,2012-09-05 11:27:00,0.5166666666666667,0.0,0.0,WECC,Electrical System Separation (Islanding),,"Alberta, Canada",2012.0,9.0,True,True
1241,2012,2012-09-06 04:45:00,,,,,WECC,Fuel Supply Deficiency (Water),,"Oroville, California",2012.0,9.0,False,False
1242,2012,2012-09-07 21:30:00,2012-09-08 01:00:00,3.5,64951.0,,SERC,Severe Weather - Thunderstorms,,Arkansas,2012.0,9.0,True,True
1243,2012,2012-09-08 15:40:00,2012-09-08 18:45:00,3.0833333333333335,65000.0,,RFC,Severe Weather - Thunderstorms,,"Prince George's County, Montgomery County Maryland; D.C.",2012.0,9.0,True,True
1244,2012,2012-09-08 15:53:00,2012-09-09 19:46:00,27.883333333333333,119000.0,475.0,SERC,Severe Weather - Thunderstorms,,Virginia,2012.0,9.0,True,True
1245,2012,2012-09-11 13:00:00,2012-09-11 13:58:00,0.9666666666666667,0.0,0.0,WECC,Electrical System Separation (Islanding),,"Alberta, Canada",2012.0,9.0,True,True
1246,2012,2012-09-24 00:00:00,2012-09-25 00:00:00,24.0,0.0,0.0,RFC,Suspected Physical Attack,,"Brighton, Maryland",2012.0,9.0,True,True
1247,2012,2012-09-26 21:16:00,2012-09-26 22:18:00,1.0333333333333334,371526.0,600.0,,Voltage Reduction,,Puerto Rico,2012.0,9.0,True,True
1248,2012,2012-10-05 17:30:00,2012-10-05 17:50:00,0.3333333333333333,,,WECC,Suspected Physical Attack,,"Greater Sacramento, California",2012.0,10.0,True,False
1249,2012,2012-10-09 00:00:00,2012-10-09 00:01:00,0.016666666666666666,0.0,0.0,RFC,Vandalsim,,"Seat Pleasant, Maryland",2012.0,10.0,True,True
1250,2012,2012-10-11 00:00:00,2012-10-11 00:01:00,0.016666666666666666,0.0,0.0,RFC,Vandalsim,,"Seat Pleasant, Maryland",2012.0,10.0,True,True
1251,2012,2012-10-14 10:36:00,2012-10-14 10:50:00,0.23333333333333334,2035.0,3.0,WECC,Electrical System Separation (Islanding),,Northern California,2012.0,10.0,True,True
1252,2012,2012-10-15 14:15:00,2012-10-15 14:16:00,0.016666666666666666,0.0,0.0,NPCC,Vandalism; Theft,,Southeast Vermont,2012.0,10.0,True,True
1253,2012,2012-10-22 00:00:00,2012-10-22 00:01:00,0.016666666666666666,0.0,0.0,RFC,Physical Attack; Vandalism,,"Norbeck, Maryland",2012.0,10.0,True,True
1254,2012,2012-10-23 09:10:00,2012-10-23 09:16:00,0.1,9800.0,49.0,RFC,Transmission System Interruption,,"Crawfordsville, Indiana",2012.0,10.0,True,True
1255,2012,2012-10-24 00:00:00,2012-10-24 00:01:00,0.016666666666666666,0.0,0.0,RFC,Physical Attack; Vandalism,,"Kingswood, Maryland",2012.0,10.0,True,True
1256,2012,2012-10-24 00:00:00,2012-10-24 00:01:00,0.016666666666666666,0.0,0.0,RFC,Suspected Physical Attack,,"Brighton, Maryland",2012.0,10.0,True,True
1257,2012,2012-10-24 15:15:00,2012-10-24 15:16:00,0.016666666666666666,0.0,0.0,RFC,Physical Attack; Vandalism,,"Frankford, Delaware",2012.0,10.0,True,True
1258,2012,2012-10-25 00:00:00,2012-10-25 00:01:00,0.016666666666666666,,,RFC,Physical Attack; Vandalism,,"West Lanham, Maryland",2012.0,10.0,True,False
1259,2012,2012-10-25 14:39:00,2012-10-25 18:00:00,3.35,0.0,0.0,WECC,Physical Attack; Vandalism,,"Pueblo, Colorado",2012.0,10.0,True,True
1260,2012,2012-10-25 18:51:00,2012-10-25 19:30:00,0.65,0.0,0.0,RFC,Physical Attack; Vandalism,,"Newark, Delaware",2012.0,10.0,True,True
1261,2012,2012-10-29 00:00:00,2012-11-09 23:59:00,287.98333333333335,208000.0,0.0,RFC,Severe Weather - Hurricane Sandy,,West Virginia,2012.0,10.0,True,True
1262,2012,2012-10-29 08:00:00,2012-11-04 23:00:00,159.0,,,RFC,Severe Weather - Hurricane Sandy,,New Jersey,2012.0,10.0,True,False
1263,2012,2012-10-29 09:00:00,2012-10-29 09:01:00,0.016666666666666666,0.0,0.0,WECC,Physical Attack; Vandalism,,"LaGrande, Washington",2012.0,10.0,True,True
1264,2012,2012-10-29 09:00:00,2012-11-02 18:00:00,105.0,70000.0,,RFC,Severe Weather - Hurricane Sandy,,"Delaware, Maryland",2012.0,10.0,True,True
1265,2012,2012-10-29 12:00:00,2012-11-04 23:00:00,155.0,217000.0,,RFC,Severe Weather - Hurricane Sandy,,New Jersey,2012.0,10.0,True,True
1266,2012,2012-10-29 13:00:00,2012-11-12 14:00:00,337.0,632816.0,0.0,NPCC,Severe Weather - Hurricane Sandy,,"Long Island, New York",2012.0,10.0,True,True
1267,2012,2012-10-29 14:40:00,2012-10-30 18:16:00,27.6,50000.0,,NPCC,Severe Weather - Hurricane Sandy,,"Boston, Southeast Massachusetts",2012.0,10.0,True,True
1268,2012,2012-10-29 14:45:00,2012-11-01 01:30:00,58.75,50000.0,,NPCC,Severe Weather - Hurricane Sandy,,Eastern Massachusetts,2012.0,10.0,True,True
1269,2012,2012-10-29 15:00:00,2012-10-29 15:01:00,0.016666666666666666,,,WECC,Suspected Physical Attack,,"Las Vegas, Nevada",2012.0,10.0,True,False
1270,2012,2012-10-29 15:15:00,2012-11-04 20:00:00,148.75,649075.0,0.0,NPCC,Severe Weather - Hurricane Sandy,,"Connecticut, Western Massachusetts",2012.0,10.0,True,True
1271,2012,2012-10-29 16:00:00,2012-11-07 23:48:00,223.8,270000.0,0.0,RFC,Severe Weather - Hurricane Sandy,,Eastern Pennsylvania,2012.0,10.0,True,True
1272,2012,2012-10-29 16:00:00,2012-11-08 17:08:00,241.13333333333333,150000.0,,RFC,Severe Weather - Hurricane Sandy,,Maryland; West Virginia,2012.0,10.0,True,True
1273,2012,2012-10-29 16:00:00,2012-11-05 23:59:00,175.98333333333332,346000.0,0.0,RFC,Severe Weather - Hurricane Sandy,,Greater Cleveland Ohio,2012.0,10.0,True,True
1274,2012,2012-10-29 16:01:00,2012-11-08 19:00:00,242.98333333333332,818000.0,0.0,NPCC,Severe Weather - Hurricane Sandy,,"Greater New York City, New York",2012.0,10.0,True,True
1275,2012,2012-10-29 16:03:00,2012-11-06 12:00:00,187.95,50000.0,,NPCC,Severe Weather - Hurricane Sandy,,New Jersey,2012.0,10.0,True,True
1276,2012,2012-10-29 16:45:00,2012-10-31 11:00:00,42.25,50000.0,,NPCC,Severe Weather - Hurricane Sandy,,New Hampshire,2012.0,10.0,True,True
1277,2012,2012-10-29 17:13:00,2012-10-31 11:00:00,41.78333333333333,219000.0,0.0,RFC,Severe Weather - Hurricane Sandy,,Greater Baltimore Maryland,2012.0,10.0,True,True
1278,2012,2012-10-29 17:30:00,2012-11-06 00:00:00,174.5,850000.0,,RFC,Severe Weather - Hurricane Sandy,,Greater Philadelphia Pennsylvania,2012.0,10.0,True,True
1279,2012,2012-10-29 18:11:00,2012-11-04 22:50:00,148.65,400000.0,,RFC,Severe Weather - Hurricane Sandy,,Central Pennsylvania,2012.0,10.0,True,True
1280,2012,2012-10-29 18:12:00,2012-10-30 19:35:00,25.383333333333333,156000.0,520.0,RFC,Severe Weather - Hurricane Sandy,,Virginia,2012.0,10.0,True,True
1281,2012,2012-10-29 18:46:00,2012-11-03 10:45:00,111.98333333333333,200000.0,,NPCC; RFC,Severe Weather - Hurricane Sandy,,Southeast New York; New Jersey,2012.0,10.0,True,True
1282,2012,2012-10-29 18:48:00,2012-11-04 11:36:00,136.8,371000.0,,NP,Severe Weather - Hurricane Sandy,,New York,2012.0,10.0,True,True
1283,2012,2012-10-29 19:00:00,2012-11-02 05:00:00,82.0,173273.0,,RFC; SERC,Severe Weather - Nor'easter,,Indiana; Kentucky; Michigan; Ohio,2012.0,10.0,True,True
1284,2012,2012-10-29 19:15:00,2012-10-30 15:02:00,19.783333333333335,50000.0,,NPCC,Severe Weather - Hurricane Sandy,,Southeast and Seacoast Maine,2012.0,10.0,True,True
1285,2012,2012-10-30 00:00:00,2012-10-30 00:02:00,0.03333333333333333,0.0,0.0,RFC,Physical Attack; Vandalism,,"Hyattsville, Maryland",2012.0,10.0,True,True
1286,2012,2012-10-30 02:00:00,2012-11-01 22:00:00,68.0,133777.0,,RFC,Severe Weather - Nor'easter,,Greater Detroit Michigan,2012.0,10.0,True,True
1287,2012,2012-10-30 13:20:00,2012-10-30 13:25:00,0.08333333333333333,0.0,0.0,NPCC,Vandalism,,"Fitzwilliam, New Hampshire",2012.0,10.0,True,True
1288,2012,2012-10-30 15:00:00,2012-10-30 15:01:00,0.016666666666666666,,,WECC,Physical Attack; Vandalism,,"Pueblo, Colorado",2012.0,10.0,True,False
1289,2012,2012-11-02 09:30:00,2012-11-02 12:10:00,2.6666666666666665,0.0,0.0,NPCC,Physical Attack; Vandalism,,"Concord, Vermont",2012.0,11.0,True,True
1290,2012,2012-11-07 14:21:00,2012-11-07 14:48:00,0.45,0.0,0.0,NPCC,Physical Attack; Vandalism,,New Hampshire,2012.0,11.0,True,True
1291,2012,2012-11-08 09:34:00,2012-11-08 09:35:00,0.016666666666666666,0.0,0.0,RFC,Physical Attack; Vandalism,,"Bishopville, Maryland",2012.0,11.0,True,True
1292,2012,2012-11-15 05:38:00,2012-11-15 05:39:00,0.016666666666666666,0.0,0.0,NPCC,Physical Attack; Vandalism,,Southeast Massachusetts,2012.0,11.0,True,True
1293,2012,2012-11-15 21:09:00,2012-11-15 21:26:00,0.2833333333333333,,,MRO,Suspected Cyber Attack,,Iowa; Michigan,2012.0,11.0,True,False
1294,2012,2012-11-17 10:00:00,2012-11-18 10:00:00,24.0,0.0,1231.0,TRE,Fuel Supply Deficiency,,"Comanche Peak, Texas",2012.0,11.0,True,True
1295,2012,2012-11-21 14:50:00,2012-11-21 14:51:00,0.016666666666666666,,,RFC,Physical Attack; Vandalism,,"Bethany Beach, Delaware",2012.0,11.0,True,False
1296,2012,2012-11-26 12:37:00,2012-11-26 12:38:00,0.016666666666666666,0.0,0.0,RFC,Physical Attack; Vandalism,,"Frankfort, Delaware",2012.0,11.0,True,True
1297,2012,2012-11-26 15:07:00,2012-11-26 15:08:00,0.016666666666666666,,,RFC,Physical Attack; Vandalism,,"Georgetown, Delaware",2012.0,11.0,True,False
1298,2012,2012-11-27 13:07:00,2012-11-27 13:40:00,0.55,0.0,0.0,NPCC,Physical Attack; Vandalism,,New Hampshire,2012.0,11.0,True,True
1299,2012,2012-12-02 05:20:00,2012-12-04 09:00:00,51.666666666666664,125000.0,250.0,WECC,Severe Weather - Winter Storm,,Northern California,2012.0,12.0,True,True
1300,2012,2012-12-03 12:02:00,2012-12-03 12:30:00,0.4666666666666667,0.0,0.0,WECC,Suspected Physical Attack,,"Tacoma, Washington",2012.0,12.0,True,True
1301,2012,2012-12-06 21:18:00,2012-12-06 21:31:00,0.21666666666666667,,390.0,WECC,Load Shed,,"Greater San Jose, California",2012.0,12.0,True,False
1302,2012,2012-12-17 06:55:00,2012-12-17 07:00:00,0.08333333333333333,0.0,0.0,WECC,Suspected Physical Attack,,"Tacoma, Washington",2012.0,12.0,True,True
1303,2012,2012-12-25 00:45:00,2012-12-28 16:15:00,87.5,242509.0,,SPP,Severe Weather - Winter Storm,,Arkansas; Louisiana; Mississippi; Texas,2012.0,12.0,True,True
1304,2012,2012-12-25 09:28:00,2012-12-26 16:28:00,31.0,262000.0,294.0,TRE,"Severe Weather - Cold Front, High Winds",,"Houston, Texas",2012.0,12.0,True,True
1305,2012,2012-12-26 14:50:00,2012-12-26 19:40:00,4.833333333333333,1200.0,3.0,SERC,Severe Weather - Thunderstorm,,"Stantonsburg, North Carolina",2012.0,12.0,True,True
1306,2012,2012-12-31 14:21:00,2012-12-31 16:30:00,2.15,12000.0,40.0,SERC,Transmission Interruption,,North Carolina,2012.0,12.0,True,True
1307,2013,2013-01-07 10:43:00,2013-01-07 10:43:00,0.0,,,RFC,Physcial Attack; Vandalism,,"Denton, Maryland",2013.0,1.0,True,False
1308,2013,2013-01-16 14:25:00,2013-01-16 14:25:00,0.0,,,RFC,Physcial Attack; Vandalism,,"Denton, Maryland",2013.0,1.0,True,False
1309,2013,2013-01-16 16:45:00,2013-01-16 19:26:00,2.683333333333333,0.0,0.0,WECC,Suspected Physical Attack,,"San Juan County, New Mexico",2013.0,1.0,True,True
1310,2013,2013-01-16 07:41:00,2013-01-17 10:58:00,27.283333333333335,,,MRO,Physical Attack,,"Webster County, Iowa",2013.0,1.0,True,False
1311,2013,2013-01-17 18:07:00,2013-01-20 19:30:00,73.38333333333334,127000.0,,RFC,Severe Weather - Winter Storm,,"Southwest Virginia, Southern West Virginia",2013.0,1.0,True,True
1312,2013,2013-01-17 19:02:00,2013-01-19 18:00:00,46.96666666666667,80000.0,,SERC,Severe Weather - Winter Storm,,Northeast Tennessee,2013.0,1.0,True,True
1313,2013,2013-01-17 20:35:00,2013-01-17 21:20:00,0.75,12000.0,40.0,SERC,Distribution Interruption,,"Elizabeth City, North Carolina",2013.0,1.0,True,True
1314,2013,2013-01-20 03:30:00,2013-01-23 06:15:00,74.75,146500.0,,RFC,Severe Weather - Wind Storm,,Southeastern Michigan,2013.0,1.0,True,True
1315,2013,2013-01-28 16:46:00,2013-01-28 18:00:00,1.2333333333333334,,,WECC,Physical Attack,,"Tacoma Narrows Crossing, Washington",2013.0,1.0,True,False
1316,2013,2013-01-31 03:05:00,2013-01-31 04:48:00,1.7166666666666666,119000.0,188.0,SERC,Severe Weather - Wind Storm,,Central and Eastern Virginia,2013.0,1.0,True,True
1317,2013,2013-01-31 06:30:00,2013-01-31 10:00:00,3.5,75000.0,75.0,NPCC,Severe Weather - Wind Storm,,Connecticut,2013.0,1.0,True,True
1318,2013,2013-02-02 21:15:00,2013-02-02 22:15:00,1.0,,,WECC,Vandalism,,"El Paso, New Mexico",2013.0,2.0,True,False
1319,2013,2013-02-07 08:32:00,2013-02-07 09:47:00,1.25,0.0,,RFC,Vandalism,,"Cincinnati, Ohio",2013.0,2.0,True,True
1320,2013,2013-02-08 11:38:00,2013-02-08 14:17:00,2.65,52000.0,140.0,RFC,Equipment Trip & Failure,,District of Columbia; Prince George's County Maryland,2013.0,2.0,True,True
1321,2013,2013-02-08 20:00:00,2013-02-11 20:30:00,72.5,50000.0,,NPCC,Severe Weather - Winter Storm Nemo,,Central and eastern Massachusetts; Rhode Island,2013.0,2.0,True,True
1322,2013,2013-02-08 20:55:00,2013-02-12 04:00:00,79.08333333333333,50000.0,,NPCC,Severe Weather - Winter Storm Nemo,,Boston area and Southeast Massachusetts,2013.0,2.0,True,True
1323,2013,2013-02-09 08:30:00,2013-02-09 15:00:00,6.5,,,WECC,Vandalism; Equipment Fault,,"El Paso, New Mexico",2013.0,2.0,True,False
1324,2013,2013-02-10 19:46:00,2013-02-10 20:15:00,0.48333333333333334,,350.0,,Generator Trip; Voltage Reduction,,Puerto Rico,2013.0,2.0,True,False
1325,2013,2013-02-13 09:30:00,2013-02-13 09:30:00,0.0,1.0,1.0,RFC,Vandalism,,"Fort Washington, Maryland",2013.0,2.0,True,True
1326,2013,2013-02-13 17:39:00,2013-02-15 17:50:00,48.18333333333333,1.0,1.0,NPCC,Fuel Supply Emergency - Petroleum,,Eastern Massachusetts,2013.0,2.0,True,True
1327,2013,2013-02-15 00:00:00,2013-02-15 00:01:00,0.016666666666666666,,,RFC,Vandalism,,"Tuxedo, Maryland",2013.0,2.0,True,False
1328,2013,2013-02-16 07:54:00,2013-02-16 07:54:00,0.0,1.0,1.0,RFC,Vandalism,,Prince George's County Maryland,2013.0,2.0,True,True
1329,2013,2013-02-19 16:01:00,2013-02-20 12:55:00,20.9,6810.0,13850.0,WECC,Electrical System Separation (Islanding),,"Stockton, California",2013.0,2.0,True,True
1330,2013,2013-02-21 11:00:00,2013-02-21 11:30:00,0.5,,,WECC,Vandalism,,"Las Cruces, New Mexico",2013.0,2.0,True,False
1331,2013,2013-02-26 13:00:00,2013-03-01 10:00:00,69.0,56444.0,,SERC,Severe Weather - Winter Storm Nemo,,Northern Missouri,2013.0,2.0,True,True
1332,2013,2013-03-03 06:39:00,2013-03-03 10:29:00,3.8333333333333335,58850.0,300.0,WECC,Transmission System Interruption,,"Merced County, California",2013.0,3.0,True,True
1333,2013,2013-03-03 16:27:00,2013-03-03 18:20:00,1.8833333333333333,,,RFC,Vandalism,,"Tacoma Park, Maryland",2013.0,3.0,True,False
1334,2013,2013-03-04 09:49:00,2013-03-04 22:00:00,12.183333333333334,,,,Equipment Failure; Transmission System Interruption,,Metropolitan area Puerto Rico,2013.0,3.0,True,False
1335,2013,2013-03-06 08:22:00,2013-03-07 10:27:00,26.083333333333332,233000.0,400.0,SERC,Severe Weather - Winter Storm,,Northwest Virginia,2013.0,3.0,True,True
1336,2013,2013-03-18 05:21:00,2013-03-18 05:41:00,0.3333333333333333,262937.0,350.0,,Generator Trip; Load Shed,,Systemwide Puerto Rico,2013.0,3.0,True,True
1337,2013,2013-03-18 17:50:00,2013-03-18 18:07:00,0.2833333333333333,0.0,0.0,FRCC,Suspected Physical Attack,,Northeast Florida,2013.0,3.0,True,True
1338,2013,2013-03-18 19:30:00,2013-03-20 14:30:00,43.0,240000.0,800.0,SERC,Severe Weather - Thunderstorms,,North/Central Alabama; Georgia,2013.0,3.0,True,True
1339,2013,2013-03-23 07:00:00,2013-03-23 09:00:00,2.0,,,NPCC,Vandalism,,Connecticut,2013.0,3.0,True,False
1340,2013,2013-03-27 10:25:00,2013-03-27 12:19:00,1.9,,,NPCC,Physical Attack; Vandalism,,Western Massachusetts,2013.0,3.0,True,False
1341,2013,2013-03-28 13:01:00,2013-03-28 13:02:00,0.016666666666666666,,,RFC,Vandalism,,"Wilmington, Delaware",2013.0,3.0,True,False
1342,2013,2013-03-29 10:16:00,2013-03-29 10:17:00,0.016666666666666666,,,RFC,Suspected Physical Attack,,Maryland,2013.0,3.0,True,False
1343,2013,2013-04-01 08:40:00,2013-04-01 08:41:00,0.016666666666666666,,,NPCC,Vandalism - Copper Wire Theft,,Connecticut,2013.0,4.0,True,False
1344,2013,2013-04-03 11:05:00,2013-04-03 14:00:00,2.9166666666666665,0.0,0.0,WECC,Sabotage; Vandalism,,"Colorado Springs, Colorado",2013.0,4.0,True,True
1345,2013,2013-04-09 11:30:00,2013-04-09 11:31:00,0.016666666666666666,,,RFC,Vandalism,,"Delaware City, Delaware",2013.0,4.0,True,False
1346,2013,2013-04-16 01:47:00,2013-04-18 15:25:00,61.63333333333333,0.0,,WECC,"Loss of Part of a High Voltage Substation, Physical Attack",,California,2013.0,4.0,True,True
1347,2013,2013-04-17 15:36:00,2013-04-17 16:53:00,1.2833333333333334,,,SERC,Suspected Physical Attack,,"Colbert Steam Plant in Cherokee, Alabama",2013.0,4.0,True,False
1348,2013,2013-04-18 15:00:00,2013-04-21 03:30:00,60.5,99188.0,,RFC,Severe Weather - Storms and Wind,,"Southeast Michigan, Michigan",2013.0,4.0,True,True
1349,2013,2013-04-21 02:11:00,2013-04-21 12:30:00,10.316666666666666,,,SERC,Suspected Physical Attack,,East Tennessee,2013.0,4.0,True,False
1350,2013,2013-04-23 11:00:00,2013-04-23 11:01:00,0.016666666666666666,,,RFC,Vandalism,,"Newark, Delaware",2013.0,4.0,True,False
1351,2013,2013-04-23 00:49:00,2013-04-23 04:04:00,3.25,1.0,80.0,WECC,Electrical System Separation (Islanding),,"South of Humboldt, California",2013.0,4.0,True,True
1352,2013,2013-04-25 16:00:00,2013-04-26 10:55:00,18.916666666666668,0.0,0.0,WECC,Vandalism,,"Sunol, California",2013.0,4.0,True,True
1353,2013,2013-05-01 09:22:00,2013-05-01 09:24:00,0.03333333333333333,35230.0,123.0,WECC,Electrical System Separation (Islanding),,Northeast Colorado,2013.0,5.0,True,True
1354,2013,2013-05-02 06:52:00,2013-05-02 10:07:00,3.25,,,WECC,Electrical System Separation (Islanding),,Unknown,2013.0,5.0,True,False
1355,2013,2013-05-09 13:21:00,2013-05-09 16:21:00,3.0,,,WECC,Electrical System Separation (Islanding),,"Alberta, Canada; Washington State",2013.0,5.0,True,False
1356,2013,2013-05-13 12:52:00,,,,176.0,WECC,Fuel Supply Emergency - Hydro,,Central California,2013.0,5.0,False,False
1357,2013,2013-05-14 00:01:00,2013-05-14 13:59:00,13.966666666666667,,,WECC,Vandalism/Theft,,"Portland, Oregon",2013.0,5.0,True,False
1358,2013,2013-05-14 10:25:00,2013-05-14 11:42:00,1.2833333333333334,,,NPCC,Vandalism,,New Hampshire,2013.0,5.0,True,False
1359,2013,2013-05-15 14:11:00,2013-05-15 14:12:00,0.016666666666666666,,,RFC,Vandalism,,"Wilmington, Delaware",2013.0,5.0,True,False
1360,2013,2013-05-17 08:35:00,2013-05-17 08:36:00,0.016666666666666666,,,RFC,Vandalism,,"Newcastle, Delaware",2013.0,5.0,True,False
1361,2013,2013-05-20 15:00:00,2013-05-22 17:00:00,50.0,41306.0,,SPP,Severe Weather - Tornados,,"Moore, Oklahoma",2013.0,5.0,True,True
1362,2013,2013-05-20 17:22:00,2013-05-20 21:09:00,3.783333333333333,21800.0,103.0,SERC,Generator Trip; Load Shed 100+ MW,,Gonzales Area Louisiana,2013.0,5.0,True,True
1363,2013,2013-05-22 10:51:00,2013-05-22 10:57:00,0.1,197287.0,280.0,,System Wide Voltage Reduction,,System wide Puerto Rico,2013.0,5.0,True,True
1364,2013,2013-05-28 13:00:00,2013-05-28 18:00:00,5.0,,,NPCC,Vandalism/Theft,,Maine,2013.0,5.0,True,False
1365,2013,2013-05-29 00:00:00,2013-05-29 00:02:00,0.03333333333333333,,,SERC,Physical Attack,,"Henrico County, Virginia",2013.0,5.0,True,False
1366,2013,2013-05-29 20:58:00,2013-05-31 14:53:00,41.916666666666664,61795.0,,NPCC,Severe Weather - Thunderstorms,,Central and Eastern New York,2013.0,5.0,True,True
1367,2013,2013-05-29 09:52:00,2013-05-29 09:53:00,0.016666666666666666,,,RFC,Vandalism/Theft,,"Wilmington, Delaware",2013.0,5.0,True,False
1368,2013,2013-05-30 10:15:00,2013-05-30 10:16:00,0.016666666666666666,,,NPCC,Vandalism,,"Saranac, New York",2013.0,5.0,True,False
1369,2013,2013-05-31 01:00:00,2013-05-31 01:30:00,0.5,,,SPP,Severe Weather - Lightning,,"Maumelle, Arkansas",2013.0,5.0,True,False
1370,2013,2013-05-31 18:00:00,2013-06-04 10:30:00,88.5,127000.0,,SPP,Severe Weather - Tornados,,"El Reno, S. Oklahoma City, Oklahoma",2013.0,5.0,True,True
1371,2013,2013-05-31 19:07:00,2013-06-01 14:15:00,19.133333333333333,6300.0,102.0,MRO,Transmission System Interruption,,"Southeast Kansas, Northeast Oklahoma",2013.0,5.0,True,True
1372,2013,2013-05-31 19:30:00,2013-06-01 20:00:00,24.5,100000.0,,SERC,Severe Weather - Thunderstorms,,St. Louis Metro Area Missouri,2013.0,5.0,True,True
1373,2013,2013-06-03 12:50:00,2013-06-03 13:36:00,0.7666666666666667,,,WECC,Electrical System Separation (Islanding),,"Alberta, Canada",2013.0,6.0,True,False
1374,2013,2013-06-13 20:47:00,2013-06-14 22:47:00,26.0,165798.0,550.0,SERC,Severe Weather - Thunderstorms,,Southern Company Territory,2013.0,6.0,True,True
1375,2013,2013-06-13 15:30:00,2013-06-13 16:00:00,0.5,40000.0,700.0,RFC,Loss of 300+ MW Load; Severe Weather - Thunderstorms,,District of Columbia; Maryland,2013.0,6.0,True,True
1376,2013,2013-06-13 16:08:00,2013-06-14 17:16:00,25.133333333333333,283000.0,900.0,SERC,Severe Weather - Thunderstorms,,"Richmond Metro area, Virginia",2013.0,6.0,True,True
1377,2013,2013-06-13 13:17:00,2013-06-14 17:35:00,28.3,175000.0,1000.0,SERC,Severe Weather - Thunderstorms,,Western Piedmont North Carolina,2013.0,6.0,True,True
1378,2013,2013-06-13 17:45:00,2013-06-14 18:30:00,24.75,53000.0,,SERC,Severe Weather - Thunderstorms,,Central and Eastern North Carolina,2013.0,6.0,True,True
1379,2013,2013-06-13 15:20:00,2013-06-14 21:10:00,29.833333333333332,90247.0,,RFC; SERC,Severe Weather - Thunderstorms,,Ohio; Virginia; West Virginia,2013.0,6.0,True,True
1380,2013,2013-06-17 16:17:00,2013-06-17 18:49:00,2.533333333333333,37.0,180.0,FRCC,Load Shed of 100+ MW Under Emergency Operational Policy,,Hillsborough County Florida,2013.0,6.0,True,True
1381,2013,2013-06-18 15:51:00,2013-06-18 16:23:00,0.5333333333333333,,6.0,WECC,Electrical System Separation (Islanding),,Wyoming,2013.0,6.0,True,False
1382,2013,2013-06-19 19:57:00,2013-06-19 20:09:00,0.2,,,WECC,Electrical System Separation (Islanding),,"Alberta, Canada",2013.0,6.0,True,False
1383,2013,2013-06-20 18:00:00,2013-06-21 10:00:00,16.0,,,RFC,Physcial Attack; Vandalism,,"Richie Station (No. 123), Maryland",2013.0,6.0,True,False
1384,2013,2013-06-21 08:31:00,2013-10-30 14:09:00,3149.633333333333,,,MRO,Suspected Cyber Attack,,"Michigan, Iowa",2013.0,6.0,True,False
1385,2013,2013-06-21 07:40:00,2013-06-21 12:14:00,4.566666666666666,1100.0,,WECC,Physical Attack; Vandalism & Sabotage,,Pahrump Nevada,2013.0,6.0,True,True
1386,2013,2013-06-21 03:00:00,2013-06-26 12:00:00,129.0,193000.0,,MRO,Severe Weather - Hailstorm,,Minnesota,2013.0,6.0,True,True
1387,2013,2013-06-21 23:14:00,2013-06-21 23:15:00,0.016666666666666666,,,RFC,Physical Attack; Vandalism,,New Castle Delaware,2013.0,6.0,True,False
1388,2013,2013-06-21 17:39:00,2013-06-24 06:00:00,60.35,400000.0,,MRO,Severe Weather - Hailstorm,,Minneapolis/St. Paul area Minnesota,2013.0,6.0,True,True
1389,2013,2013-06-22 16:12:00,2013-06-22 17:45:00,1.55,,,WECC,Suspected Physical Attack,,Eastern Montana,2013.0,6.0,True,False
1390,2013,2013-06-22 04:59:00,2013-06-22 21:28:00,16.483333333333334,,,WECC,Physical Attack; Vandalism,,Medford Oregon,2013.0,6.0,True,False
1391,2013,2013-06-23 21:20:00,2013-06-24 01:35:00,4.25,148000.0,,WECC,Severe Weather - Fog,,Central Coast California,2013.0,6.0,True,True
1392,2013,2013-06-24 19:30:00,2013-06-25 17:46:00,22.266666666666666,283451.0,,RFC,Severe Weather - Thunderstorms,,Illinois,2013.0,6.0,True,True
1393,2013,2013-06-24 19:30:00,2013-06-26 17:00:00,45.5,86615.0,,RFC,Severe Weather - Thunderstorms,,Indiana,2013.0,6.0,True,True
1394,2013,2013-06-27 17:00:00,2013-06-28 00:00:00,7.0,138000.0,,RFC,Severe Weather - Thunderstorms,,South Eastern Michigan,2013.0,6.0,True,True
1395,2013,2013-06-27 01:10:00,2013-06-27 02:45:00,1.5833333333333333,,,RFC,Physical Attack; Vandalism,,"Richie Substation,Seat Pleasant, Maryland",2013.0,6.0,True,False
1396,2013,2013-06-28 18:02:00,2013-06-28 20:46:00,2.7333333333333334,65255.0,240.0,WECC,Equipment Failure,,"Los Angeles and Orange Counties, California",2013.0,6.0,True,True
1397,2013,2013-06-28 13:00:00,2013-06-28 13:01:00,0.016666666666666666,,,NPCC,Physical Attack; Vandalism,,Vermont,2013.0,6.0,True,False
1398,2013,2013-06-28 17:14:00,2013-06-28 17:15:00,0.016666666666666666,,,RFC,Physical Attack; Vandalism,,New Castle Delaware,2013.0,6.0,True,False
1399,2013,2013-07-02 14:20:00,2013-07-05 15:30:00,73.16666666666667,,200.0,WECC,Load Shed 100+MW,,"Alberta, Canada",2013.0,7.0,True,False
1400,2013,2013-07-03 09:34:00,2013-07-03 10:52:00,1.3,0.0,0.0,WECC,Suspected Physical Attack,,Sacramento California,2013.0,7.0,True,True
1401,2013,2013-07-03 12:04:00,2013-07-03 12:48:00,0.7333333333333333,393000.0,480.0,,Voltage Reduction; Line and Generator Trip,,System-wide Puerto Rico,2013.0,7.0,True,True
1402,2013,2013-07-05 00:05:00,2013-07-05 01:51:00,1.7666666666666666,2500.0,,WECC,Physical Attack; Vandalism,,California,2013.0,7.0,True,True
1403,2013,2013-07-10 14:30:00,2013-07-10 14:45:00,0.25,0.0,0.0,NPCC,Physical Attack; Copper Theft,,"Boston, Massachusetts",2013.0,7.0,True,True
1404,2013,2013-07-10 17:30:00,2013-07-11 20:00:00,26.5,122314.0,,RFC,Severe Weather - Thunderstorms,,AEP Ohio Power Footprint,2013.0,7.0,True,True
1405,2013,2013-07-11 23:20:00,2013-07-14 15:22:00,64.03333333333333,,455.0,WECC,Physical Attack; Vandalism,,Arizona,2013.0,7.0,True,False
1406,2013,2013-07-12 10:00:00,2013-07-12 10:01:00,0.016666666666666666,,,WECC,Physical Attack; Vandalism,,Washington,2013.0,7.0,True,False
1407,2013,2013-07-17 15:30:00,2013-07-19 06:45:00,39.25,,417.0,NPCC,Fuel Supply Emergency (Natural Gas),,"Holtsville, New York",2013.0,7.0,True,False
1408,2013,2013-07-18 03:15:00,2013-07-18 03:59:00,0.7333333333333333,,,WECC,Physical Attack; Vandalism,,Utah,2013.0,7.0,True,False
1409,2013,2013-07-18 11:30:00,2013-07-19 17:30:00,30.0,,,NPCC,Public Appeal - Heatwave,,Upstate New York,2013.0,7.0,True,False
1410,2013,2013-07-18 23:45:00,2013-07-19 10:05:00,10.333333333333334,123000.0,200.0,WECC,Equipment Failure,,Southern Orange County California,2013.0,7.0,True,True
1411,2013,2013-07-19 18:00:00,2013-07-20 09:00:00,15.0,156627.0,,RFC,Severe Weather - Thunderstorms,,Michigan,2013.0,7.0,True,True
1412,2013,2013-07-19 22:30:00,2013-07-21 20:00:00,45.5,74300.0,,NPCC,Severe Weather - Thunderstorms,,New York,2013.0,7.0,True,True
1413,2013,2013-07-22 07:00:00,2013-07-22 15:00:00,8.0,,,WECC,Physical Attack; Vandalism,,California,2013.0,7.0,True,False
1414,2013,2013-07-23 23:38:00,2013-07-25 04:30:00,28.866666666666667,92748.0,500.0,SPP,Severe Weather - Thunderstorms,,"Tulsa, Oklahoma",2013.0,7.0,True,True
1415,2013,2013-07-25 13:10:00,2013-07-25 13:15:00,0.08333333333333333,,,WECC,Physical Attack; Vandalism,,"Polk Substation, Tacoma Washington",2013.0,7.0,True,False
1416,2013,2013-08-01 11:00:00,2013-08-01 16:00:00,5.0,,,NPCC,Physical Attack; Copper Theft,,"Newburgh, New York",2013.0,8.0,True,False
1417,2013,2013-08-01 18:54:00,2013-08-01 19:37:00,0.7166666666666667,,420.0,WECC,Electrical System Separation (Islanding,,Western British Columbia,2013.0,8.0,True,False
1418,2013,2013-08-01 23:19:00,2013-08-02 00:49:00,1.5,104498.0,297.0,FRCC,Loss of 300+ MW Load,,Daytona Beach Florida,2013.0,8.0,True,True
1419,2013,2013-08-04 03:00:00,2013-08-04 04:00:00,1.0,,,WECC,Physical Attack; Vandalism,,Utah,2013.0,8.0,True,False
1420,2013,2013-08-05 18:35:00,2013-08-05 18:45:00,0.16666666666666666,,,WECC,Electrical System Separation (Islanding); Severe Weather,,"Vancouver, British Columbia",2013.0,8.0,True,False
1421,2013,2013-08-06 16:00:00,2013-08-06 17:32:00,1.5333333333333334,,,WECC,Physcial Attack; Vandalism,,"Holloman Air Force Base, New Mexico",2013.0,8.0,True,False
1422,2013,2013-08-07 07:30:00,2013-08-07 09:14:00,1.7333333333333334,,,MRO,Fuel Supply Emergency (Natural Gas & Fuel Oil),,"Green Bay, Wisconsin",2013.0,8.0,True,False
1423,2013,2013-08-07 14:30:00,2013-08-08 13:00:00,22.5,,,WECC,Physcial Attack; Vandalism,,"Arlington, Oregon",2013.0,8.0,True,False
1424,2013,2013-08-07 00:15:00,2013-08-07 21:27:00,21.2,51160.0,220.0,MRO,Severe Weather - Thunderstorms,,Eastern Central Wisconsin,2013.0,8.0,True,True
1425,2013,2013-08-12 11:55:00,2013-08-12 11:59:00,0.06666666666666667,,,WECC,Suspicious Activity,,"Portland, Oregon",2013.0,8.0,True,False
1426,2013,2013-08-16 16:58:00,2013-08-17 23:58:00,31.0,219681.0,,TRE,Severe Weather - Thunderstorms,,Houston Service Area Texas,2013.0,8.0,True,True
1427,2013,2013-08-19 19:06:00,2013-08-20 06:02:00,10.933333333333334,124000.0,685.0,WECC,Severe Weather - Lightning Strike,,Central California,2013.0,8.0,True,True
1428,2013,2013-08-21 14:00:00,2013-08-21 14:01:00,0.016666666666666666,,,SERC,Physcial Attack; Sabotage,,"Cabot, Arkansas",2013.0,8.0,True,False
1429,2013,2013-08-22 08:40:00,2013-08-22 11:49:00,3.15,,,WECC,Physcial Attack; Sabotage,,"Gila River, Arizona",2013.0,8.0,True,False
1430,2013,2013-08-22 12:55:00,2013-08-22 14:45:00,1.8333333333333333,,,RFC,Physcial Attack; Vandalism,,"New Castle, Delaware",2013.0,8.0,True,False
1431,2013,2013-08-23 07:30:00,2013-08-23 07:31:00,0.016666666666666666,,,RFC,Physcial Attack; Vandalism,,"New Castle, Delaware",2013.0,8.0,True,False
1432,2013,2013-08-26 20:15:00,2013-08-26 20:16:00,0.016666666666666666,,,WECC,Physcial Attack; Vandalism,,Tacoma Washington,2013.0,8.0,True,False
1433,2013,2013-08-28 09:30:00,2013-08-28 09:31:00,0.016666666666666666,,,WECC,Physcial Attack; Vandalism,,Sweetwater County Wyoming,2013.0,8.0,True,False
1434,2013,2013-08-29 14:57:00,2013-08-29 15:29:00,0.5333333333333333,7000.0,15.0,MRO,Electrical System Separation (Islanding); Severe Weather,,"Ashland, Wisconsin",2013.0,8.0,True,True
1435,2013,2013-08-29 09:50:00,2013-08-29 09:50:00,0.0,,,,Physcial Attack; Vandalism,,"Joplin, Missouri",2013.0,8.0,True,False
1436,2013,2013-08-30 19:30:00,2013-08-31 01:30:00,6.0,157000.0,,RFC,Severe Weather - Thunderstorms,,Entire ComEd territory Illinois,2013.0,8.0,True,True
1437,2013,2013-09-10 17:42:00,2013-09-11 00:02:00,6.333333333333333,,105.0,RFC,Load Shed of 100+ MW,,"Erie, Pennsylvania",2013.0,9.0,True,False
1438,2013,2013-09-11 16:00:00,2013-09-15 16:00:00,96.0,75000.0,400.0,RFC,Severe Weather - Thunderstorms,,Southeastern Michigan,2013.0,9.0,True,True
1439,2013,2013-09-29 00:00:00,2013-09-29 01:00:00,1.0,,,SERC,Physcial Attack; Sabotage,,Cabot Arkansas,2013.0,9.0,True,False
1440,2013,2013-10-06 07:25:00,2013-10-06 09:15:00,1.8333333333333333,9200.0,,SPP,Physical Attack,,"Jacksonville, Arkansas",2013.0,10.0,True,True
1441,2013,2013-10-11 14:30:00,2013-10-11 18:30:00,4.0,,,SERC,Physical Attack,,"Keo, Arkansas",2013.0,10.0,True,False
1442,2013,2013-10-16 11:15:00,2013-10-16 18:00:00,6.75,0.0,0.0,SERC,Cyber Event with Potential to Cause Impact,,"Roxboro Plant, North Carolina",2013.0,10.0,True,True
1443,2013,2013-10-19 14:32:00,2013-10-19 22:00:00,7.466666666666667,,,WECC,Physical Attack,,California,2013.0,10.0,True,False
1444,2013,2013-10-21 05:18:00,2013-10-21 05:33:00,0.25,433.0,115.0,WECC,Electrical System Separation (Islanding),,Location Unknown,2013.0,10.0,True,True
1445,2013,2013-10-26 07:13:00,2013-10-26 07:14:00,0.016666666666666666,,,WECC,Suspected Physical Attack,,Arizona,2013.0,10.0,True,False
1446,2013,2013-10-27 04:27:00,2013-10-27 22:27:00,18.0,171117.0,,TRE,Severe Weather - Hail Storm,,"Houston, Texas",2013.0,10.0,True,True
1447,2013,2013-11-01 13:26:00,2013-11-01 13:27:00,0.016666666666666666,,,RFC,Physical Attack - Vandalism,,"Wilmington, Delaware",2013.0,11.0,True,False
1448,2013,2013-11-02 08:25:00,2013-11-02 08:26:00,0.016666666666666666,,,WECC,Physical Attack - Vandalism,,"Salt Lake City, Utah",2013.0,11.0,True,False
1449,2013,2013-11-02 00:00:00,2013-11-04 06:00:00,54.0,105000.0,,WECC,Severe Weather - Heavy Winds,,"King, Whatcom, and Skagit, Washington",2013.0,11.0,True,True
1450,2013,2013-11-04 09:04:00,2013-11-04 09:05:00,0.016666666666666666,,,NPCC,Physical Attack - Vandalism,,Connecicut,2013.0,11.0,True,False
1451,2013,2013-11-05 10:10:00,2013-11-07 10:10:00,48.0,,,RFC,Physical Attack,,Indiana,2013.0,11.0,True,False
1452,2013,2013-11-12 14:04:00,2013-11-12 14:05:00,0.016666666666666666,48400.0,55.0,WECC,Electrical System Separation (Islanding),,"Valle, California",2013.0,11.0,True,True
1453,2013,2013-11-12 09:14:00,2013-11-12 10:30:00,1.2666666666666666,,,SPP,Loss of Power from Wholesale Provider; Major Distribution Disruption,,Eastern Central New Mexico,2013.0,11.0,True,False
1454,2013,2013-11-16 15:15:00,2013-11-16 15:16:00,0.016666666666666666,,,WECC,Physical Attack - Vandalism,,"Salt Lake County, Utah",2013.0,11.0,True,False
1455,2013,2013-11-17 07:00:00,2013-11-20 18:54:00,83.9,325325.0,,RFC,Severe Weather - Ice and Snow Storm,,Michigan,2013.0,11.0,True,True
1456,2013,2013-11-17 12:35:00,2013-11-17 13:40:00,1.0833333333333333,7500.0,38.0,RFC,System-wide voltage reductions of 3 percent or more,,"Rochelle, Indiana",2013.0,11.0,True,True
1457,2013,2013-11-17 16:47:00,2013-11-20 11:59:00,67.2,61705.0,535.0,RFC,Severe Weather - Tornadoes,,Central Indiana,2013.0,11.0,True,True
1458,2013,2013-11-17 16:45:00,2013-11-21 16:45:00,96.0,50000.0,,RFC,Severe Weather - Thunderstorms,,Entire Lower Peninsula Michigan,2013.0,11.0,True,True
1459,2013,2013-11-17 12:35:00,2013-11-20 11:00:00,70.41666666666667,200000.0,,SERC,Severe Weather - Tornadoes,,"Central Missouri, Central Illinois",2013.0,11.0,True,True
1460,2013,2013-11-17 13:06:00,2013-11-20 13:06:00,72.0,75065.0,,RFC,Severe Weather - Thunderstorms,,North Central Indiana,2013.0,11.0,True,True
1461,2013,2013-11-17 16:19:00,2013-11-18 18:00:00,25.683333333333334,77346.0,,RFC,Severe Weather - Thunderstorms,,"Indiana, Michigan",2013.0,11.0,True,True
1462,2013,2013-11-17 14:31:00,2013-11-17 22:30:00,7.983333333333333,190000.0,,RFC,Severe Weather - Thunderstorms,,Entire ComEd Territory Illinois,2013.0,11.0,True,True
1463,2013,2013-11-17 16:47:00,2013-11-20 16:47:00,72.0,61705.0,,RFC,Severe Weather - Thunderstorms,,Central Indiana,2013.0,11.0,True,True
1464,2013,2013-11-20 03:08:00,2013-11-20 03:09:00,0.016666666666666666,,,WECC,Physical Attack - Vandalism,,Salt Lake County Utah,2013.0,11.0,True,False
1465,2013,2013-11-21 19:45:00,2013-11-22 03:20:00,7.583333333333333,89500.0,150.0,WECC,Severe Weather - Wind Storm,,Northern California,2013.0,11.0,True,True
1466,2013,2013-11-24 07:38:00,2013-11-24 07:39:00,0.016666666666666666,,,WECC,Physical Attack - Vandalism,,Salt Lake County Utah,2013.0,11.0,True,False
1467,2013,2013-12-04 05:00:00,2013-12-04 16:17:00,11.283333333333333,,150.0,WECC,Load Shed 100+ MW,,"Idaho Falls Area Idaho, Utah-Idaho Border Utah",2013.0,12.0,True,False
1468,2013,2013-12-06 08:47:00,2013-12-06 08:49:00,0.03333333333333333,,,WECC,"Physical Attack - Vandalism, Theft",,"Saratoga, Utah",2013.0,12.0,True,False
1469,2013,2013-12-06 01:51:00,2013-12-11 12:00:00,130.15,881000.0,,TRE,Severe Weather - Ice/Snow,,"Greater Houston, Texas",2013.0,12.0,True,True
1470,2013,2013-12-09 06:54:00,2013-12-09 14:22:00,7.466666666666667,88000.0,293.0,SERC,Severe Weather - Ice/Snow,,Virginia Service Territory,2013.0,12.0,True,True
1471,2013,2013-12-10 01:01:00,2013-12-11 01:01:00,24.0,,,WECC,Suspected Physical Attack,,Arizona,2013.0,12.0,True,False
1472,2013,2013-12-13 11:00:00,2013-12-27 11:00:00,336.0,,,TRE,Fuel Supply Emergencies (Coal),,Texas,2013.0,12.0,True,False
1473,2013,2013-12-13 11:00:00,2013-12-27 11:00:00,336.0,,,TE,Fuel Supply Emergencies (Coal),,Texas,2013.0,12.0,True,False
1474,2013,2013-12-22 06:16:00,2013-12-24 23:59:00,65.71666666666667,59000.0,,NPCC,Severe Weather - Ice/Snow,,Frontier/Genesee/Northern New York,2013.0,12.0,True,True
1475,2013,2013-12-22 06:30:00,2013-12-25 05:12:00,70.7,140735.0,350.0,RFC,Severe Weather - Ice/Snow,,Michigan,2013.0,12.0,True,True
1476,2013,2013-12-22 03:28:00,2013-12-28 23:45:00,164.28333333333333,50000.0,,RFC,Severe Weather - Ice/Snow,,"Southern Lower Penninsula, Michigan",2013.0,12.0,True,True
1477,2013,2013-12-23 15:20:00,2013-12-25 11:32:00,44.2,52500.0,,NPCC,Severe Weather - Ice/Snow,,Central Maine Maine,2013.0,12.0,True,True
1478,2013,2013-12-27 09:43:00,2013-12-27 12:43:00,3.0,,,WECC,Physical Attack,,Gilabend Arizona,2013.0,12.0,True,False
1479,2013,2013-12-30 11:00:00,2013-12-30 11:01:00,0.016666666666666666,,,WECC,Physical Attack,,Salt Lake County Utah,2013.0,12.0,True,False
1480,2013,2013-12-30 11:00:00,2014-01-01 08:00:00,45.0,,,WECC,Physical Attack,,North of Roosevelt lake Arizona,2013.0,12.0,True,False
1481,2014,2014-01-06 19:50:00,2014-01-06 20:44:00,0.9,,,RFC,Voltage Reduction due to Severe Weather - Cold,,District of Columbia,2014.0,1.0,True,False
1482,2014,2014-01-06 19:50:00,2014-01-06 20:44:00,0.9,,,RFC,Voltage Reduction due to Severe Weather - Cold,,Unknown,2014.0,1.0,True,False
1483,2014,2014-01-06 19:52:00,2014-01-06 20:45:00,0.8833333333333333,,,RFC,Voltage Reduction due to Severe Weather - Cold,,Delaware,2014.0,1.0,True,False
1484,2014,2014-01-06 20:45:00,2014-01-07 21:00:00,24.25,,,RFC,Public Appeal due to Severe Weather - Cold,,Unknown,2014.0,1.0,True,False
1485,2014,2014-01-06 19:50:00,2014-01-06 20:49:00,0.9833333333333333,62000.0,200.0,RFC,Voltage Reduction due to Severe Weather - Cold,,Pennsylvania,2014.0,1.0,True,True
1486,2014,2014-01-06 19:50:00,2014-01-06 20:44:00,0.9,,,RFC,Voltage Reduction due to Severe Weather - Cold,,Pennsylvania,2014.0,1.0,True,False
1487,2014,2014-01-06 14:37:00,2014-01-06 14:38:00,0.016666666666666666,,,RFC,Vandalism,,Utah,2014.0,1.0,True,False
1488,2014,2014-01-06 22:00:00,2014-01-06 22:01:00,0.016666666666666666,,,RFC,Public Appeal due to Severe Weather - Cold,,Kentucky,2014.0,1.0,True,False
1489,2014,2014-01-06 07:01:00,2014-01-07 09:00:00,25.983333333333334,,,TRE,Public Appeal due to Severe Weather - Cold,,Texas,2014.0,1.0,True,False
1490,2014,2014-01-07 21:00:00,2014-01-08 09:00:00,12.0,,,RFC,Public Appeal due to Severe Weather - Cold,,Unknown,2014.0,1.0,True,False
1491,2014,2014-01-07 06:18:00,2014-01-07 06:19:00,0.016666666666666666,,,RFC,Severe Weather - Cold,,Pennsylvania,2014.0,1.0,True,False
1492,2014,2014-01-07 07:58:00,2014-01-07 11:00:00,3.033333333333333,,14435.0,SERC,Voltage Reduction; Public Appeal due to Severe Weather - Cold,,North Carolina,2014.0,1.0,True,False
1493,2014,2014-01-07 16:15:00,2014-01-08 13:20:00,21.083333333333332,,,SERC,Public Appeal due to Severe Weather - Cold,,North Carolina,2014.0,1.0,True,False
1494,2014,2014-01-07 06:00:00,2014-01-07 08:30:00,2.5,,,SERC,Public Appeal due to Severe Weather - Cold,,Northeast Tennessee,2014.0,1.0,True,False
1495,2014,2014-01-07 06:00:00,2014-01-07 08:30:00,2.5,,,SERC,Public Appeal due to Severe Weather - Cold,,Tennessee,2014.0,1.0,True,False
1496,2014,2014-01-07 18:00:00,2014-01-07 23:00:00,5.0,677858.0,4853.0,SERC,Voltage Reduction; Public Appeal; Load Shed 100+MW due to Severe Weather - Cold,,South Carolina,2014.0,1.0,True,True
1497,2014,2014-01-07 10:59:00,2014-01-09 09:00:00,46.016666666666666,,,RFC,Fuel Supply Emergency - Natural Gas,,Illinois,2014.0,1.0,True,False
1498,2014,2014-01-07 09:30:00,2014-01-08 09:30:00,24.0,,,SERC,Fuel Supply Emergency due to Severe Weather - Cold,,"Piedmont North Carolina, Piedmont South Carolina",2014.0,1.0,True,False
1499,2014,2014-01-08 05:00:00,2014-01-08 06:30:00,1.5,,576.0,RFC,Voltage Reduction due to Severe Weather - Cold,,Unknown,2014.0,1.0,True,False
1500,2014,2014-01-08 06:00:00,2014-01-08 09:00:00,3.0,677858.0,4545.0,SERC,Voltage Reduction; Public Appeal; Load Shed 100+MW due to Severe Weather - Cold,,South Carolina,2014.0,1.0,True,True
1501,2014,2014-01-13 16:44:00,2014-01-13 16:45:00,0.016666666666666666,,,WECC,Physical Attack - Vandalism,,Arizona,2014.0,1.0,True,False
1502,2014,2014-01-15 14:32:00,2014-01-15 14:45:00,0.21666666666666667,,,WECC,Physical Attack - Vandalism,,Utah,2014.0,1.0,True,False
1503,2014,2014-01-16 12:30:00,2014-01-16 13:57:00,1.45,,,WECC,Physical Attack - Vandalism,,Arizona,2014.0,1.0,True,False
1504,2014,2014-01-17 12:20:00,2014-01-17 12:20:00,0.0,,,RFC,Suspected Physical Attack,,Ohio,2014.0,1.0,True,False
1505,2014,2014-01-17 10:30:00,2014-01-28 09:00:00,262.5,,,RFC,Fuel Supply Emergency - Natural Gas,,Illinois,2014.0,1.0,True,False
1506,2014,2014-01-18 17:39:00,,,,,RFC,Electrical System Islanding,,Unknown,2014.0,1.0,False,False
1507,2014,2014-01-18 09:00:00,2014-01-18 09:45:00,0.75,,,TRE,Public Appeal to Reduce Electricity Usage,,Texas,2014.0,1.0,True,False
1508,2014,2014-01-21 17:00:00,,,,,RFC,Physical Attack - Vandalism,,New Jersey,2014.0,1.0,False,False
1509,2014,2014-01-21 12:14:00,2014-01-21 12:39:00,0.4166666666666667,,10.0,SERC,Physical Attack - Vandalism,,Missouri,2014.0,1.0,True,False
1510,2014,2014-01-22 13:55:00,2014-01-22 14:55:00,1.0,,,MRO,Physical Attack - Vandalism,,Wisconsin,2014.0,1.0,True,False
1511,2014,2014-01-22 09:45:00,2014-01-22 20:19:00,10.566666666666666,,,RFC,Physical Attack - Vandalism,,Ohio,2014.0,1.0,True,False
1512,2014,2014-01-22 21:15:00,2014-01-23 03:08:00,5.883333333333334,,,RFC,Suspected Physical Attack,,"Burlington County, New Jersey",2014.0,1.0,True,False
1513,2014,2014-01-22 00:30:00,2014-01-22 02:45:00,2.25,,,MRO,Physical Attack - Vandalism,,Wisconsin,2014.0,1.0,True,False
1514,2014,2014-01-23 04:00:00,2014-01-24 12:00:00,32.0,,,SERC,Public Appeal due to Severe Weather - Cold,,Tennessee,2014.0,1.0,True,False
1515,2014,2014-01-23 21:17:00,2014-01-24 17:00:00,19.716666666666665,,,WECC,Physical Attack - Vandalism,,"Wynoochee, Washington",2014.0,1.0,True,False
1516,2014,2014-01-23 13:04:00,2014-01-24 09:00:00,19.933333333333334,,,RFC,Public Appeal due to Severe Weather - Cold,,Maryland,2014.0,1.0,True,False
1517,2014,2014-01-23 16:00:00,2014-01-24 12:00:00,20.0,,,SERC,Public Appeal due to Severe Weather - Cold,,Tennessee,2014.0,1.0,True,False
1518,2014,2014-01-24 00:00:00,2014-04-09 11:53:00,1811.8833333333334,,,RFC,Fuel Supply Emergency - Coal,,Wisconsin,2014.0,1.0,True,False
1519,2014,2014-01-24 15:30:00,2014-01-24 17:00:00,1.5,,,MRO,Physical Attack - Vandalism,,Wisconsin,2014.0,1.0,True,False
1520,2014,2014-01-25 10:00:00,2014-01-25 11:00:00,1.0,,,MRO,Physical Attack - Vandalism,,"Madison, Wisconsin",2014.0,1.0,True,False
1521,2014,2014-01-26 23:00:00,,,,,RFC,Physical Attack,,New Jersey,2014.0,1.0,False,False
1522,2014,2014-01-26 21:00:00,2014-01-27 11:00:00,14.0,,,WECC,Physical Attack - Vandalism,,Oregon,2014.0,1.0,True,False
1523,2014,2014-01-27 14:20:00,2014-01-28 21:00:00,30.666666666666668,,,RFC,Public Appeal due to Severe Weather - Cold,,Maryland,2014.0,1.0,True,False
1524,2014,2014-01-29 16:00:00,2014-01-29 16:44:00,0.7333333333333333,,,MRO,Physical Attack - Vandalism,,Unknown,2014.0,1.0,True,False
1525,2014,2014-01-30 15:00:00,,,,,WECC,Physical Attack - Vandalism,,Arizona,2014.0,1.0,False,False
1526,2014,2014-02-05 00:00:00,2014-02-09 18:00:00,114.0,101580.0,,RFC,Severe Weather - Snow/Ice,,"Maryland, West Virginia",2014.0,2.0,True,True
1527,2014,2014-02-05 01:00:00,2014-02-09 20:40:00,115.66666666666667,144000.0,,RFC,Severe Weather - Snow/Ice,,Pennsylvania,2014.0,2.0,True,True
1528,2014,2014-02-05 05:00:00,2014-02-05 05:01:00,0.016666666666666666,715000.0,,RFC,Severe Weather - Snow/Ice,,Pennsylvania,2014.0,2.0,True,True
1529,2014,2014-02-05 07:00:00,2014-02-23 07:00:00,432.0,,300.0,NPCC,Fuel Supply Emergency - Coal,,New York,2014.0,2.0,True,False
1530,2014,2014-02-05 07:35:00,2014-02-07 04:03:00,44.46666666666667,62159.0,,RFC,Severe Weather - Snow/Ice,,"Lancaster Region, Pennsylvania",2014.0,2.0,True,True
1531,2014,2014-02-05 08:05:00,2014-02-05 08:06:00,0.016666666666666666,181000.0,800.0,RFC,Severe Weather - Ice,,"Baltimore, Maryland",2014.0,2.0,True,True
1532,2014,2014-02-06 13:00:00,2014-02-06 22:00:00,9.0,,4000.0,WECC,Fuel Supply Emergency - Natural Gas,,California,2014.0,2.0,True,False
1533,2014,2014-02-06 13:05:00,2014-02-06 19:15:00,6.166666666666667,,160.0,WECC,Fuel Supply Emergency - Natural Gas,,Northern California,2014.0,2.0,True,False
1534,2014,2014-02-06 13:58:00,2014-02-06 20:40:00,6.7,,,TRE,Public Appeal to Reduce Electricity Usage,,Rio Grande Valley Texas,2014.0,2.0,True,False
1535,2014,2014-02-06 14:15:00,2014-02-06 19:39:00,5.4,,611.0,WECC,Fuel Supply Emergency - Natural Gas,,California,2014.0,2.0,True,False
1536,2014,2014-02-06 15:35:00,2014-02-07 11:30:00,19.916666666666668,,,TRE,Public Appeal to Reduce Electricity Usage,,ERCOT Region Texas,2014.0,2.0,True,False
1537,2014,2014-02-07 07:00:00,2014-03-21 08:00:00,1009.0,,675.0,NPCC,Fuel Supply Emergency - Coal,,Niagara County New York,2014.0,2.0,True,False
1538,2014,2014-02-07 16:30:00,2014-02-08 09:00:00,16.5,,,TRE,Public Appeal to Reduce Electricity Usage,,ERCOT Region Texas,2014.0,2.0,True,False
1539,2014,2014-02-07 16:50:00,2014-02-07 20:30:00,3.6666666666666665,,,TRE,Public Appeal to Reduce Electricity Usage,,Texas,2014.0,2.0,True,False
1540,2014,2014-02-12 07:48:00,2014-02-15 04:30:00,68.7,373835.0,1246.0,SERC,Severe Weather - Snow/Ice,,Northern/Northeastern Georgia,2014.0,2.0,True,True
1541,2014,2014-02-12 11:03:00,2014-02-15 08:40:00,69.61666666666666,120124.0,700.0,SERC,Severe Weather - Snow/Ice,,South Carolina,2014.0,2.0,True,True
1542,2014,2014-02-12 12:10:00,2014-02-15 15:20:00,75.16666666666667,200000.0,,SERC,Severe Weather - Snow/Ice,,North Carolina,2014.0,2.0,True,True
1543,2014,2014-02-12 14:15:00,2014-02-12 14:16:00,0.016666666666666666,,,NPCC,Physical Attack - Vandalism,,Vermont,2014.0,2.0,True,False
1544,2014,2014-02-14 13:00:00,2014-02-14 15:00:00,2.0,,,WECC,Physical Attack - Vandalism,,"Portland, Oregon",2014.0,2.0,True,False
1545,2014,2014-02-18 18:43:00,2014-02-18 18:44:00,0.016666666666666666,,,WECC,Physical Attack - Vandalism,,"Bend, Oregon",2014.0,2.0,True,False
1546,2014,2014-02-20 16:40:00,2014-02-21 23:59:00,31.316666666666666,66000.0,,SERC,Severe Weather - Snow/Ice,,"Missouri, Illinois",2014.0,2.0,True,True
1547,2014,2014-02-21 02:53:00,2014-02-21 21:00:00,18.116666666666667,66445.0,221.0,SERC,Severe Weather - Thunderstorms/High Winds,,Northern/Northeastern Georgia,2014.0,2.0,True,True
1548,2014,2014-03-02 19:00:00,2014-03-04 09:00:00,38.0,,,TRE,Public Appeal due to Severe Weather - Cold,,ERCOT Region Texas,2014.0,3.0,True,False
1549,2014,2014-03-03 17:25:00,2014-03-03 17:25:00,0.0,,,NPCC,Suspected Physical Attack,,New York,2014.0,3.0,True,False
1550,2014,2014-03-03 06:40:00,2014-03-03 15:28:00,8.8,65904.0,,SERC,Severe Weather - Winter Storm,,Tennessee,2014.0,3.0,True,True
1551,2014,2014-03-03 01:48:00,2014-03-03 01:49:00,0.016666666666666666,,630.0,WECC,Fuel Supply Emergency - Hydro,,"Mid-Columbia River Generation, Washington",2014.0,3.0,True,False
1552,2014,2014-03-04 09:06:00,2014-03-17 09:06:00,312.0,,,MRO,Fuel Supply Emergency - Coal,,"Weston, Wisconsin",2014.0,3.0,True,False
1553,2014,2014-03-05 17:06:00,2014-03-05 17:07:00,0.016666666666666666,,,WECC,Physical Attack,,"Salt Lake City, Utah",2014.0,3.0,True,False
1554,2014,2014-03-07 03:30:00,2014-03-07 21:00:00,17.5,370900.0,1500.0,SERC,Severe Weather - Winter Storm,,"Triad, North Carolina",2014.0,3.0,True,True
1555,2014,2014-03-11 00:00:00,2014-03-13 00:00:00,48.0,,,MRO,Suspected Physical Attack,,"Boone County, Iowa",2014.0,3.0,True,False
1556,2014,2014-03-12 19:35:00,2014-03-13 12:00:00,16.416666666666668,61377.0,250.0,SERC,Severe Weather - High Winds,,North Carolina,2014.0,3.0,True,True
1557,2014,2014-03-14 12:34:00,2014-03-14 16:45:00,4.183333333333334,,,MRO,Physical Attack - Vandalism,,"Boone County, Iowa",2014.0,3.0,True,False
1558,2014,2014-03-17 17:25:00,2014-03-18 00:56:00,7.516666666666667,,,WECC,Physical Attack - Sabatoge,,"Glendale, Arizona",2014.0,3.0,True,False
1559,2014,2014-03-20 00:00:00,2014-03-20 00:01:00,0.016666666666666666,,,NPCC,Suspected Cyber Attack,,New York,2014.0,3.0,True,False
1560,2014,2014-03-24 11:07:00,2014-03-24 11:08:00,0.016666666666666666,,,WECC,Physical Attack - Vandalism,,"Salt Lake City, Utah",2014.0,3.0,True,False
1561,2014,2014-03-26 16:00:00,2014-04-10 12:00:00,356.0,,,MRO,Physical Attack,,Iowa,2014.0,3.0,True,False
1562,2014,2014-03-26 13:37:00,2014-03-26 14:33:00,0.9333333333333333,,,WECC,Electrical System Separation (Islanding),,Montana,2014.0,3.0,True,False
1563,2014,2014-03-31 15:41:00,2014-03-31 20:08:00,4.45,,,,System Wide Voltage Reduction,,Puerto Rico,2014.0,3.0,True,False
1564,2014,2014-04-03 00:00:00,,,,,TRE,Fuel Supply Emergency - Coal,,Texas,2014.0,4.0,False,False
1565,2014,2014-04-03 14:45:00,2014-04-09 11:53:00,141.13333333333333,,,MRO,Fuel Supply Emergency - Coal,,Wisconsin,2014.0,4.0,True,False
1566,2014,2014-04-04 03:30:00,2014-04-04 08:15:00,4.75,57200.0,,SERC,Severe Weather - Wind,,Central Arkansas,2014.0,4.0,True,True
1567,2014,2014-04-08 13:00:00,2014-04-08 13:01:00,0.016666666666666666,,,WECC,Physical Attack - Vandalism,,"Davis, California",2014.0,4.0,True,False
1568,2014,2014-04-08 11:09:00,2014-04-08 11:20:00,0.18333333333333332,,,,Voltage Reduction,,Puerto Rico,2014.0,4.0,True,False
1569,2014,2014-04-12 18:15:00,2014-04-14 09:00:00,38.75,50000.0,,RFC,Severe Weather - Thunderstorms,,Western and Central Michigan,2014.0,4.0,True,True
1570,2014,2014-04-12 20:00:00,2014-04-15 19:30:00,71.5,164000.0,,RFC,Severe Weather,,Michigan,2014.0,4.0,True,True
1571,2014,2014-04-23 19:45:00,2014-04-23 20:37:00,0.8666666666666667,28000.0,163.0,SERC,Load shedding of 100 Megawatts,,"Baton Rouge, Louisiana",2014.0,4.0,True,True
1572,2014,2014-04-24 15:02:00,2014-04-24 17:13:00,2.183333333333333,,,WECC,Electrical System Separation (Islanding),,"Alberta, Canada",2014.0,4.0,True,False
1573,2014,2014-04-25 07:00:00,2014-04-25 07:30:00,0.5,,,RFC,Physical Attack - Vandalism,,Delaware,2014.0,4.0,True,False
1574,2014,2014-04-27 09:15:00,,,4000000.0,9750.0,WECC,Electrical System Separation (Islanding),,"Alberta, Canada",2014.0,4.0,False,True
1575,2014,2014-04-27 12:07:00,2014-04-27 12:09:00,0.03333333333333333,,,WECC,Physical Attack - Vandalism,,"Albany, Oregon",2014.0,4.0,True,False
1576,2014,2014-04-29 23:30:00,2014-04-30 12:30:00,13.0,106648.0,355.0,SERC,Severe Weather - Thunderstorms,,"Mississippi, Alabama",2014.0,4.0,True,True
1577,2014,2014-04-29 09:37:00,2014-05-01 09:00:00,47.38333333333333,57000.0,,SERC,Severe Weather - Thunderstorms,,"Northeastern Mississippi, Northern Alabama",2014.0,4.0,True,True
1578,2014,2014-04-30 03:50:00,2014-04-30 14:00:00,10.166666666666666,89000.0,296.0,SERC,Severe Weather - Thunderstorms,,"Alabama, Florida, Georgia",2014.0,4.0,True,True
1579,2014,2014-05-08 08:39:00,2014-05-08 08:40:00,0.016666666666666666,,,WECC,Physical Attack,,"Imperial Valley, California",2014.0,5.0,True,False
1580,2014,2014-05-08 01:00:00,2014-05-08 01:01:00,0.016666666666666666,,,SERC,Physical Attack,,Mississippi,2014.0,5.0,True,False
1581,2014,2014-05-09 18:00:00,2014-05-11 13:00:00,43.0,56000.0,,RFC,Severe Weather - Heavy Winds,,Indiana,2014.0,5.0,True,True
1582,2014,2014-05-11 18:38:00,2014-05-11 18:39:00,0.016666666666666666,,,MRO,Physical Attack - Vandalism,,"MISO North, Minnesota",2014.0,5.0,True,False
1583,2014,2014-05-12 13:14:00,2014-05-12 13:15:00,0.016666666666666666,,,WECC,Physical Attack - Vandalism,,"Layton, Utah",2014.0,5.0,True,False
1584,2014,2014-05-14 15:34:00,,,426.0,,WECC,Public Appeal to Reduce Electricity Usage - Wild Fires,,"San Diego & Orange Counties, California",2014.0,5.0,False,True
1585,2014,2014-05-15 10:43:00,,,1400000.0,3300.0,WECC,Public Appeal to Reduce Electricity Usage - Wild Fires,,"San Diego & Orange Counties, California",2014.0,5.0,False,True
1586,2014,2014-05-15 12:10:00,2014-05-15 12:13:00,0.05,,,RFC,Suspected Physical Attack,,"Whiting, Indiana",2014.0,5.0,True,False
1587,2014,2014-05-16 10:43:00,2014-05-16 21:00:00,10.283333333333333,1400000.0,3900.0,WECC,Public Appeal to Reduce Electricity Usage - Wild Fires,,"San Diego & Orange Counties, California",2014.0,5.0,True,True
1588,2014,2014-05-20 07:01:00,2014-05-20 07:02:00,0.016666666666666666,,,WECC,Physical Attack - Vandalism,,"Duchesne County, Utah",2014.0,5.0,True,False
1589,2014,2014-05-23 15:00:00,2014-05-25 19:00:00,52.0,,,SERC,Physical Attack - Vandalism,,North Carolina,2014.0,5.0,True,False
1590,2014,2014-05-26 12:31:00,2014-05-26 13:18:00,0.7833333333333333,,,WECC,Electrical System Separation (Islanding),,"British Columbia & Alberta, Canada",2014.0,5.0,True,False
1591,2014,2014-05-27 11:00:00,2014-05-27 16:53:00,5.883333333333334,,,WECC,Physical Attack - Vandalism,,"Phoenix, Arizona",2014.0,5.0,True,False
1592,2014,2014-06-03 01:38:00,2014-06-03 01:43:00,0.08333333333333333,,,ERCOT,Physical Attack - Vandalism,,Texas,2014.0,6.0,True,False
1593,2014,2014-06-03 15:32:00,2014-06-03 15:59:00,0.45,,338.0,WECC,Electrical System Islanding,,"Alberta, Canada",2014.0,6.0,True,False
1594,2014,2014-06-05 03:00:00,2014-06-07 23:45:00,68.75,38500.0,494.0,SERC,Severe Weather - Thunderstorms,,"Shelby County, Tennessee",2014.0,6.0,True,True
1595,2014,2014-06-06 13:00:00,,,,,ERCOT,Fuel Supply Emergency - Coal,,Texas,2014.0,6.0,False,False
1596,2014,2014-06-05 13:06:00,2014-06-05 13:07:00,0.016666666666666666,56475.0,,SERC,Severe Weather - Thunderstorms,,West Tennessee,2014.0,6.0,True,True
1597,2014,2014-06-07 23:00:00,2014-06-08 05:30:00,6.5,65000.0,217.0,SERC,Severe Weather - Thunderstorms,,"North and Central , Alabama",2014.0,6.0,True,True
1598,2014,2014-06-09 11:07:00,2014-06-09 11:30:00,0.38333333333333336,,,WECC,Electrical System Islanding,,"Alberta, Canada",2014.0,6.0,True,False
1599,2014,2014-06-11 09:30:00,2014-06-11 09:31:00,0.016666666666666666,,,WECC,Suspected Physical Attack,,"Nogales, Arizona",2014.0,6.0,True,False
1600,2014,2014-06-10 21:50:00,2014-06-11 14:30:00,16.666666666666668,66383.0,,RFC,Severe Weather - Thunderstorms,,West Virginia,2014.0,6.0,True,True
1601,2014,2014-06-11 16:00:00,2014-06-11 16:30:00,0.5,,,SERC,Physical Attack - Vandalism,,Southern Mississippi,2014.0,6.0,True,False
1602,2014,2014-06-12 09:10:00,2014-06-12 09:11:00,0.016666666666666666,,,ERCOT,Suspected Physical Attack,,"Somervell County, Texas",2014.0,6.0,True,False
1603,2014,2014-06-15 00:00:00,2014-06-15 01:00:00,1.0,55951.0,,MRO,Severe Weather - Thunderstorms,,Central Minnesota,2014.0,6.0,True,True
1604,2014,2014-06-18 09:52:00,2014-06-18 19:00:00,9.133333333333333,,,WECC,Physical Attack - Vandalism,,Washington,2014.0,6.0,True,False
1605,2014,2014-06-18 17:00:00,2014-06-20 15:00:00,46.0,138802.0,,RFC,Severe Weather - Thunderstorms,,Southeast Michigan,2014.0,6.0,True,True
1606,2014,2014-06-19 08:47:00,2014-06-19 08:48:00,0.016666666666666666,,,SERC,Physical Attack - Vandalism,,"Nashville, Tennessee",2014.0,6.0,True,False
1607,2014,2014-06-24 14:54:00,2014-06-24 14:55:00,0.016666666666666666,,,SERC,Physical Attack - Vandalism,,"Nashville, Tennessee",2014.0,6.0,True,False
1608,2014,2014-06-27 13:21:00,,,,,MRO,Fuel Supply Emergency - Coal,,Wisconsin,2014.0,6.0,False,False
1609,2014,2014-06-30 17:55:00,2014-07-01 02:53:00,8.966666666666667,120000.0,424.0,MRO,Severe Weather - Thunderstorms,,Southeast  Wisconsin,2014.0,6.0,True,True
1610,2014,2014-06-30 20:00:00,2014-07-02 18:30:00,46.5,420000.0,,RFC,Severe Weather - Thunderstorms,,Illinois,2014.0,6.0,True,True
1611,2014,2014-06-30 23:20:00,2014-07-01 17:00:00,17.666666666666668,127000.0,,RFC,Severe Weather - Thunderstorms,,North Central Indiana,2014.0,6.0,True,True
1612,2014,2014-07-01 05:00:00,2014-07-02 02:00:00,21.0,57237.0,,RFC,Severe Weather - Thunderstorms,,"Indiana, Michigan",2014.0,7.0,True,True
1613,2014,2014-07-02 08:39:00,2014-07-28 15:13:00,630.5666666666667,,,MRO,Fuel Supply Emergency - Coal,,Wisconsin,2014.0,7.0,True,False
1614,2014,2014-07-01 03:30:00,,,51000.0,,RFC,Severe Weather - Thunderstorms,,Southwest Michigan,2014.0,7.0,False,True
1615,2014,2014-07-01 04:00:00,2014-07-03 23:30:00,67.5,140000.0,,RFC,Severe Weather - Thunderstorms,,Southeast Michigan,2014.0,7.0,True,True
1616,2014,2014-07-03 18:00:00,2014-07-06 12:00:00,66.0,298165.0,,RFC,Severe Weather - Thunderstorms,,Pennsylvania,2014.0,7.0,True,True
1617,2014,2014-07-03 22:55:00,2014-07-04 01:50:00,2.9166666666666665,64000.0,,NPCC,Severe Weather - Thunderstorms,,"Vermont, New Hampshire, Maine, Rhode Island, Massachusetts, Connecticut",2014.0,7.0,True,True
1618,2014,2014-07-08 20:30:00,2014-07-11 23:00:00,74.5,260000.0,,RFC,Severe Weather - Thunderstorms,,Pennsylvania,2014.0,7.0,True,True
1619,2014,2014-07-08 21:31:00,,,56600.0,,RFC,Severe Weather - Thunderstorms,,Maryland,2014.0,7.0,False,True
1620,2014,2014-07-08 18:00:00,2014-07-11 17:53:00,71.88333333333334,69000.0,,RFC,Severe Weather - Thunderstorms,,Eastern Pennsylvania,2014.0,7.0,True,True
1621,2014,2014-07-08 17:30:00,2014-07-12 23:20:00,101.83333333333333,96000.0,,RFC,Severe Weather - Thunderstorms,,"Maryland, West Virginia",2014.0,7.0,True,True
1622,2014,2014-07-08 17:30:00,2014-07-12 23:30:00,102.0,71000.0,,RFC,Severe Weather - Thunderstorms,,West Virginia,2014.0,7.0,True,True
1623,2014,2014-07-08 19:21:00,2014-07-11 07:00:00,59.65,65000.0,,NPCC,Severe Weather - Thunderstorms,,Upstate New York,2014.0,7.0,True,True
1624,2014,2014-07-08 17:30:00,2014-07-10 15:00:00,45.5,66000.0,,RFC,Severe Weather - Thunderstorms,,Central and Northeastern Pennsylvania,2014.0,7.0,True,True
1625,2014,2014-07-14 16:00:00,2014-07-14 16:15:00,0.25,,,WECC,Suspected Physical Attack,,Washington,2014.0,7.0,True,False
1626,2014,2014-07-23 19:14:00,2014-07-24 00:23:00,5.15,57299.0,,SERC,Severe Weather - Thunderstorms,,"Arkansas, Louisiana",2014.0,7.0,True,True
1627,2014,2014-07-24 16:29:00,2014-07-24 23:32:00,7.05,26856.0,126.0,WECC,Load shedding of 100 Megawatts,,California,2014.0,7.0,True,True
1628,2014,2014-07-27 17:00:00,2014-07-28 23:00:00,30.0,156611.0,,RFC,Severe Weather - Thunderstorms,,Southeast Michigan,2014.0,7.0,True,True
1629,2014,2014-07-27 23:00:00,2014-07-28 04:00:00,5.0,1.0,480.0,WECC,Uncontrolled Loss of 300 Megawatts,,Central California,2014.0,7.0,True,True
1630,2014,2014-08-01 15:03:00,2014-08-01 15:04:00,0.016666666666666666,,,WECC,Physical Attack,,Utah,2014.0,8.0,True,False
1631,2014,2014-08-13 06:08:00,2014-08-13 06:34:00,0.43333333333333335,,370.0,WECC,Electrical System Separation (Islanding),,"Alberta, Canada",2014.0,8.0,True,False
1632,2014,2014-08-20 01:21:00,2014-08-20 01:41:00,0.3333333333333333,,,WECC,Electrical System Separation (Islanding),,"Alberta, Canada",2014.0,8.0,True,False
1633,2014,2014-08-23 16:39:00,2014-08-24 01:46:00,9.116666666666667,6549.0,31.0,RFC,Operational Failure of Electrical System,,"City of Highland, Illinois",2014.0,8.0,True,True
1634,2014,2014-08-24 03:20:00,2014-08-25 07:05:00,27.75,70000.0,95.0,WECC,Earthquake,,"North of San Francisco, California",2014.0,8.0,True,True
1635,2014,2014-08-26 15:30:00,,,,,RFC,Severe Weather - Thunderstorms,,Southeast Michigan,2014.0,8.0,False,False
1636,2014,2014-08-27 12:49:00,2014-08-27 13:30:00,0.6833333333333333,,,RFC,Suspected Physical Attack,,Delaware,2014.0,8.0,True,False
1637,2014,2014-08-30 15:30:00,2014-09-01 14:30:00,47.0,,,RFC,Suspected Physical Attack,,"Luzerne County, Pennsylvania",2014.0,8.0,True,False
1638,2014,2014-09-05 20:00:00,,,324000.0,,RFC,Severe Weather - Thunderstorms,,Michigan,2014.0,9.0,False,True
1639,2014,2014-09-05 16:30:00,2014-09-06 14:00:00,21.5,180400.0,,RFC,Severe Weather - Thunderstorms,,Illinois,2014.0,9.0,True,True
1640,2014,2014-09-05 19:14:00,2014-09-06 13:00:00,17.766666666666666,60000.0,50.0,RFC,Severe Weather - Thunderstorms,,Lower Peninsula of Michigan,2014.0,9.0,True,True
1641,2014,2014-09-09 08:18:00,2014-09-09 23:59:00,15.683333333333334,,,WECC,Electrical System Separation (Islanding),,"Alberta, Canada",2014.0,9.0,True,False
1642,2014,2014-09-11 04:56:00,2014-09-11 05:37:00,0.6833333333333333,,,WECC,Electrical System Separation (Islanding),,"Alberta, Canada",2014.0,9.0,True,False
1643,2014,2014-09-14 21:50:00,2014-09-17 15:08:00,65.3,123.0,1.0,WECC,Electrical System Separation (Islanding),,Oregon,2014.0,9.0,True,True
1644,2014,2014-09-16 11:56:00,2014-09-16 11:57:00,0.016666666666666666,,,WECC,Physical Attack - Vandalism,,California,2014.0,9.0,True,False
1645,2014,2014-09-17 13:30:00,2014-09-17 14:00:00,0.5,,,RFC,Suspected Physical Attack - Suspcious Activity,,Michigan,2014.0,9.0,True,False
1646,2014,2014-09-19 14:20:00,2014-09-23 13:10:00,94.83333333333333,123.0,1.0,WECC,Electrical System Separation (Islanding),,"Estacada, Oregon",2014.0,9.0,True,True
1647,2014,2014-09-22 11:00:00,2014-09-22 11:01:00,0.016666666666666666,140000.0,1000.0,MRO,Fuel Supply Emergency - Coal,,Northeast Minnesota,2014.0,9.0,True,True
1648,2014,2014-09-23 01:13:00,2014-09-23 03:00:00,1.7833333333333334,,,NPCC,Physical Attack - Suspcious Activity,,New York,2014.0,9.0,True,False
1649,2014,2014-09-21 13:30:00,,,,,NPCC,Physical Attack - Suspcious Activity,,New York,2014.0,9.0,False,False
1650,2014,2014-09-24 11:30:00,2014-09-24 15:43:00,4.216666666666667,,,WECC,Physical Attack - Vandalism,,Washington,2014.0,9.0,True,False
1651,2014,2014-10-02 15:00:00,2014-10-02 15:01:00,0.016666666666666666,,,WECC,Suspected Physical Attack - Vandalism,,"Cave Junction, Oregon",2014.0,10.0,True,False
1652,2014,2014-10-02 22:15:00,,,67300.0,,SERC,Severe Weather - Thunderstorms,,Arkansas,2014.0,10.0,False,True
1653,2014,2014-10-02 16:00:00,2014-10-07 10:00:00,114.0,500000.0,,TRE,Severe Weather - Thunderstorms,,Texas,2014.0,10.0,True,True
1654,2014,2014-10-06 10:52:00,2014-10-07 00:52:00,14.0,129237.0,292.0,TRE,Severe Weather - Thunderstorms,,"Houston, Texas",2014.0,10.0,True,True
1655,2014,2014-10-07 12:00:00,2014-10-07 12:01:00,0.016666666666666666,,,RFC,Suspected Physical Attack - Vandalism,,Maryland,2014.0,10.0,True,False
1656,2014,2014-10-08 16:47:00,2014-10-08 18:29:00,1.7,,,TRE,Public Appeal to Reduce Electricity Usage; Load Shed of 100 MW,,Rio Grande Valley Texas,2014.0,10.0,True,False
1657,2014,2014-10-08 16:49:00,2014-10-08 18:23:00,1.5666666666666667,120000.0,585.0,TRE,Public Appeal to Reduce Electricity Usage; Load Shed of 100 MW,,Rio Grande Valley Texas,2014.0,10.0,True,True
1658,2014,2014-10-09 09:27:00,,,2800.0,,TRE,Public Appeal to Reduce Electricity Usage,,Rio Grande Valley Texas,2014.0,10.0,False,True
1659,2014,2014-10-13 12:45:00,2014-10-13 16:15:00,3.5,68600.0,,SERC,Severe Weather - Thunderstorms,,Louisiana,2014.0,10.0,True,True
1660,2014,2014-10-14 07:33:00,2014-10-14 07:34:00,0.016666666666666666,,,WECC,Suspected Physical Attack - Vandalism,,Oregon,2014.0,10.0,True,False
1661,2014,2014-10-14 18:20:00,2014-10-14 18:28:00,0.13333333333333333,,,,Voltage Reduction,,Puerto Rico,2014.0,10.0,True,False
1662,2014,2014-10-14 05:44:00,2014-10-14 17:50:00,12.1,57475.0,191.0,SERC,Severe Weather - Thunderstorms,,"Alabama, Florida, Georgia",2014.0,10.0,True,True
1663,2014,2014-10-15 07:46:00,2014-10-15 07:47:00,0.016666666666666666,,,WECC,Suspected Physical Attack - Vandalism,,Oregon,2014.0,10.0,True,False
1664,2014,2014-10-16 09:12:00,2014-10-17 15:00:00,29.8,,,MRO,Suspected Physical Attack - Vandalism,,"Garden City, Kansas",2014.0,10.0,True,False
1665,2014,2014-10-16 13:25:00,2014-10-16 17:26:00,4.016666666666667,,129.0,MRO,Suspected Physical Attack,,Manitoba,2014.0,10.0,True,False
1666,2014,2014-10-20 00:00:00,,,,,MRO,Suspected Physical Attack - Vandalism,,"Howard County, Texas",2014.0,10.0,False,False
1667,2014,2014-10-21 08:25:00,2014-10-21 10:08:00,1.7166666666666666,,,MRO,Suspected Cyber Attack,,"Carmel, Indiana",2014.0,10.0,True,False
1668,2014,2014-10-22 22:46:00,2014-10-22 22:47:00,0.016666666666666666,66650.0,,NPCC,Severe Weather,,"New Hampshire, Maine, Massachusetts, Rhode Island, Connecticut, Vermont",2014.0,10.0,True,True
1669,2014,2014-10-24 18:16:00,2014-10-25 13:51:00,19.583333333333332,,,NPCC,Suspected Physical Attack - Vandalism,,"Enfield, Connecticut",2014.0,10.0,True,False
1670,2014,2014-10-24 16:00:00,2014-10-24 17:50:00,1.8333333333333333,,,MRO,Suspected Physical Attack - Vandalism,,"Howard County, Texas",2014.0,10.0,True,False
1671,2014,2014-10-25 16:00:00,2014-10-25 22:00:00,6.0,78000.0,216.0,WECC,Severe Weather - Wind,,"Greater Portland and Salem, Oregon",2014.0,10.0,True,True
1672,2014,2014-10-25 18:00:00,,,96000.0,154.0,WECC,Severe Weather - Wind,,"King County, Thurston County and Kitsap County,  Washington",2014.0,10.0,False,True
1673,2014,2014-11-01 01:00:00,2014-11-01 01:01:00,0.016666666666666666,,,WECC,Suspected Physical Attack - Vandalism,,"Portland, Oregon",2014.0,11.0,True,False
1674,2014,2014-11-02 13:46:00,,,63719.0,,NPCC,Severe Weather - Winter Storm,,"Massachusetts, Maine, Vermont, New Hampshire, Rhode Island, Connecticut",2014.0,11.0,False,True
1675,2014,2014-11-11 18:00:00,2014-11-14 15:00:00,69.0,68000.0,132.0,WECC,Severe Weather - Wind,,Washington,2014.0,11.0,True,True
1676,2014,2014-11-12 02:59:00,2014-11-12 03:00:00,0.016666666666666666,,,SERC,Suspected Physical Attack - Vandalism,,Unknown,2014.0,11.0,True,False
1677,2014,2014-11-13 07:07:00,2014-11-13 07:08:00,0.016666666666666666,,,MRO,Suspected Physical Attack - Vandalism,,"Howard County,Texas",2014.0,11.0,True,False
1678,2014,2014-11-14 09:50:00,2014-11-14 13:18:00,3.466666666666667,123.0,1.0,WECC,Electrical System Islanding,,"Estacada, Oregon",2014.0,11.0,True,True
1679,2014,2014-11-19 14:44:00,2014-11-19 14:45:00,0.016666666666666666,,,WECC,Suspected Physical Attack - Vandalism,,"Victorville, California",2014.0,11.0,True,False
1680,2014,2014-11-21 20:29:00,2014-11-23 00:16:00,27.783333333333335,,,WECC,Suspected Physical Attack - Vandalism,,"Twin Falls, Idaho",2014.0,11.0,True,False
1681,2014,2014-11-21 11:26:00,2014-11-23 17:20:00,53.9,,,WECC,Suspected Physical Attack - Vandalism,,"Sand Springs - Fort Rock, Oregon",2014.0,11.0,True,False
1682,2014,2014-11-24 00:00:00,,,,,SPP,Fuel Supply Emergency - Coal,,"Nebraska, Kansas, Texas, Arkansas, Louisiana, New Mexico",2014.0,11.0,False,False
1683,2014,2014-11-24 12:00:00,2014-11-27 13:00:00,73.0,186154.0,,RFC,Severe Weather - Wind,,Michigan,2014.0,11.0,True,True
1684,2014,2014-11-26 17:50:00,2014-11-28 07:00:00,37.166666666666664,79530.0,,NPCC,Severe Weather - Winter Storm,,"New Hampshire, Massachusetts, Maine, Rhode Island, Connecticut, Vermont",2014.0,11.0,True,True
1685,2014,2014-12-01 10:44:00,2014-12-01 10:45:00,0.016666666666666666,,,SERC,Suspected Physical Attack - Vandalism,,"Fayetteville, North Carolina",2014.0,12.0,True,False
1686,2014,2014-12-03 12:15:00,2014-12-03 12:16:00,0.016666666666666666,,,NPCC,Suspected Physical Attack - Vandalism,,Maine,2014.0,12.0,True,False
1687,2014,2014-12-11 06:40:00,,,,,WECC,Severe Weather- High Winds,,Northern California,2014.0,12.0,False,False
1688,2014,2014-12-11 07:21:00,2014-12-11 21:53:00,14.533333333333333,75000.0,225.0,WECC,Distribution Interruption - Unknown Cause,,"San Francisco, California",2014.0,12.0,True,True
1689,2014,2014-12-11 23:15:00,,,,,WECC,Severe Weather- High Winds,,Northern California,2014.0,12.0,False,False
1690,2014,2014-12-11 16:05:00,2014-12-11 21:00:00,4.916666666666667,85470.0,250.0,WECC,Severe Weather- High Winds,,"Portland, Oregon",2014.0,12.0,True,True
1691,2014,2014-12-11 17:00:00,2014-12-12 10:00:00,17.0,264000.0,116.0,WECC,Severe Weather- High Winds,,"Kitsap, Thurston, Whatcom counties Washington",2014.0,12.0,True,True
1692,2014,2014-12-17 11:00:00,2014-12-17 12:15:00,1.25,,,WECC,Suspected Physical Attack,,Washington,2014.0,12.0,True,False
1693,2014,2014-12-30 15:50:00,2014-12-31 11:00:00,19.166666666666668,,,NPCC,Suspected Cyber Attack,,"New Hampshire, Massachusetts, Maine, Rhode Island, Connecticut, Vermont",2014.0,12.0,True,False
1694,2014,2014-12-30 13:08:00,2015-01-01 16:50:00,51.7,84500.0,127.0,WECC,Severe Weather- High Winds,,Northern California,2014.0,12.0,True,True
1695,2015,2015-01-07 17:00:00,2015-01-08 08:35:00,15.583333333333334,,,SERC,Severe Weather - Winter,Public appeal to reduce the use of electricity,Tennessee,2015.0,1.0,True,False
1696,2015,2015-01-07 17:00:00,2015-01-08 08:35:00,15.583333333333334,,,SERC,Severe Weather - Winter,Public appeal to reduce the use of electricity,"Tennessee, Kentucky, Virginia, North Carolina, Georgia, Alabama, Missouri",2015.0,1.0,True,False
1697,2015,2015-01-22 04:24:00,2015-01-22 05:55:00,1.5166666666666666,,,WECC,Vandalism,Suspected Physical Attack,"Portland, Oregon",2015.0,1.0,True,False
1698,2015,2015-01-26 14:39:00,2015-01-26 14:40:00,0.016666666666666666,,,WECC,Vandalism,Suspected Physical Attack,"Cave Junction, Oregon",2015.0,1.0,True,False
1699,2015,2015-01-27 10:30:00,2015-01-27 10:31:00,0.016666666666666666,0.0,0.0,SERC,Sabotage,Suspected Physical Attack,"Kountze, Texas",2015.0,1.0,True,True
1700,2015,2015-02-01 11:24:00,2015-02-01 11:44:00,0.3333333333333333,,,WECC,Vandalism,Suspected Physical Attack,"Weber County, Utah",2015.0,2.0,True,False
1701,2015,2015-02-02 09:40:00,2015-02-02 09:41:00,0.016666666666666666,,,TRE,Sabotage,Suspected Physical Attack,"Conroe, Texas",2015.0,2.0,True,False
1702,2015,2015-02-04 11:55:00,2015-02-04 11:56:00,0.016666666666666666,,,WECC,Vandalism,Suspected Physical Attack,"Vollmers, California",2015.0,2.0,True,False
1703,2015,2015-02-05 08:15:00,2015-02-05 08:17:00,0.03333333333333333,,,WECC,Vandalism,Suspected Physical Attack,"Cameron, Arizona",2015.0,2.0,True,False
1704,2015,2015-02-05 11:20:00,2015-02-05 11:21:00,0.016666666666666666,,,WECC,Vandalism,Suspected Physical Attack,"Dunismuir, California",2015.0,2.0,True,False
1705,2015,2015-02-06 20:58:00,,,65000.0,,WECC,Severe Weather - Wind,"Loss of electric service to more than 50,000 customers for 1 hour or more",Northern California,2015.0,2.0,False,True
1706,2015,2015-02-09 11:30:00,2015-02-09 13:15:00,1.75,,,WECC,Sabotage,Suspected Physical Attack,"Colorado Springs, Colorado",2015.0,2.0,True,False
1707,2015,2015-02-16 21:41:00,2015-02-18 07:00:00,33.31666666666667,186035.0,620.0,SERC,Severe Weather - Winter,"Loss of electric service to more than 50,000 customers for 1 hour or more","Northern/North Eastern, Georgia",2015.0,2.0,True,True
1708,2015,2015-02-16 21:00:00,2015-02-18 14:00:00,41.0,67189.0,,SERC,Severe Weather - Winter,"Loss of electric service to more than 50,000 customers for 1 hour or more","Tennessee, Kentucky, Virginia, North Carolina, Georgia, Alabama, Missouri",2015.0,2.0,True,True
1709,2015,2015-02-17 09:00:00,2015-02-18 23:00:00,38.0,52000.0,,SERC,Severe Weather - Winter,"Loss of electric service to more than 50,000 customers for 1 hour or more","North Carolina, South Carolina",2015.0,2.0,True,True
1710,2015,2015-02-17 02:12:00,2015-02-18 16:00:00,37.8,68000.0,,SERC,Severe Weather - Winter,"Loss of electric service to more than 50,000 customers for 1 hour or more","North Carolina, South Carolina",2015.0,2.0,True,True
1711,2015,2015-02-17 06:20:00,2015-02-17 07:30:00,1.1666666666666667,,,WECC,Vandalism,Suspected Physical Attack,"Prescott Valley, Arizona",2015.0,2.0,True,False
1712,2015,2015-02-18 15:00:00,2015-02-20 09:00:00,42.0,,,SERC,Severe Weather - Winter,Public appeal to reduce the use of electricity,"Tennessee, Kentucky, Virginia, North Carolina, Georgia, Alabama, Missouri",2015.0,2.0,True,False
1713,2015,2015-02-19 14:30:00,2015-02-19 15:20:00,0.8333333333333334,,,WECC,Vandalism,Suspected Physical Attack,"Winslow, Arizona",2015.0,2.0,True,False
1714,2015,2015-02-20 06:00:00,2015-02-20 10:00:00,4.0,,,SERC,Severe Weather - Winter,System-wide voltage reductions of 3 percent or more,"North Carolina, South Carolina",2015.0,2.0,True,False
1715,2015,2015-02-21 08:34:00,2015-02-21 12:45:00,4.183333333333334,50000.0,,SERC,Severe Weather - Winter,"Loss of electric service to more than 50,000 customers for 1 hour or more","Fentress County, Tennessee",2015.0,2.0,True,True
1716,2015,2015-02-26 03:12:00,2015-02-26 20:00:00,16.8,124000.0,,SERC,Severe Weather - Winter,"Loss of electric service to more than 50,000 customers for 1 hour or more","North Carolina, South Carolina",2015.0,2.0,True,True
1717,2015,2015-02-26 03:30:00,2015-02-27 12:00:00,32.5,103776.0,400.0,SERC,Severe Weather - Winter,"Loss of electric service to more than 50,000 customers for 1 hour or more",North Carolina,2015.0,2.0,True,True
1718,2015,2015-03-04 09:05:00,2015-03-04 14:15:00,5.166666666666667,,,SERC,Vandalism,Suspected Physical Attack,"Johnson City , Tennessee",2015.0,3.0,True,False
1719,2015,2015-03-09 23:50:00,2015-03-10 10:53:00,11.05,,,WECC,Vandalism,Suspected Physical Attack,Washington,2015.0,3.0,True,False
1720,2015,2015-03-15 15:30:00,2015-03-15 19:00:00,3.5,71000.0,210.0,WECC,Severe Weather - Wind,"Loss of electric service to more than 50,000 customers for 1 hour or more","Greater Portland & Salem , Oregon",2015.0,3.0,True,True
1721,2015,2015-03-16 07:31:00,2015-03-16 10:06:00,2.5833333333333335,5941.0,20.0,MRO,Sabotage,Suspected Physical Attack,"Winona , Minnesota",2015.0,3.0,True,True
1722,2015,2015-03-19 18:30:00,2015-03-19 21:37:00,3.1166666666666667,,,SPP,Vandalism,Suspected Physical Attack,Southwest Kansas,2015.0,3.0,True,False
1723,2015,2015-03-22 16:25:00,2015-03-22 16:26:00,0.016666666666666666,0.0,24.0,RFC,Vandalism,Suspected Physical Attack,West Virginia,2015.0,3.0,True,True
1724,2015,2015-03-26 15:21:00,2015-03-26 16:59:00,1.6333333333333333,,15.0,WECC,System Operations,Electrical System Separation (Islanding) where part or parts of a power grid remain(s) operational,"Contra Costa County, California",2015.0,3.0,True,False
1725,2015,2015-03-29 04:26:00,2015-03-29 09:21:00,4.916666666666667,,,WECC,Vandalism,Suspected Physical Attack,California,2015.0,3.0,True,False
1726,2015,2015-04-01 18:25:00,2015-04-01 18:26:00,0.016666666666666666,37.0,,WECC,Vandalism,Suspected Physical Attack,"San Juan County, Utah",2015.0,4.0,True,True
1727,2015,2015-04-02 07:04:00,2015-04-02 08:57:00,1.8833333333333333,5763.0,6.0,WECC,Vandalism,Suspected Physical Attack,"San Juan County, Utah",2015.0,4.0,True,True
1728,2015,2015-04-03 02:00:00,2015-04-03 07:48:00,5.8,70000.0,,SPP,Severe Weather - Thunderstorms,"Loss of electric service to more than 50,000 customers for 1 hour or more","Harvey, Reno, and Sedgwick Counties, Kansas",2015.0,4.0,True,True
1729,2015,2015-04-06 08:12:00,2015-04-06 12:08:00,3.933333333333333,80000.0,,WECC,System Operations,"Loss of electric service to more than 50,000 customers for 1 hour or more","Butte County, California",2015.0,4.0,True,True
1730,2015,2015-04-07 12:30:00,2015-04-07 17:34:00,5.066666666666666,,,RFC,System Operations,Uncontrolled loss of 300 Megawatts or more of firm system loads for more than 15 minutes from a single incident,Unknown,2015.0,4.0,True,False
1731,2015,2015-04-07 15:34:00,2015-04-07 15:46:00,0.2,0.0,0.0,WECC,System Operations,Electrical System Separation (Islanding) where part or parts of a power grid remain(s) operational,California,2015.0,4.0,True,True
1732,2015,2015-04-17 21:30:00,2015-04-19 23:50:00,50.333333333333336,280982.0,,TRE,Severe Weather,"Loss of electric service to more than 50,000 customers for 1 hour or more","Houston, Texas",2015.0,4.0,True,True
1733,2015,2015-04-17 09:16:00,2015-04-17 11:00:00,1.7333333333333334,,9300.0,WECC,System Operations,Electrical System Separation (Islanding) where part or parts of a power grid remain(s) operational,Canada,2015.0,4.0,True,False
1734,2015,2015-04-18 21:00:00,2015-04-21 04:00:00,55.0,89000.0,,TRE,Severe Weather,"Loss of electric service to more than 50,000 customers for 1 hour or more","Dallas, Fort Worth, Texas",2015.0,4.0,True,True
1735,2015,2015-04-24 19:10:00,2015-04-26 16:00:00,44.833333333333336,57000.0,,TRE,Severe Weather,"Loss of electric service to more than 50,000 customers for 1 hour or more","Dallas, Fort Worth, Texas",2015.0,4.0,True,True
1736,2015,2015-04-27 10:30:00,2015-04-28 18:45:00,32.25,199000.0,,SERC,Severe Weather,"Loss of electric service to more than 50,000 customers for 1 hour or more",Louisiana and Texas,2015.0,4.0,True,True
1737,2015,2015-05-02 22:51:00,2015-05-03 00:26:00,1.5833333333333333,215.0,1.0,SERC,Vandalism,Suspected Physical Attack,"Franklin County, Tennessee",2015.0,5.0,True,True
1738,2015,2015-05-04 15:25:00,2015-05-04 15:26:00,0.016666666666666666,,,WECC,Vandalism,Suspected Physical Attack,"Salt Lake County, Utah",2015.0,5.0,True,False
1739,2015,2015-05-11 08:32:00,2015-05-11 08:33:00,0.016666666666666666,0.0,0.0,WECC,Sabotage,Suspected Physical Attack,"Shasta County, California",2015.0,5.0,True,True
1740,2015,2015-05-12 00:40:00,2015-05-12 00:45:00,0.08333333333333333,0.0,0.0,SERC,Sabotage,Suspected Physical Attack,"Coahoma County, Mississippi",2015.0,5.0,True,True
1741,2015,2015-05-18 15:28:00,2015-05-18 15:47:00,0.31666666666666665,0.0,275.0,WECC,Severe Weather,Electrical System Separation (Islanding) where part or parts of a power grid remain(s) operational,Washington,2015.0,5.0,True,True
1742,2015,2015-05-25 18:00:00,2015-05-29 07:15:00,85.25,454000.0,,TRE,Severe Weather,"Loss of electric service to more than 50,000 customers for 1 hour or more",North Texas,2015.0,5.0,True,True
1743,2015,2015-05-25 22:45:00,2015-05-28 01:25:00,50.666666666666664,61000.0,,TRE,Severe Weather,"Loss of electric service to more than 50,000 customers for 1 hour or more","Fort Bend County, & Harris County ,Texas",2015.0,5.0,True,True
1744,2015,2015-05-25 20:30:00,2015-05-26 18:30:00,22.0,57531.0,,SPP,Severe Weather,"Loss of electric service to more than 50,000 customers for 1 hour or more",Texas,2015.0,5.0,True,True
1745,2015,2015-05-25 20:30:00,,,57351.0,,SPP,Severe Weather,"Loss of electric service to more than 50,000 customers for 1 hour or more","Texas, Louisiana, Arkansas",2015.0,5.0,False,True
1746,2015,2015-05-26 05:30:00,2015-05-27 19:00:00,37.5,78515.0,,SERC,Severe Weather,"Loss of electric service to more than 50,000 customers for 1 hour or more","Texas, Louisiana, Arkansas, Mississippi",2015.0,5.0,True,True
1747,2015,2015-06-01 00:27:00,2015-06-01 02:15:00,1.8,110.0,2.0,SERC,Vandalism,Suspected Physical Attack,"Daviess County, Kentucky",2015.0,6.0,True,True
1748,2015,2015-06-01 19:19:00,2015-06-02 08:36:00,13.283333333333333,484.0,5.0,WECC,System Operations,Electrical System Separation (Islanding) where part or parts of a power grid remain(s) operational,California,2015.0,6.0,True,True
1749,2015,2015-06-02 18:58:00,2015-06-02 19:24:00,0.43333333333333335,727.0,5.0,WECC,System Operations,Electrical System Separation (Islanding) where part or parts of a power grid remain(s) operational,California,2015.0,6.0,True,True
1750,2015,2015-06-03 15:00:00,2015-06-05 17:00:00,50.0,,,TRE,System Operations,Public appeal to reduce the use of electricity,Texas,2015.0,6.0,True,False
1751,2015,2015-06-07 13:54:00,2015-06-07 14:13:00,0.31666666666666665,,926.0,SERC,System Operations,"Uncontrolled loss of 300 Megawatts or more of firm system loads for more than 15 minutes from a single incident

System-wide voltage reductions of 3 percent or more","Shelby County, Tennessee",2015.0,6.0,True,False
1752,2015,2015-06-07 13:52:00,2015-06-07 14:13:00,0.35,,,SERC,System Operations,Uncontrolled loss of 300 Megawatts or more of firm system loads for more than 15 minutes from a single incident,Tennessee,2015.0,6.0,True,False
1753,2015,2015-06-08 00:00:00,,,,176.0,WECC,System Operations,Fuel supply emergencies that could impact electric power system adequacy or reliability,"Merced County, California",2015.0,6.0,False,False
1754,2015,2015-06-20 13:52:00,2015-06-20 15:30:00,1.6333333333333333,0.0,,WECC,Vandalism,Suspected Physical Attack,"Solano County, California",2015.0,6.0,True,True
1755,2015,2015-06-23 18:00:00,2015-06-30 18:00:00,168.0,263000.0,,RFC,Severe Weather,"Loss of electric service to more than 50,000 customers for 1 hour or more","Gloucester County, Burlington County, Atlantic County, Cape May County, New Jersey",2015.0,6.0,True,True
1756,2015,2015-06-23 17:06:00,2015-06-26 16:00:00,70.9,65000.0,,RFC,Severe Weather,"Loss of electric service to more than 50,000 customers for 1 hour or more","New Castle County, Delaware",2015.0,6.0,True,True
1757,2015,2015-06-23 17:30:00,2015-06-23 19:00:00,1.5,200000.0,,RFC,Severe Weather,"Loss of electric service to more than 50,000 customers for 1 hour or more","Delaware County, PA; Chester County, PA",2015.0,6.0,True,True
1758,2015,2015-06-23 18:30:00,2015-06-24 05:00:00,10.5,62442.0,,NPCC,Severe Weather,"Loss of electric service to more than 50,000 customers for 1 hour or more","Connecticut, Maine, Massachusetts, New Hampshire, Rhode Island, Vermont",2015.0,6.0,True,True
1759,2015,2015-06-23 18:18:00,2015-06-23 20:30:00,2.2,156338.0,198.0,RFC,System Operations,"Load shedding of 100 Megawatts or more implemented under emergency operational policy

Loss of electric service to more than 50,000 customers for 1 hour or more",New Jersey,2015.0,6.0,True,True
1760,2015,2015-06-23 18:26:00,,,73000.0,90.0,NPCC,Severe Weather,"Loss of electric service to more than 50,000 customers for 1 hour or more",New Jersey,2015.0,6.0,False,True
1761,2015,2015-06-26 02:00:00,,,110000.0,,SPP,Severe Weather,"Loss of electric service to more than 50,000 customers for 1 hour or more",Kansas,2015.0,6.0,False,True
1762,2015,2015-06-27 17:00:00,2015-06-30 17:18:00,72.3,68000.0,,RFC,Severe Weather,"Loss of electric service to more than 50,000 customers for 1 hour or more","Wayne County, Michigan",2015.0,6.0,True,True
1763,2015,2015-06-29 19:21:00,2015-06-29 19:42:00,0.35,0.0,0.0,WECC,Severe Weather,Electrical System Separation (Islanding) where part or parts of a power grid remain(s) operational,Washington,2015.0,6.0,True,True
1764,2015,2015-06-30 14:00:00,2015-06-30 21:00:00,7.0,,,WECC,Severe Weather,Public appeal to reduce the use of electricity,California,2015.0,6.0,True,False
1765,2015,2015-06-30 10:50:00,2015-07-01 21:00:00,34.166666666666664,,,WECC,Severe Weather,Public appeal to reduce the use of electricity,California,2015.0,6.0,True,False
1766,2015,2015-07-03 08:30:00,2015-07-03 14:30:00,6.0,0.0,0.0,WECC,Suspicious Activity,Suspected Physical Attack,"Butte County, California",2015.0,7.0,True,True
1767,2015,2015-07-03 17:17:00,2015-07-03 23:30:00,6.216666666666667,30000.0,350.0,TRE,System Operations,Uncontrolled loss of 300 Megawatts or more of firm system loads for more than 15 minutes from a single incident,Texas,2015.0,7.0,True,True
1768,2015,2015-07-13 14:14:00,2015-07-16 06:00:00,63.766666666666666,68339.0,480.0,RFC,Severe Weather,"Loss of electric service to more than 50,000 customers for 1 hour or more","Ohio, Kentucky",2015.0,7.0,True,True
1769,2015,2015-07-13 19:40:00,2015-07-15 12:15:00,40.583333333333336,52739.0,,RFC,Severe Weather,"Loss of electric service to more than 50,000 customers for 1 hour or more",Virginia,2015.0,7.0,True,True
1770,2015,2015-07-14 15:29:00,2015-07-15 11:55:00,20.433333333333334,,,SPP,Severe Weather,Uncontrolled loss of 300 Megawatts or more of firm system loads for more than 15 minutes from a single incident,Arkansas,2015.0,7.0,True,False
1771,2015,2015-07-14 20:00:00,2015-07-15 09:23:00,13.383333333333333,111644.0,366.0,SERC,Severe Weather,"Loss of electric service to more than 50,000 customers for 1 hour or more",Alabama,2015.0,7.0,True,True
1772,2015,2015-07-15 02:00:00,2015-07-15 02:55:00,0.9166666666666666,0.0,360.0,WECC,System Operations,Uncontrolled loss of 300 Megawatts or more of firm system loads for more than 15 minutes from a single incident,California,2015.0,7.0,True,True
1773,2015,2015-07-16 16:45:00,2015-07-16 17:48:00,1.05,17311.0,117.0,SPP,System Operations,Load shedding of 100 Megawatts or more implemented under emergency operational policy,Texas,2015.0,7.0,True,True
1774,2015,2015-07-18 02:00:00,2015-07-19 07:00:00,29.0,250000.0,250.0,MRO,Severe Weather,"Loss of electric service to more than 50,000 customers for 1 hour or more","Henepin and Ramsey County, Minnesota",2015.0,7.0,True,True
1775,2015,2015-07-18 18:26:00,2015-07-18 21:03:00,2.6166666666666667,70.0,30.0,WECC,System Operations,Electrical System Separation (Islanding) where part or parts of a power grid remain(s) operational,California,2015.0,7.0,True,True
1776,2015,2015-07-18 19:59:00,2015-07-18 22:45:00,2.7666666666666666,78164.0,160.0,WECC,Severe Weather,"Loss of electric service to more than 50,000 customers for 1 hour or more",California,2015.0,7.0,True,True
1777,2015,2015-07-21 12:47:00,2015-07-21 13:12:00,0.4166666666666667,,200.0,WECC,System Operations,Load shedding of 100 Megawatts or more implemented under emergency operational policy,Washington,2015.0,7.0,True,False
1778,2015,2015-07-27 03:52:00,2015-07-27 04:36:00,0.7333333333333333,484.0,,WECC,System Operations,Electrical System Separation (Islanding) where part or parts of a power grid remain(s) operational,California,2015.0,7.0,True,True
1779,2015,2015-07-28 12:05:00,2015-07-28 12:26:00,0.35,,150.0,,System Operations,System-wide voltage reductions of 3 percent or more,Puerto Rico,2015.0,7.0,True,False
1780,2015,2015-07-29 16:45:00,2015-07-29 21:00:00,4.25,0.0,500.0,NPCC,System Operations,Fuel supply emergencies that could impact electric power system adequacy or reliability,New York,2015.0,7.0,True,True
1781,2015,2015-07-30 09:50:00,2015-07-30 19:00:00,9.166666666666666,,,TRE,System Operations,Public appeal to reduce the use of electricity,Texas,2015.0,7.0,True,False
1782,2015,2015-07-30 13:00:00,,,0.0,0.0,SERC,Vandalism,Suspected Physical Attack,Tennessee,2015.0,7.0,False,True
1783,2015,2015-07-31 10:55:00,,,0.0,9.0,WECC,System Operations,Electrical System Separation (Islanding) where part or parts of a power grid remain(s) operational,Washington,2015.0,7.0,False,True
1784,2015,2015-08-02 17:45:00,2015-08-04 03:00:00,33.25,162000.0,,RFC,Severe Weather,"Loss of electric service to more than 50,000 customers for 1 hour or more",Michigan: Emmet County; Grand Traverse County; Leelanau County; Kalkaska County; Benzie County; Manistee County; Wexford County; Missaukee County; Mecosta County;,2015.0,8.0,True,True
1785,2015,2015-08-03 00:30:00,2015-08-03 02:00:00,1.5,115000.0,,RFC,Severe Weather,"Loss of electric service to more than 50,000 customers for 1 hour or more",Illinois,2015.0,8.0,True,True
1786,2015,2015-08-03 01:00:00,2015-08-05 00:00:00,47.0,72520.0,,RFC,Severe Weather,"Loss of electric service to more than 50,000 customers for 1 hour or more",Michigan,2015.0,8.0,True,True
1787,2015,2015-08-03 08:27:00,2015-08-04 01:18:00,16.85,,0.0,WECC,Sabotage,Suspected Physical Attack,Arizona: New Mexico,2015.0,8.0,True,False
1788,2015,2015-08-04 07:17:00,2015-08-05 12:52:00,29.583333333333332,132000.0,,NPCC,Severe Weather,"Loss of electric service to more than 50,000 customers for 1 hour or more",Massachusetts: Rhode Island:,2015.0,8.0,True,True
1789,2015,2015-08-11 19:30:00,2015-08-13 04:05:00,32.583333333333336,100000.0,,TRE,Severe Weather,"Loss of electric service to more than 50,000 customers for 1 hour or more",Texas: Houston;,2015.0,8.0,True,True
1790,2015,2015-08-13 15:15:00,2015-08-13 19:00:00,3.75,,,TRE,Other,Public appeal to reduce the use of electricity,Texas: Williamson County;,2015.0,8.0,True,False
1791,2015,2015-08-27 21:51:00,2015-08-28 18:00:00,20.15,,360.0,WECC,System Operations,"Uncontrolled loss of 300 Megawatts or more of firm system loads for more than 15 minutes from a single incident / Loss of electric service to more than 50,000 customers for 1 hour or more",Puerto Rico,2015.0,8.0,True,False
1792,2015,2015-08-29 10:00:00,,,500000.0,,WECC,Severe Weather,"Loss of electric service to more than 50,000 customers for 1 hour or more",Washington,2015.0,8.0,False,True
1793,2015,2015-08-29 11:00:00,2015-09-04 15:00:00,148.0,250000.0,250.0,WECC,Severe Weather,"Loss of electric service to more than 50,000 customers for 1 hour or more","King County, Skagit County, Whatcom County, Kitsap County, Pierce County, Thurston County, Island County, Washington",2015.0,8.0,True,True
1794,2015,2015-08-29 13:00:00,2015-08-31 07:00:00,42.0,64000.0,1200.0,WECC,Severe Weather,"Loss of electric service to more than 50,000 customers for 1 hour or more",Washington: King County;,2015.0,8.0,True,True
1795,2015,2015-09-03 02:33:00,2015-09-03 06:25:00,3.8666666666666667,50114.0,,RFC,Severe Weather,"Loss of electric service to more than 50,000 customers for 1 hour or more",Michigan,2015.0,9.0,True,True
1796,2015,2015-09-13 17:56:00,2015-09-13 20:37:00,2.683333333333333,0.0,0.0,NPCC,Vandalism,Suspected Physical Attack,New York: Dutchess County;,2015.0,9.0,True,True
1797,2015,2015-09-20 13:12:00,2015-09-20 13:44:00,0.5333333333333333,,150.0,WECC,System Operations,Load shedding of 100 Megawatts or more implemented under emergency operational policy,California,2015.0,9.0,True,False
1798,2015,2015-09-29 15:40:00,2015-09-29 15:41:00,0.016666666666666666,,,WECC,Vandalism,Suspected Physical Attack,Oregon,2015.0,9.0,True,False
1799,2015,2015-10-13 06:30:00,2015-10-13 08:30:00,2.0,0.0,0.0,WECC,Vandalism,Suspected Physical Attack,Utah: Emery County;,2015.0,10.0,True,True
1800,2015,2015-10-13 10:25:00,2015-10-13 18:00:00,7.583333333333333,,,TRE,Other,Public appeal to reduce the use of electricity,Texas,2015.0,10.0,True,False
1801,2015,2015-10-13 16:32:00,2015-10-13 20:39:00,4.116666666666666,,41788.0,WECC,Other,Public appeal to reduce the use of electricity,California,2015.0,10.0,True,False
1802,2015,2015-10-16 12:25:00,2015-10-16 12:56:00,0.5166666666666667,0.0,0.0,WECC,Vandalism,Suspected Physical Attack,Utah,2015.0,10.0,True,True
1803,2015,2015-10-18 07:00:00,2015-10-18 23:29:00,16.483333333333334,55677.0,88.0,WECC,Severe Weather,"Loss of electric service to more than 50,000 customers for 1 hour or more",California: Central Coast area;,2015.0,10.0,True,True
1804,2015,2015-10-23 09:42:00,2015-10-23 13:26:00,3.7333333333333334,300000.0,500.0,,System Operations,"Electrical System Separation (Islanding) where part or parts of power grid remain(s) operational / Load shedding of 100 Megawatts or more implemented under emergency operational policy / System-wide voltage reductions of 3 percent of more / Loss of electric service to more than 50,000 customers for 1 hour or more",Puerto Rico,2015.0,10.0,True,True
1805,2015,2015-10-28 13:38:00,2015-10-29 17:00:00,27.366666666666667,35000.0,,RFC,Other,Suspected Physical Attack,Pennsylvania: Columbia County; Montour County; Northumberland County;,2015.0,10.0,True,True
1806,2015,2015-10-30 15:00:00,2015-10-30 16:00:00,1.0,0.0,0.0,WECC,Other,Suspected Physical Attack,Oregon: Josephine County;,2015.0,10.0,True,True
1807,2015,2015-10-31 00:45:00,2015-11-01 16:05:00,39.333333333333336,130252.0,,TRE,Severe Weather,"Loss of electric service to more than 50,000 customers for 1 hour or more",Texas: Harris County;,2015.0,10.0,True,True
1808,2015,2015-11-01 11:53:00,2015-11-01 12:00:00,0.11666666666666667,0.0,0.0,RFC,Vandalism,Suspected Physical Attack,Ohio: Hamilton County;,2015.0,11.0,True,True
1809,2015,2015-11-02 17:37:00,2015-11-04 09:00:00,39.38333333333333,0.0,4.0,SERC,Sabotage,Suspected Physical Attack,Arkansas: Hot Spring County;,2015.0,11.0,True,True
1810,2015,2015-11-10 12:00:00,2015-11-10 14:00:00,2.0,0.0,0.0,RFC,Sabotage,Suspected Physical Attack,Indiana: Dearborn County;,2015.0,11.0,True,True
1811,2015,2015-11-13 11:30:00,2015-11-13 11:35:00,0.08333333333333333,,,NPCC,Suspicious Activity,Suspected Physical Attack,New York,2015.0,11.0,True,False
1812,2015,2015-11-17 09:00:00,,,89000.0,900.0,WECC,Severe Weather,"Loss of electric service to more than 50,000 customers for 1 hour or more",Washington: Snohomish County;,2015.0,11.0,False,True
1813,2015,2015-11-17 10:00:00,,,300000.0,,WECC,Severe Weather,"Loss of electric service to more than 50,000 customers for 1 hour or more",Washington,2015.0,11.0,False,True
1814,2015,2015-11-17 13:30:00,,,182000.0,,WECC,Severe Weather,"Loss of electric service to more than 50,000 customers for 1 hour or more","Washington: Stevens County, Lincoln County, Adams County, Whitman County, Spokane County; Idaho: Bonner County, Kootenai County, Shoshone County, Benewah County, Idaho County;",2015.0,11.0,False,True
1815,2015,2015-11-21 20:30:00,2015-11-23 01:00:00,28.5,60000.0,,RFC,Severe Weather,"Loss of electric service to more than 50,000 customers for 1 hour or more",Michigan,2015.0,11.0,True,True
1816,2015,2015-11-28 06:00:00,2015-11-30 13:00:00,55.0,55609.0,,SPP,Severe Weather,"Loss of electric service to more than 50,000 customers for 1 hour or more",Oklahoma,2015.0,11.0,True,True
1817,2015,2015-11-28 06:00:00,,,35000.0,,SPP,Severe Weather,"Loss of electric service to more than 50,000 customers for 1 hour or more",Oklahoma,2015.0,11.0,False,True
1818,2015,2015-11-29 16:48:00,2015-11-29 18:20:00,1.5333333333333334,0.0,0.0,,System Operations,System-wide voltage reductions of 3 percent or more,Puerto Rico,2015.0,11.0,True,True
1819,2015,2015-11-30 06:18:00,2015-11-30 21:18:00,15.0,86559.0,100.0,,System Operations,System-wide voltage reductions of 3 percent or more,Puerto Rico,2015.0,11.0,True,True
1820,2015,2015-12-02 13:03:00,2015-12-03 12:29:00,23.433333333333334,0.0,0.0,SPP,Vandalism,Suspected Physical Attack,Kansas: Thomas County;,2015.0,12.0,True,True
1821,2015,2015-12-05 21:00:00,2015-12-05 22:30:00,1.5,0.0,0.0,SPP,Vandalism,Suspected Physical Attack,Kansas,2015.0,12.0,True,True
1822,2015,2015-12-05 19:22:00,2015-12-06 05:27:00,10.083333333333334,52476.0,110.0,NPCC,Other,"Loss of electric service to more than 50,000 customers for 1 hour or more","New York: Orange County, Sullivan County; Pennsylvania: Pike County;",2015.0,12.0,True,True
1823,2015,2015-12-08 14:00:00,2015-12-08 14:01:00,0.016666666666666666,0.0,0.0,WECC,Sabotage,Suspected Physical Attack,Nevada: Clark County;,2015.0,12.0,True,True
1824,2015,2015-12-09 18:06:00,2015-12-09 21:52:00,3.7666666666666666,0.0,0.0,,System Operations,System-wide voltage reductions of 3 percent or more,Puerto Rico,2015.0,12.0,True,True
1825,2015,2015-12-09 04:00:00,2015-12-09 11:00:00,7.0,76300.0,115.0,WECC,Severe Weather,"Loss of electric service to more than 50,000 customers for 1 hour or more",Washington,2015.0,12.0,True,True
1826,2015,2015-12-10 21:25:00,2015-12-10 22:30:00,1.0833333333333333,1.0,400.0,SERC,System Operations,Uncontrolled loss of 300 Megawatts or more of firm system loads for more than 15 minutes from a single incident,Missouri: New Madrid County;,2015.0,12.0,True,True
1827,2015,2015-12-10 17:55:00,2015-12-10 17:56:00,0.016666666666666666,,,WECC,Vandalism,Suspected Physical Attack,California: Stanislaus County;,2015.0,12.0,True,False
1828,2015,2015-12-10 03:53:00,2015-12-10 04:08:00,0.25,9956.0,24.0,WECC,Severe Weather,Electrical System Separation (Islanding) where part or parts of a power grid remain(s) operational,California: Plumas County,2015.0,12.0,True,True
1829,2015,2015-12-10 06:01:00,2015-12-10 07:13:00,1.2,9956.0,29.0,WECC,Severe Weather,Electrical System Separation (Islanding) where part or parts of a power grid remain(s) operational,California: Northern;,2015.0,12.0,True,True
1830,2015,2015-12-24 03:00:00,2015-12-26 00:00:00,45.0,168000.0,,RFC,Severe Weather,"Loss of electric service to more than 50,000 customers for 1 hour or more","Michigan: Antrim County, Charlevoix County, Manistee County, Mecosta County, Kalkaska County, Grand Traverse County, Osceola County, Lake County, Newaygo County, Clare County, Isabella County;",2015.0,12.0,True,True
1831,2015,2015-12-26 19:30:00,,,70000.0,,TRE,Severe Weather,"Loss of electric service to more than 50,000 customers for 1 hour or more",Texas,2015.0,12.0,False,True
1832,2015,2015-12-26 18:00:00,2015-12-30 06:00:00,84.0,116800.0,,SPP,Severe Weather,"Loss of electric service to more than 50,000 customers for 1 hour or more",Texas: Oklahoma:,2015.0,12.0,True,True
1833,2015,2015-12-27 23:38:00,2015-12-28 17:00:00,17.366666666666667,54476.0,,SPP,Severe Weather,"Loss of electric service to more than 50,000 customers for 1 hour or more",Oklahoma,2015.0,12.0,True,True
1834,2015,2015-12-27 17:00:00,,,50500.0,,SPP,Severe Weather,"Loss of electric service to more than 50,000 customers for 1 hour or more",Oklahoma,2015.0,12.0,False,True
1835,2015,2015-12-29 08:30:00,2015-12-29 08:31:00,0.016666666666666666,0.0,0.0,NPCC,Sabotage,Suspected Physical Attack,Maine,2015.0,12.0,True,True
1836,2015,2015-12-31 17:00:00,2015-12-31 21:40:00,4.666666666666667,1500.0,8.0,SPP,Severe Weather,Public appeal to reduce the use of electricity,Oklahoma: Blaine County;,2015.0,12.0,True,True
1837,2015,2015-12-31 11:00:00,,,0.0,0.0,SERC,Sabotage,Suspected Physical Attack,Missouri,2015.0,12.0,False,True
1838,2016,2016-01-04 05:15:00,2016-01-05 08:00:00,26.75,0.0,0.0,MRO,Sabotage,Suspected Physical Attack,Wisconsin: Milwaukee County;,2016.0,1.0,True,True
1839,2016,2016-01-10 20:46:00,2016-01-11 05:25:00,8.65,59859.0,,NPCC,Weather,"Loss of electric service to more than 50,000 customers for 1 hour or more",Maine: Connecticut: Massachusetts: Vermont: New Hampshire: Rhode Island:,2016.0,1.0,True,True
1840,2016,2016-01-11 20:16:00,2016-01-11 23:00:00,2.7333333333333334,0.0,0.0,RFC,Vandalism,Suspected Physical Attack,Pennsylvania: Chester County;,2016.0,1.0,True,True
1841,2016,2016-01-14 08:27:00,2016-01-14 12:00:00,3.55,0.0,0.0,RFC,Vandalism,Suspected Physical Attack,Delaware:,2016.0,1.0,True,True
1842,2016,2016-01-17 12:00:00,2016-01-17 13:00:00,1.0,0.0,0.0,WECC,Sabotage,Suspected Physical Attack,Utah: Salt Lake County;,2016.0,1.0,True,True
1843,2016,2016-01-22 15:52:00,2016-01-24 12:30:00,44.63333333333333,150000.0,,SERC,Weather,"Loss of electric service to more than 50,000 customers for 1 hour or more",North Carolina: South Carolina:,2016.0,1.0,True,True
1844,2016,2016-01-23 07:49:00,2016-01-23 09:05:00,1.2666666666666666,50900.0,,RFC,Weather,"Loss of electric service to more than 50,000 customers for 1 hour or more",New Jersey:,2016.0,1.0,True,True
1845,2016,2016-02-05 11:21:00,2016-02-06 15:48:00,28.45,115057.0,,NPCC,Weather,"Loss of electric service to more than 50,000 customers for 1 hour or more",Connecticut: Massachusetts: Rhode Island:,2016.0,2.0,True,True
1846,2016,2016-02-07 11:30:00,,,,,NPCC,Cyber Attack,Suspected Cyber Attack,New York: Orange County,2016.0,2.0,False,False
1847,2016,2016-02-07 14:58:00,,,,,WECC,Sabotage,Suspected Physical Attack,Oregon: Klamath County,2016.0,2.0,False,False
1848,2016,2016-02-07 13:21:00,2016-02-07 13:42:00,0.35,0.0,0.0,WECC,Vandalism,Suspected Physical Attack,Utah: Salt Lake County,2016.0,2.0,True,True
1849,2016,2016-02-13 12:44:00,2016-02-13 16:27:00,3.716666666666667,4300.0,7.0,SERC,Islanding,Electrical System Separation (Islanding) where part or parts of a power grid remain(s) operational in an otherwise blacked out area or within the partial failure of an integrated electrical system,California,2016.0,2.0,True,True
1850,2016,2016-02-16 08:35:00,2016-02-16 17:28:00,8.883333333333333,52640.0,,RFC,Weather,"Loss of electric service to more than 50,000 customers for 1 hour or more","Virginia: Roanoke County, Montgomery County; West Virginia: Kanawha County, Cabell County; Tennessee: Sullivan County;",2016.0,2.0,True,True
1851,2016,2016-02-19 22:00:00,2016-02-20 23:13:00,25.216666666666665,145314.0,,RFC,Weather,"Loss of electric service to more than 50,000 customers for 1 hour or more",Michigan,2016.0,2.0,True,True
1852,2016,2016-02-21 15:54:00,2016-02-21 17:07:00,1.2166666666666666,0.0,0.0,WECC,Sabotage,Suspected Physical Attack,Oregon: Klamath County,2016.0,2.0,True,True
1853,2016,2016-02-24 14:45:00,2016-02-25 05:00:00,14.25,284610.0,400.0,SERC,Weather,"Loss of electric service to more than 50,000 customers for 1 hour or more",North Carolina: South Carolina,2016.0,2.0,True,True
1854,2016,2016-02-24 09:10:00,2016-02-24 10:15:00,1.0833333333333333,0.0,0.0,RFC,Vandalism,Suspected Physical Attack,Delaware,2016.0,2.0,True,True
1855,2016,2016-02-25 01:44:00,2016-02-25 14:45:00,13.016666666666667,114190.0,,NPCC,Weather,"Loss of electric service to more than 50,000 customers for 1 hour or more",Connecticut: Maine: Massachusetts: Rhode Island: Vermont:,2016.0,2.0,True,True
1856,2016,2016-02-26 16:35:00,2016-02-26 20:22:00,3.783333333333333,2713.0,2.0,WECC,Sabotage - Operator Action(s),Suspected Physical Attack,Arizona: Maricopa County,2016.0,2.0,True,True
1857,2016,2016-02-26 00:01:00,,,0.0,0.0,WECC,Fuel Supply Deficiency,Fuel supply emergencies that could impact electric power system adequacy or reliability,California: San Bernardino County,2016.0,2.0,False,True
1858,2016,2016-03-01 13:35:00,,,0.0,0.0,WECC,Vandalism,Suspected Physical Attack,Idaho: Ada County;,2016.0,3.0,False,True
1859,2016,2016-03-01 15:00:00,,,56000.0,,WECC,Weather,"Loss of electric service to more than 50,000 customers for 1 hour or more","Washington: King County, Whatcom County, Kitsap County, Skagit County;",2016.0,3.0,False,True
1860,2016,2016-03-03 11:00:00,2016-04-06 19:47:00,824.7833333333333,0.0,0.0,WECC,Fuel Supply Deficiency,Fuel supply emergencies that could impact electric power system adequacy or reliability,California: San Bernardino County;,2016.0,3.0,True,True
1861,2016,2016-03-08 00:00:00,2016-03-08 00:00:00,0.0,0.0,0.0,WECC,Sabotage,Suspected Physical Attack,Idaho: Bannock County;,2016.0,3.0,True,True
1862,2016,2016-03-10 04:00:00,2016-03-11 11:59:00,31.983333333333334,0.0,0.0,WECC,Sabotage,Suspected Physical Attack,"Washington: Kitsap County, King County, Whatcom County, Island County, Skagit County;",2016.0,3.0,True,True
1863,2016,2016-03-13 14:00:00,,,0.0,0.0,WECC,Sabotage,Suspected Physical Attack,"Washington: Island County, Skagit County, Whatcom County, King County, Kitsap County, Pierce County, Thurston County;",2016.0,3.0,False,True
1864,2016,2016-03-13 16:55:00,,,0.0,0.0,WECC,Vandalism,Suspected Physical Attack,Washington:,2016.0,3.0,False,True
1865,2016,2016-03-23 05:00:00,2016-03-25 23:59:00,66.98333333333333,0.0,0.0,WECC,Weather,"Loss of electric service to more than 50,000 customers for 1 hour or more","Colorado: Denver, City and County of[12];",2016.0,3.0,True,True
1866,2016,2016-03-27 12:00:00,2016-03-27 13:00:00,1.0,110000.0,,WECC,Sabotage,Suspected Physical Attack,Nevada: Clark County;,2016.0,3.0,True,True
1867,2016,2016-03-30 21:12:00,2016-03-31 15:00:00,17.8,50500.0,200.0,NPCC,Sabotage,Suspected Physical Attack,Massachusetts: Middlesex County[13];,2016.0,3.0,True,True
1868,2016,2016-04-01 16:37:00,2016-04-01 18:00:00,1.3833333333333333,0.0,0.0,FRCC,Sabotage,Suspected Physical Attack,Florida: Hillsborough County,2016.0,4.0,True,True
1869,2016,2016-04-02 11:08:00,2016-04-02 11:33:00,0.4166666666666667,0.0,360.0,WECC,System Operations,Uncontrolled loss of 300 Megawatts or more of firm system loads for more than 15 minutes from a single incident,California,2016.0,4.0,True,True
1870,2016,2016-04-12 11:30:00,2016-04-12 16:43:00,5.216666666666667,0.0,0.0,WECC,Cyber Attack,Suspected Cyber Attack,Washington: Pend Oreille County,2016.0,4.0,True,True
1871,2016,2016-04-14 16:49:00,2016-04-15 20:42:00,27.883333333333333,0.0,0.0,RFC,Sabotage,Suspected Physical Attack,Maryland: Baltimore County,2016.0,4.0,True,True
1872,2016,2016-04-15 10:00:00,2016-04-15 11:00:00,1.0,0.0,0.0,WECC,Vandalism,Suspected Physical Attack,Utah: Weber County,2016.0,4.0,True,True
1873,2016,2016-04-18 05:05:00,2016-04-20 07:55:00,50.833333333333336,415103.0,,TRE,Weather,"Loss of electric service to more than 50,000 customers for 1 hour or more",Texas: Harris County,2016.0,4.0,True,True
1874,2016,2016-04-27 13:36:00,,,0.0,0.0,SERC,Vandalism,Suspected Physical Attack,Tennessee,2016.0,4.0,False,True
1875,2016,2016-04-27 05:50:00,2016-04-28 01:35:00,19.75,214864.0,,TRE,Weather,"Loss of electric service to more than 50,000 customers for 1 hour or more",Texas: Harris County,2016.0,4.0,True,True
1876,2016,2016-04-27 18:00:00,2016-04-27 18:05:00,0.08333333333333333,0.0,0.0,TRE,Sabotage,Suspected Physical Attack,Texas: Rusk County,2016.0,4.0,True,True
1877,2016,2016-05-07 07:49:00,2016-05-07 09:02:00,1.2166666666666666,0.0,0.0,NPCC,Sabotage,Suspected Physical Attack,New York: Dutchess County;,2016.0,5.0,True,True
1878,2016,2016-05-08 09:12:00,,,,,WECC,Islanding,Electrical System Separation (Islanding) where part or parts of a power grid remain(s) operational in an otherwise blacked out area or within the partial failure of an integrated electrical system,Washington: Clark County;,2016.0,5.0,False,False
1879,2016,2016-05-10 20:45:00,2016-05-13 03:00:00,54.25,85000.0,,TRE,Distribution Interruption,"Loss of electric service to more than 50,000 customers for 1 hour or more","Texas: Dallas County, Tarrant County, Parker County;",2016.0,5.0,True,True
1880,2016,2016-05-14 21:25:00,2016-05-15 17:24:00,19.983333333333334,0.0,0.0,SERC,Sabotage,Suspected Physical Attack,Missouri:,2016.0,5.0,True,True
1881,2016,2016-05-19 21:36:00,2016-05-20 01:00:00,3.4,85179.0,461.0,WECC,System Operations,Uncontrolled loss of 300 Megawatts or more of firm system loads for more than 15 minutes from a single incident,Utah:,2016.0,5.0,True,True
1882,2016,2016-05-20 00:00:00,2016-05-22 05:00:00,53.0,85000.0,,SERC,Distribution Interruption,"Loss of electric service to more than 50,000 customers for 1 hour or more",Louisiana:,2016.0,5.0,True,True
1883,2016,2016-05-20 01:15:00,,,57184.0,,SERC,Weather,"Loss of electric service to more than 50,000 customers for 1 hour or more",Louisiana:,2016.0,5.0,False,True
1884,2016,2016-05-24 08:00:00,,,0.0,0.0,SERC,Vandalism,Suspected Physical Attack,Missouri:,2016.0,5.0,False,True
1885,2016,2016-05-26 21:29:00,2016-05-27 00:40:00,3.183333333333333,56645.0,82.0,NPCC,Transmission Interruption,"Loss of electric service to more than 50,000 customers for 1 hour or more",New York:,2016.0,5.0,True,True
1886,2016,2016-05-31 07:30:00,2016-06-13 07:27:00,311.95,,150.0,NPCC,Fuel Supply Deficiency,Fuel supply emergencies that could impact electric power system adequacy or reliability,New York: Tompkins County;,2016.0,5.0,True,False
1887,2016,2016-06-07 12:00:00,2016-06-07 12:15:00,0.25,0.0,0.0,WECC,Sabotage,Suspected Physical Attack,Utah,2016.0,6.0,True,True
1888,2016,2016-06-14 07:59:00,2016-06-14 08:00:00,0.016666666666666666,0.0,0.0,RFC,Vandalism,Suspected Physical Attack,New Jersey,2016.0,6.0,True,True
1889,2016,2016-06-17 15:40:00,2016-06-18 08:34:00,16.9,91260.0,304.0,SERC,Weather,"Loss of electric service to more than 50,000 customers for 1 hour or more","Georgia, Alabama, Mississippi, Florida",2016.0,6.0,True,True
1890,2016,2016-06-17 04:30:00,2016-06-17 04:31:00,0.016666666666666666,0.0,0.0,RFC,Vandalism,Suspected Physical Attack,Delaware,2016.0,6.0,True,True
1891,2016,2016-07-02 04:00:00,2016-07-04 00:40:00,44.666666666666664,0.0,0.0,WECC,Actual Physical Event,Suspected Physical Attack,Oregon: Multnomah County,2016.0,7.0,True,True
1892,2016,2016-07-05 02:45:00,2016-07-06 03:00:00,24.25,52000.0,,TRE,Severe Weather,"Loss of electric service to more than 50,000 customers for 1 hour or more","Texas: Dallas County, Tarrant County",2016.0,7.0,True,True
1893,2016,2016-07-05 17:30:00,2016-07-06 16:00:00,22.5,250000.0,,MRO,Severe Weather,"Loss of electric service to more than 50,000 customers for 1 hour or more","Minnesota, Wisconsin",2016.0,7.0,True,True
1894,2016,2016-07-07 04:20:00,2016-07-07 08:00:00,3.6666666666666665,58500.0,,SERC,Severe Weather,"Loss of electric service to more than 50,000 customers for 1 hour or more","Kansas: Johnson County; Missouri: Jackson County, Platte County, Cass County, Buchanan County, Atchison County, Andrew County, Clay County, Nodaway County",2016.0,7.0,True,True
1895,2016,2016-07-07 05:53:00,2016-07-07 08:40:00,2.783333333333333,0.0,0.0,SERC,Vandalism,Actual Physical Attack,North Carolina: New Hanover County,2016.0,7.0,True,True
1896,2016,2016-07-08 20:50:00,2016-07-09 19:25:00,22.583333333333332,203345.0,600.0,SERC,Severe Weather,"Loss of electric service to more than 50,000 customers for 1 hour or more",North Carolina,2016.0,7.0,True,True
1897,2016,2016-07-08 19:00:00,2016-07-09 00:00:00,5.0,160895.0,,RFC,Severe Weather,"Loss of electric service to more than 50,000 customers for 1 hour or more","Michigan: Wayne County, Oakland County, Macomb County, St. Clair County, Lapeer County, Tuscola County, Sanilac County, Huron County",2016.0,7.0,True,True
1898,2016,2016-07-08 18:00:00,,,62961.0,,RFC,Severe Weather,"Loss of electric service to more than 50,000 customers for 1 hour or more",West Virginia: Virginia,2016.0,7.0,False,True
1899,2016,2016-07-09 17:45:00,2016-07-11 14:00:00,44.25,62000.0,,TRE,Severe Weather,"Loss of electric service to more than 50,000 customers for 1 hour or more",Texas: Dallas County,2016.0,7.0,True,True
1900,2016,2016-07-12 14:10:00,2016-07-12 20:33:00,6.383333333333334,218000.0,450.0,PR,System Operations,Voltage Reduction,Puerto Rico,2016.0,7.0,True,True
1901,2016,2016-07-13 13:00:00,2016-07-13 13:01:00,0.016666666666666666,0.0,0.0,WECC,Vandalism,Suspected Physical Attack,Washington,2016.0,7.0,True,True
1902,2016,2016-07-13 15:00:00,,,,,SERC,System Operations,Public Appeal,Tennessee: Shelby County,2016.0,7.0,False,False
1903,2016,2016-07-14 17:30:00,2016-07-16 20:00:00,50.5,7300.0,,SPP,Severe Weather,"Loss of electric service to more than 50,000 customers for 1 hour or more",Oklahoma: Arkansas,2016.0,7.0,True,True
1904,2016,2016-07-14 16:30:00,2016-07-16 00:00:00,31.5,170244.0,,"SPP, SERC, TRE",Severe Weather,"Loss of electric service to more than 50,000 customers for 1 hour or more",Arkansas: Louisiana: Mississippi: Texas,2016.0,7.0,True,True
1905,2016,2016-07-14 14:44:00,2016-07-15 04:00:00,13.266666666666667,96966.0,,SPP,Severe Weather,"Loss of electric service to more than 50,000 customers for 1 hour or more",Oklahoma,2016.0,7.0,True,True
1906,2016,2016-07-19 15:45:00,2016-07-19 19:29:00,3.7333333333333334,,290.0,WECC,System Operations,"Islanding, Uncontrolled Loss 300+ MW",Idaho,2016.0,7.0,True,False
1907,2016,2016-07-19 15:45:00,2016-07-19 19:25:00,3.6666666666666665,,485.0,WECC,System Operations,"Islanding, Uncontrolled Loss 300+ MW",Idaho,2016.0,7.0,True,False
1908,2016,2016-07-21 19:21:00,2016-07-22 00:09:00,4.8,266000.0,200.0,PR,System Operations,"Load Shed 100+ MW, Voltage Reduction",Puerto Rico,2016.0,7.0,True,True
1909,2016,2016-07-21 06:18:00,2016-07-21 14:45:00,8.45,0.0,0.0,RFC,Suspicious Activity,Suspected Physical Attack,Delaware: New Castle County,2016.0,7.0,True,True
1910,2016,2016-07-22 23:50:00,2016-07-23 09:10:00,9.333333333333334,57058.0,,NPCC,Severe Weather,"Loss of electric service to more than 50,000 customers for 1 hour or more",Massachusetts: Connecticut: Rhode Island: New Hampshire: Vermont: Maine,2016.0,7.0,True,True
1911,2016,2016-07-23 15:15:00,2016-07-23 19:53:00,4.633333333333334,,87.0,RFC,System Operations,Voltage Reduction,Pennsylvania: Cambria County,2016.0,7.0,True,False
1912,2016,2016-07-23 19:30:00,2016-07-24 07:30:00,12.0,101073.0,,NPCC,Severe Weather,"Loss of electric service to more than 50,000 customers for 1 hour or more",Connecticut: Massachusetts: New Hampshire: Vermont: Rhode Island,2016.0,7.0,True,True
1913,2016,2016-07-25 18:51:00,2016-07-26 02:19:00,7.466666666666667,0.0,0.0,PR,System Operations,Voltage Reduction,Puerto Rico,2016.0,7.0,True,True
1914,2016,2016-07-26 18:51:00,2016-07-27 01:45:00,6.9,37100.0,25.0,PR,System Operations,Voltage Reduction,Puerto Rico,2016.0,7.0,True,True
1915,2016,2016-07-27 18:50:00,2016-07-28 01:38:00,6.8,106300.0,80.0,PR,System Operations,Voltage Reduction,Puerto Rico,2016.0,7.0,True,True
1916,2016,2016-07-28 18:51:00,2016-07-29 02:02:00,7.183333333333334,21600.0,22.0,PR,System Operations,Voltage Reduction,Puerto Rico,2016.0,7.0,True,True
1917,2016,2016-07-29 19:09:00,2016-07-29 19:57:00,0.8,0.0,0.0,PR,System Operations,Voltage Reduction,Puerto Rico,2016.0,7.0,True,True
1918,2016,2016-08-04 14:15:00,2016-08-04 14:23:00,0.13333333333333333,0.0,0.0,RFC,Vandalism,Suspected Physical Attack,Delaware: New Castle County;,2016.0,8.0,True,True
1919,2016,2016-08-07 18:39:00,2016-08-07 20:27:00,1.8,,,WECC,System Operations,Uncontrolled loss of 300 Megawatts or more of firm system loads for more than 15 minutes from a single incident,New Mexico: Bernalillo County;,2016.0,8.0,True,False
1920,2016,2016-08-10 06:00:00,,,0.0,0.0,WECC,Fuel Supply Deficiency,Fuel supply emergencies that could impact electric power system adequacy or reliability,California: Butte County;,2016.0,8.0,False,True
1921,2016,2016-08-11 16:30:00,2016-08-11 19:15:00,2.75,62140.0,,RFC,Severe Weather,"Loss of electric service to more than 50,000 customers for 1 hour or more",Ohio:,2016.0,8.0,True,True
1922,2016,2016-08-13 11:42:00,2016-08-13 14:07:00,2.4166666666666665,0.0,506.0,SERC,System Operations,Uncontrolled loss of 300 Megawatts or more of firm system loads for more than 15 minutes from a single incident,South Carolina:,2016.0,8.0,True,True
1923,2016,2016-08-20 14:18:00,2016-08-20 21:19:00,7.016666666666667,40000.0,,NPCC,Actual Physical Event,Actual Physical Attack,New York:,2016.0,8.0,True,True
1924,2016,2016-08-23 17:00:00,2016-08-24 00:05:00,7.083333333333333,72200.0,,TRE,Severe Weather,"Loss of electric service to more than 50,000 customers for 1 hour or more",Texas: Harris County;,2016.0,8.0,True,True
1925,2016,2016-08-24 18:13:00,2016-08-24 19:14:00,1.0166666666666666,400000.0,600.0,PR,System Operations,Uncontrolled loss of 300 Megawatts or more of firm system loads for more than 15 minutes from a single incident,Puerto Rico:,2016.0,8.0,True,True
1926,2016,2016-08-24 19:18:00,2016-08-24 19:47:00,0.48333333333333334,,9232.0,WECC,Islanding,Electrical System Separation (Islanding) where part or parts of a power grid remain(s) operational in an otherwise blacked out area or within the partial failure of an integrated electrical system,Washington: King County;,2016.0,8.0,True,False
1927,2016,2016-08-25 18:40:00,2016-08-26 18:19:00,23.65,0.0,0.0,WECC,Vandalism,Suspected Physical Attack,Oregon: Crook County;,2016.0,8.0,True,True
1928,2016,2016-08-31 09:45:00,2016-08-31 09:55:00,0.16666666666666666,0.0,0.0,WECC,Transmission Interruption,Electrical System Separation (Islanding) where part or parts of a power grid remain(s) operational in an otherwise blacked out area or within the partial failure of an integrated electrical system,Colorado:,2016.0,8.0,True,True
1929,2016,2016-08-31 14:52:00,,,0.0,0.0,WECC,Islanding,Electrical System Separation (Islanding) where part or parts of a power grid remain(s) operational in an otherwise blacked out area or within the partial failure of an integrated electrical system,Washington: Clark County;,2016.0,8.0,False,True
1930,2016,2016-09-01 22:00:00,,,,100.0,FRCC,Severe Weather,"Loss of electric service to more than 50,000 customers for 1 hour or more",Florida:,2016.0,9.0,False,False
1931,2016,2016-09-02 00:40:00,2016-09-04 20:00:00,67.33333333333333,75000.0,450.0,FRCC,Severe Weather,"Loss of electric service to more than 50,000 customers for 1 hour or more","Florida: Leon County, Wakulla County;",2016.0,9.0,True,True
1932,2016,2016-09-02 04:00:00,2016-09-02 16:00:00,12.0,90000.0,225.0,FRCC,Severe Weather,"Loss of electric service to more than 50,000 customers for 1 hour or more","Florida: Alachua County, Bay County, Citrus County, Columbia County, Dixie County, Franklin County, Gilchrist County, Gulf County, Hamilton County, Hardee County, Hernando County, Highlands County, Jefferson County, Lafayette County, Lake County, Levy County, Madison County, Marion County, Orange County, Osceola County, Pasco County, Pinellas County, Polk County, Seminole County, Sumter County, Suwannee County, Taylor County, Volusia County, Wakulla County;",2016.0,9.0,True,True
1933,2016,2016-09-02 05:45:00,2016-09-03 00:30:00,18.75,57000.0,,SERC,Severe Weather,"Loss of electric service to more than 50,000 customers for 1 hour or more",Georgia:,2016.0,9.0,True,True
1934,2016,2016-09-06 18:12:00,2016-09-06 21:24:00,3.2,,300.0,WECC,Islanding,Electrical System Separation (Islanding) where part or parts of a power grid remain(s) operational in an otherwise blacked out area or within the partial failure of an integrated electrical system,Washington: Clark County;,2016.0,9.0,True,False
1935,2016,2016-09-08 08:30:00,2016-09-25 00:00:00,399.5,,210.0,NPCC,Fuel Supply Deficiency,Fuel supply emergencies that could impact electric power system adequacy or reliability,New York: Tompkins County;,2016.0,9.0,True,False
1936,2016,2016-09-08 14:49:00,2016-09-08 15:03:00,0.23333333333333334,0.0,0.0,WECC,Islanding,Electrical System Separation (Islanding) where part or parts of a power grid remain(s) operational in an otherwise blacked out area or within the partial failure of an integrated electrical system,Washington:,2016.0,9.0,True,True
1937,2016,2016-09-10 09:42:00,2016-09-10 09:57:00,0.25,,135.0,WECC,Generation Inadequacy,Load shedding of 100 Megawatts or more implemented under emergency operational policy,Washington: Clark County;,2016.0,9.0,True,False
1938,2016,2016-09-11 12:05:00,2016-09-11 15:10:00,3.0833333333333335,57960.0,,NPCC,Severe Weather,"Loss of electric service to more than 50,000 customers for 1 hour or more",Connecticut: Massachusetts: New Hampshire: Rhode Island: Vermont: Maine:,2016.0,9.0,True,True
1939,2016,2016-09-12 12:30:00,2016-09-12 17:56:00,5.433333333333334,53753.0,110.0,WECC,Generation Inadequacy,Load shedding of 100 Megawatts or more implemented under emergency operational policy,"New Mexico: Bernalillo County, Sandoval County, Santa Fe County, Valencia County;",2016.0,9.0,True,True
1940,2016,2016-09-21 14:30:00,2016-09-24 02:30:00,60.0,1475000.0,2750.0,,System Operations,Complete operational failure or shut-down of the transmission and/or distribution electrical system,Puerto Rico:,2016.0,9.0,True,True
1941,2016,2016-09-21 19:44:00,2016-09-21 21:17:00,1.55,0.0,0.0,TRE,Actual Physical Event,Physical attack that could potentially impact electric power system adequacy or reliability; or vandalism which targets components of any security systems,Texas: Lubbock County;,2016.0,9.0,True,True
1942,2016,2016-09-22 10:56:00,2016-09-22 11:41:00,0.75,19124.0,69.0,MRO,System Operations,Complete operational failure or shut-down of the transmission and/or distribution electrical system,Iowa: Black Hawk County;,2016.0,9.0,True,True
1943,2016,2016-09-25 12:49:00,2016-09-25 18:20:00,5.516666666666667,10000.0,20.0,WECC,Vandalism,Physical attack that could potentially impact electric power system adequacy or reliability; or vandalism which targets components of any security systems,"Utah: Kane County, Garfield County; Arizona: Coconino County, Mohave County",2016.0,9.0,True,True
1944,2016,2016-10-01 12:24:00,2016-10-02 02:04:00,13.666666666666666,0.0,0.0,WECC,Actual Physical Event,Physical attack that causes major interruptions or impacts to critical infrastructure facilities or to operations,California: Mendocino County;,2016.0,10.0,True,True
1945,2016,2016-10-02 23:30:00,2016-10-05 08:00:00,56.5,4000.0,50.0,WECC,Transmission Interruption,Public appeal to reduce the use of electricity for purposes of maintaining the continuity of the electric power system,Utah:,2016.0,10.0,True,True
1946,2016,2016-10-03 15:09:00,2016-10-04 19:00:00,27.85,,,TRE,Public Appeal,Public appeal to reduce the use of electricity for purposes of maintaining the continuity of the electric power system,Texas:,2016.0,10.0,True,False
1947,2016,2016-10-05 11:32:00,2016-10-05 19:00:00,7.466666666666667,,,TRE,Public Appeal,Public appeal to reduce the use of electricity for purposes of maintaining the continuity of the electric power system,Texas:,2016.0,10.0,True,False
1948,2016,2016-10-05 15:51:00,,,0.0,0.0,WECC,Vandalism,Physical attack that could potentially impact electric power system adequacy or reliability; or vandalism which targets components of any security systems,California: Imperial County;,2016.0,10.0,False,True
1949,2016,2016-10-06 09:50:00,2016-10-06 19:00:00,9.166666666666666,,,TRE,Public Appeal,Public appeal to reduce the use of electricity for purposes of maintaining the continuity of the electric power system,Texas:,2016.0,10.0,True,False
1950,2016,2016-10-06 19:30:00,2016-10-08 18:00:00,46.5,1200000.0,5600.0,FRCC,Severe Weather,"Loss of electric service to more than 50,000 customers for 1 hour or more",Florida:,2016.0,10.0,True,True
1951,2016,2016-10-07 08:00:00,2016-10-09 13:00:00,53.0,165000.0,413.0,FRCC,Severe Weather,"Loss of electric service to more than 50,000 customers for 1 hour or more","Florida: Alachua County, Bay County, Citrus County, Columbia County, Dixie County, Franklin County, Gilchrist County, Gulf County, Hamilton County, Hardee County, Hernando County, Highlands County, Jefferson County, Lafayette County, Lake County, Levy County, Madison County, Marion County, Orange County, Osceola County, Pasco County, Pinellas County, Polk County, Seminole County, Sumter County, Suwannee County, Taylor County, Volusia County, Wakulla County;",2016.0,10.0,True,True
1952,2016,2016-10-07 11:08:00,2016-10-07 19:00:00,7.866666666666666,,,TRE,Generation Inadequacy,Public appeal to reduce the use of electricity for purposes of maintaining the continuity of the electric power system,Texas:,2016.0,10.0,True,False
1953,2016,2016-10-07 16:22:00,2016-10-12 11:00:00,114.63333333333334,36384.0,122.0,SERC,Severe Weather,"Loss of electric service to more than 50,000 customers for 1 hour or more",Georgia:,2016.0,10.0,True,True
1954,2016,2016-10-07 22:45:00,,,,,FRCC,Severe Weather,"Loss of electric service to more than 50,000 customers for 1 hour or more",Florida:,2016.0,10.0,False,False
1955,2016,2016-10-07 23:00:00,,,,,SERC,Severe Weather,"Uncontrolled loss of 300 Megawatts or more of firm system loads for more than 15 minutes from a single incident
Loss of electric service to more than 50,000 customers for 1 hour or more","South Carolina: Allendale County, Bamberg County, Beaufort County, Berkeley County, Charleston County, Chesterfield County, Clarendon County, Colleton County, Darlington County, Dorchester County, Florence County, Georgetown County, Hampton County, Horry County, Jasper County, Kershaw County, Lee County, Marion County, Marlboro County, Orangeburg County, Richland County, Sumter County, Williamsburg County;",2016.0,10.0,False,False
1956,2016,2016-10-08 08:21:00,2016-10-13 17:30:00,129.15,,,SERC,Severe Weather,"Loss of electric service to more than 50,000 customers for 1 hour or more",North Carolina: South Carolina:,2016.0,10.0,True,False
1957,2016,2016-10-08 14:05:00,2016-10-09 06:06:00,16.016666666666666,44875.0,,SERC,Severe Weather,Uncontrolled loss of 300 Megawatts or more of firm system loads for more than 15 minutes from a single incident,North Carolina:,2016.0,10.0,True,True
1958,2016,2016-10-08 01:10:00,,,290824.0,1050.0,SERC,Severe Weather,"Loss of electric service to more than 50,000 customers for 1 hour or more",South Carolina:,2016.0,10.0,False,True
1959,2016,2016-10-10 13:15:00,2016-10-10 19:00:00,5.75,,,TRE,Generation Inadequacy,Public appeal to reduce the use of electricity for purposes of maintaining the continuity of the electric power system,Texas:,2016.0,10.0,True,False
1960,2016,2016-10-12 12:09:00,2016-10-12 13:16:00,1.1166666666666667,1671.0,4.0,WECC,Vandalism,Physical attack that could potentially impact electric power system adequacy or reliability; or vandalism which targets components of any security systems,Nevada: Clark County;,2016.0,10.0,True,True
1961,2016,2016-10-18 14:06:00,2016-10-21 15:00:00,72.9,0.0,0.0,WECC,Vandalism,Physical attack that could potentially impact electric power system adequacy or reliability; or vandalism which targets components of any security systems,"Oregon: Deschutes County, Lake County;",2016.0,10.0,True,True
1962,2016,2016-10-20 12:30:00,2016-10-20 12:31:00,0.016666666666666666,0.0,0.0,WECC,Vandalism,Physical attack that could potentially impact electric power system adequacy or reliability; or vandalism which targets components of any security systems,Oregon:,2016.0,10.0,True,True
1963,2016,2016-10-25 07:40:00,2016-10-27 07:40:00,48.0,0.0,0.0,SERC,Vandalism,Physical attack that could potentially impact electric power system adequacy or reliability; or vandalism which targets components of any security systems,Tennessee: Shelby County;,2016.0,10.0,True,True
1964,2016,2016-10-26 05:26:00,2016-10-26 05:27:00,0.016666666666666666,0.0,0.0,WECC,Vandalism,Physical attack that could potentially impact electric power system adequacy or reliability; or vandalism which targets components of any security systems,Wyoming: Sweetwater County;,2016.0,10.0,True,True
1965,2016,2016-10-28 13:29:00,2016-10-28 13:38:00,0.15,482.0,4.0,WECC,Islanding,Electrical System Separation (Islanding) where part or parts of a power grid remain(s) operational in an otherwise blacked out area or within the partial failure of an integrated electrical system,California: Plumas County;,2016.0,10.0,True,True
1966,2016,2016-10-31 08:06:00,2016-10-31 15:53:00,7.783333333333333,0.0,0.0,SERC,Actual Physical Event,Physical attack that causes major interruptions or impacts to critical infrastructure facilities or to operations,North Carolina: Stokes County;,2016.0,10.0,True,True
1967,2016,2016-11-09 11:59:00,2016-11-09 18:15:00,6.266666666666667,0.0,0.0,WECC,Cyber Attack,Cyber event that could potentially impact electric power system adequacy or reliability,"California: Stanislaus County, San Joaquin County, Alameda County, Tuolumne County;",2016.0,11.0,True,True
1968,2016,2016-11-09 06:44:00,2016-11-09 07:44:00,1.0,0.0,0.0,WECC,Vandalism,Physical attack that could potentially impact electric power system adequacy or reliability; or vandalism which targets components of any security systems,California:,2016.0,11.0,True,True
1969,2016,2016-11-01 20:55:00,,,0.0,0.0,WECC,Transmission Interruption,Electrical System Separation (Islanding) where part or parts of a power grid remain(s) operational in an otherwise blacked out area or within the partial failure of an integrated electrical system,Washington: Clark County;,2016.0,11.0,False,True
1970,2016,2016-12-08 01:00:00,2016-12-08 02:30:00,1.5,0.0,0.0,WECC,Vandalism,Physical attack that could potentially impact electric power system adequacy or reliability; or vandalism which targets components of any security systems,Oregon: Multnomah County;,2016.0,12.0,True,True
1971,2016,2016-12-11 07:45:00,2016-12-11 07:46:00,0.016666666666666666,0.0,0.0,WECC,Vandalism,Physical attack that could potentially impact electric power system adequacy or reliability; or vandalism which targets components of any security systems,Utah: Utah County;,2016.0,12.0,True,True
1972,2016,2016-12-13 14:09:00,2016-12-13 14:30:00,0.35,0.0,0.0,WECC,Cyber Event,Cyber event that could potentially impact electric power system adequacy or reliability,California: Riverside County;,2016.0,12.0,True,True
1973,2016,2016-12-15 06:30:00,,,,,WECC,Fuel Supply Deficiency,Fuel supply emergencies that could impact electric power system adequacy or reliability,California: Merced County;,2016.0,12.0,False,False
1974,2016,2016-12-16 07:45:00,2016-12-16 08:45:00,1.0,0.0,0.0,WECC,Vandalism,Physical attack that could potentially impact electric power system adequacy or reliability; or vandalism which targets components of any security systems,Oregon: Multnomah County;,2016.0,12.0,True,True
1975,2016,2016-12-26 04:00:00,2016-12-26 06:00:00,2.0,0.0,0.0,WECC,Vandalism,Physical attack that could potentially impact electric power system adequacy or reliability; or vandalism which targets components of any security systems,Washington:,2016.0,12.0,True,True
1976,2016,2016-12-28 04:03:00,2016-12-31 06:00:00,73.95,0.0,0.0,WECC,Fuel Supply Deficiency,Fuel supply emergencies that could impact electric power system adequacy or reliability,California:,2016.0,12.0,True,True
1977,2016,2016-12-30 08:55:00,2016-12-30 08:56:00,0.016666666666666666,0.0,0.0,NPCC,Other,Cyber event that could potentially impact electric power system adequacy or reliability,Vermont: Chittenden County;,2016.0,12.0,True,True
1978,2016,2016-12-30 02:30:00,2016-12-30 19:00:00,16.5,85263.0,,NPCC,Weather or Natural Disaster,"Loss of electric service to more than 50,000 customers for 1 hour or more",Maine:,2016.0,12.0,True,True
1979,2017,2017-01-05 16:56:00,2017-01-05 16:57:00,0.016666666666666666,0.0,0.0,FRCC,Suspected Physical Attack,Physical attack that could potentially impact electric power system adequacy or reliability; or vandalism which targets components of any security systems,Florida: Martin County;,2017.0,1.0,True,True
1980,2017,2017-01-08 09:07:00,2017-01-13 14:30:00,125.38333333333334,106000.0,,WECC,Severe Weather,"Loss of electric service to more than 50,000 customers for 1 hour or more",California,2017.0,1.0,True,True
1981,2017,2017-01-08 23:59:00,,,0.0,0.0,WECC,Fuel Supply Deficiency,Fuel supply emergencies that could impact electric power system adequacy or reliability,California,2017.0,1.0,False,True
1982,2017,2017-01-10 19:30:00,2017-01-13 14:30:00,67.0,87000.0,,WECC,Severe Weather,"Loss of electric service to more than 50,000 customers for 1 hour or more",California,2017.0,1.0,True,True
1983,2017,2017-01-15 06:35:00,2017-01-15 07:44:00,1.15,126000.0,176.0,WECC,Transmission Disruption,"Loss of electric service to more than 50,000 customers for 1 hour or more",California: Los Angeles County;,2017.0,1.0,True,True
1984,2017,2017-01-15 09:27:00,2017-01-17 01:58:00,40.516666666666666,788.0,1.0,SPP,Severe Weather,Electrical System Separation (Islanding) where part or parts of a power grid remain(s) operational in an otherwise blacked out area or within the partial failure of an integrated electrical system,Oklahoma: Harper County;,2017.0,1.0,True,True
1985,2017,2017-01-18 18:05:00,2017-01-19 00:05:00,6.0,75000.0,,WECC,Severe Weather,"Loss of electric service to more than 50,000 customers for 1 hour or more",California,2017.0,1.0,True,True
1986,2017,2017-01-22 04:15:00,2017-01-24 14:00:00,57.75,64000.0,97.0,WECC,Severe Weather,"Loss of electric service to more than 50,000 customers for 1 hour or more",California,2017.0,1.0,True,True
1987,2017,2017-01-22 06:00:00,,,0.0,0.0,WECC,Fuel Supply Deficiency,Fuel supply emergencies that could impact electric power system adequacy or reliability,California,2017.0,1.0,False,True
1988,2017,2017-01-22 16:00:00,2017-01-23 03:26:00,11.433333333333334,29965.0,100.0,SERC,Severe Weather,"Loss of electric service to more than 50,000 customers for 1 hour or more",Alabama: Georgia: Mississippi: Florida:,2017.0,1.0,True,True
1989,2017,2017-02-02 01:04:00,2017-02-02 05:00:00,3.933333333333333,149223.0,396.0,WECC,Transmission Interruption,Uncontrolled loss of 300 Megawatts or more of firm system loads for more than 15 minutes from a single incident,"New Mexico: Bernalillo County, Santa Fe County;",2017.0,2.0,True,True
1990,2017,2017-02-02 01:11:00,,,,400.0,WECC,Transmission Interruption,Uncontrolled loss of 300 Megawatts or more of firm system loads for more than 15 minutes from a single incident,New Mexico: Bernalillo County;,2017.0,2.0,False,False
1991,2017,2017-02-06 01:00:00,2017-02-06 19:30:00,18.5,103000.0,,WECC,Severe Weather,"Loss of electric service to more than 50,000 customers for 1 hour or more","Washington: Skagit County, King County, Kitsap County;",2017.0,2.0,True,True
1992,2017,2017-02-09 16:05:00,2017-02-10 05:15:00,13.166666666666666,11525.0,,NPCC,Severe Weather,"Loss of electric service to more than 50,000 customers for 1 hour or more",Connecticut: Massachusetts: Rhode Island:,2017.0,2.0,True,True
1993,2017,2017-02-11 15:46:00,2017-02-11 15:50:00,0.06666666666666667,0.0,0.0,WECC,Actual Physical Attack,Physical attack that could potentially impact electric power system adequacy or reliability; or vandalism which targets components of any security systems,Utah,2017.0,2.0,True,True
1994,2017,2017-02-13 13:00:00,2017-02-15 13:35:00,48.583333333333336,0.0,0.0,SERC,Vandalism,Physical attack that could potentially impact electric power system adequacy or reliability; or vandalism which targets components of any security systems,North Carolina: Union County;,2017.0,2.0,True,True
1995,2017,2017-02-17 13:00:00,2017-02-17 13:15:00,0.25,0.0,0.0,WECC,Vandalism,Physical attack that could potentially impact electric power system adequacy or reliability; or vandalism which targets components of any security systems,Nevada: Clark County;,2017.0,2.0,True,True
1996,2017,2017-02-17 15:00:00,2017-02-20 11:00:00,68.0,111591.0,,WECC,Severe Weather,"Loss of electric service to more than 50,000 customers for 1 hour or more",California: Los Angeles County;,2017.0,2.0,True,True
1997,2017,2017-02-17 08:09:00,2017-02-22 19:30:00,131.35,169250.0,254.0,WECC,Severe Weather,"Loss of electric service to more than 50,000 customers for 1 hour or more",California,2017.0,2.0,True,True
1998,2017,2017-02-17 04:32:00,2017-02-17 05:02:00,0.5,0.0,0.0,SPP,System Operations,Cyber event that could potentially impact electric power system adequacy or reliability,Missouri: Arkansas: Oklahoma: Texas:,2017.0,2.0,True,True
1999,2017,2017-03-01 11:49:00,2017-03-02 21:30:00,33.68333333333333,98575.0,,RFC,Severe Weather,"Loss of electric service to more than 50,000 customers for 1 hour or more",Kentucky: West Virginia:,2017.0,3.0,True,True
2000,2017,2017-03-01 08:30:00,2017-03-01 14:00:00,5.5,58000.0,,SERC,Severe Weather,"Loss of electric service to more than 50,000 customers for 1 hour or more",Tennessee: Kentucky:,2017.0,3.0,True,True
2001,2017,2017-03-02 12:20:00,2017-03-02 23:45:00,11.416666666666666,54316.0,,NPCC,Severe Weather,"Loss of electric service to more than 50,000 customers for 1 hour or more",Connecticut: Maine: Massachusetts: New Hampshire: Rhode Island: Vermont:,2017.0,3.0,True,True
2002,2017,2017-03-06 20:00:00,2017-03-07 01:00:00,5.0,97734.0,,SERC,Severe Weather,"Loss of electric service to more than 50,000 customers for 1 hour or more","Missouri: Jackson County, Platte County, Cass County, Lafayette County, Chariton County, Carroll County, Clay County, Johnson County;",2017.0,3.0,True,True
2003,2017,2017-03-08 11:30:00,2017-03-08 19:52:00,8.366666666666667,71012.0,,RFC,Severe Weather,"Loss of electric service to more than 50,000 customers for 1 hour or more",Ohio,2017.0,3.0,True,True
2004,2017,2017-03-08 12:00:00,2017-03-11 11:31:00,71.51666666666667,800000.0,,RFC,Severe Weather,"Loss of electric service to more than 50,000 customers for 1 hour or more",Michigan,2017.0,3.0,True,True
2005,2017,2017-03-08 09:30:00,2017-03-11 05:00:00,67.5,343000.0,,RFC,Severe Weather,"Loss of electric service to more than 50,000 customers for 1 hour or more","Michigan: Jackson County, Calhoun County, Ingham County, Hillsdale County, Washtenaw County, Kent County, Ottawa County, Midland County, Saginaw County;",2017.0,3.0,True,True
2006,2017,2017-03-08 13:30:00,2017-03-08 16:30:00,3.0,106869.0,,NPCC,Severe Weather/Transmission Interruption,"Loss of electric service to more than 50,000 customers for 1 hour or more",New York,2017.0,3.0,True,True
2007,2017,2017-03-08 15:33:00,,,50000.0,,NPCC,Severe Weather,"Loss of electric service to more than 50,000 customers for 1 hour or more",New York,2017.0,3.0,False,True
2008,2017,2017-03-12 09:56:00,2017-03-12 11:20:00,1.4,1.0,0.0,WECC,Vandalism,Physical attack that could potentially impact electric power system adequacy or reliability; or vandalism which targets components of any security systems,California: Imperial County;,2017.0,3.0,True,True
2009,2017,2017-03-14 12:32:00,,,69647.0,,NPCC,Severe Weather,"Loss of electric service to more than 50,000 customers for 1 hour or more",Connecticut: Massachusetts: Rhode Island: New Hampshire: Maine: Vermont:,2017.0,3.0,False,True
2010,2017,2017-03-21 20:00:00,2017-03-22 09:15:00,13.25,257000.0,857.0,SERC,Severe Weather,"Loss of electric service to more than 50,000 customers for 1 hour or more",Georgia,2017.0,3.0,True,True
2011,2017,2017-03-24 06:29:00,2017-03-24 07:13:00,0.7333333333333333,0.0,0.0,WECC,Sabotage,Physical attack that could potentially impact electric power system adequacy or reliability; or vandalism which targets components of any security systems,Oregon: Clatsop County;,2017.0,3.0,True,True
2012,2017,2017-03-28 16:07:00,2017-03-28 16:08:00,0.016666666666666666,0.0,0.0,WECC,Suspicious Activity,Physical attack that could potentially impact electric power system adequacy or reliability; or vandalism which targets components of any security systems,Oregon: Josephine County;,2017.0,3.0,True,True
2013,2017,2017-03-29 03:30:00,2017-03-31 06:00:00,50.5,175000.0,,TRE,Severe Weather,"Loss of electric service to more than 50,000 customers for 1 hour or more",Texas,2017.0,3.0,True,True
2014,2017,2017-03-31 19:15:00,2017-03-31 21:07:00,1.8666666666666667,0.0,0.0,SERC,Vandalism,Physical attack that could potentially impact electric power system adequacy or reliability; or vandalism which targets components of any security systems,Mississippi: DeSoto County;,2017.0,3.0,True,True
2015,2017,2017-04-03 11:00:00,2017-04-03 20:00:00,9.0,86330.0,290.0,SERC,Severe Weather,"Loss of electric service to more than 50,000 customers for 1 hour or more","Alabama, Georgia",2017.0,4.0,True,True
2016,2017,2017-04-06 19:00:00,,,100000.0,,WECC,Severe Weather,"Loss of electric service to more than 50,000 customers for 1 hour or more",California,2017.0,4.0,False,True
2017,2017,2017-04-07 04:16:00,,,0.0,0.0,WECC,Fuel Supply Deficiency,Fuel supply emergencies that could impact electric power system adequacy or reliability,California: Fresno County,2017.0,4.0,False,True
2018,2017,2017-04-07 08:15:00,2017-04-08 00:14:00,15.983333333333333,153867.0,,WECC,Severe Weather,"Loss of electric service to more than 50,000 customers for 1 hour or more","Oregon: Multnomah County, Washington County, Marion County, Clackamas County",2017.0,4.0,True,True
2019,2017,2017-04-07 04:33:00,2017-04-07 08:20:00,3.783333333333333,64852.0,100.0,WECC,Severe Weather,"Loss of electric service to more than 50,000 customers for 1 hour or more",Oregon,2017.0,4.0,True,True
2020,2017,2017-04-13 07:50:00,2017-04-13 08:07:00,0.2833333333333333,10000.0,53.0,WECC,Sabotage,Physical attack that causes major interruptions or impacts to critical infrastructure facilities or to operations,Washington: Pierce County,2017.0,4.0,True,True
2021,2017,2017-04-17 09:25:00,2017-04-17 09:26:00,0.016666666666666666,0.0,0.0,WECC,Sabotage,Physical attack that could potentially impact electric power system adequacy or reliability; or vandalism which targets components of any security systems,Utah: Emery County,2017.0,4.0,True,True
2022,2017,2017-04-20 16:00:00,2017-04-20 18:00:00,2.0,0.0,0.0,WECC,Vandalism,Physical attack that could potentially impact electric power system adequacy or reliability; or vandalism which targets components of any security systems,Wyoming: Converse County,2017.0,4.0,True,True
2023,2017,2017-04-21 10:34:00,2017-04-21 15:55:00,5.35,0.0,0.0,SERC,Vandalism,Physical attack that could potentially impact electric power system adequacy or reliability; or vandalism which targets components of any security systems,Kentucky: Bullitt County,2017.0,4.0,True,True
2024,2017,2017-04-21 09:06:00,2017-04-21 17:45:00,8.65,88000.0,130.0,WECC,System Operations,"Loss of electric service to more than 50,000 customers for 1 hour or more","California: San Francisco, City and County of[10]",2017.0,4.0,True,True
2025,2017,2017-04-23 23:55:00,2017-04-23 23:56:00,0.016666666666666666,0.0,0.0,WECC,Vandalism,Physical attack that could potentially impact electric power system adequacy or reliability; or vandalism which targets components of any security systems,Oregon: Multnomah County,2017.0,4.0,True,True
2026,2017,2017-04-24 05:32:00,2017-04-24 06:33:00,1.0166666666666666,74698.0,240.0,SERC,Severe Weather,"Loss of electric service to more than 50,000 customers for 1 hour or more",North Carolina: Mecklenburg County,2017.0,4.0,True,True
2027,2017,2017-04-30 01:00:00,2017-04-30 17:45:00,16.75,145174.0,,SERC,Severe Weather,"Loss of electric service to more than 50,000 customers for 1 hour or more","Arkansas, Louisiana, Mississippi",2017.0,4.0,True,True
2028,2017,2017-05-01 23:14:00,2017-05-01 23:34:00,0.3333333333333333,92390.0,,RFC,Severe Weather,"Loss of electric service to more than 50,000 customers for 1 hour or more",Ohio,2017.0,5.0,True,True
2029,2017,2017-05-03 19:05:00,2017-05-03 21:00:00,1.9166666666666667,,878.0,WECC,Generation Inadequacy,Load shedding of 100 Megawatts or more implemented under emergency operational policy,California,2017.0,5.0,True,False
2030,2017,2017-05-03 18:58:00,2017-05-03 21:15:00,2.283333333333333,0.0,572.0,WECC,Generation Inadequacy,Load shedding of 100 Megawatts or more implemented under emergency operational policy,California,2017.0,5.0,True,True
2031,2017,2017-05-03 23:00:00,,,0.0,0.0,RFC,Vandalism,Physical attack that could potentially impact electric power system adequacy or reliability; or vandalism which targets components of any security systems,"Pennsylvania: Philadelphia County, Montgomery County",2017.0,5.0,False,True
2032,2017,2017-05-04 05:00:00,2017-05-04 22:00:00,17.0,60377.0,200.0,SERC,Severe Weather,"Loss of electric service to more than 50,000 customers for 1 hour or more",Alabama: Georgia,2017.0,5.0,True,True
2033,2017,2017-05-07 23:30:00,2017-05-08 05:00:00,5.5,0.0,80.0,SERC,Generation Inadequacy,Public appeal to reduce the use of electricity for purposes of maintaining the continuity of the electric power system,Kentucky: Daviess County,2017.0,5.0,True,True
2034,2017,2017-05-07 05:15:00,,,0.0,0.0,WECC,Fuel Supply Deficiency,Fuel supply emergencies that could impact electric power system adequacy or reliability,California: Fresno County,2017.0,5.0,False,True
2035,2017,2017-05-11 11:05:00,2017-05-11 13:05:00,2.0,0.0,0.0,WECC,Vandalism,Physical attack that could potentially impact electric power system adequacy or reliability; or vandalism which targets components of any security systems,Washington: Yakima County,2017.0,5.0,True,True
2036,2017,2017-05-19 05:30:00,,,70696.0,,SERC,Severe Weather,"Loss of electric service to more than 50,000 customers for 1 hour or more",Missouri: St. Louis County,2017.0,5.0,False,True
2037,2017,2017-05-21 16:44:00,2017-05-21 17:43:00,0.9833333333333333,9598.0,21.0,WECC,Vandalism,Physical attack that could potentially impact electric power system adequacy or reliability; or vandalism which targets components of any security systems,"Idaho: Lincoln County, Jerome County",2017.0,5.0,True,True
2038,2017,2017-05-23 05:02:00,2017-05-23 08:40:00,3.6333333333333333,4700.0,10.0,SERC,Vandalism,Physical attack that could potentially impact electric power system adequacy or reliability; or vandalism which targets components of any security systems,Tennessee: Davidson County,2017.0,5.0,True,True
2039,2017,2017-05-27 23:00:00,,,116000.0,,SERC,Severe Weather,"Loss of electric service to more than 50,000 customers for 1 hour or more","Tennessee: Shelby County, Putnam County, Knox County, Davidson County, Hamilton County; Alabama: Madison County",2017.0,5.0,False,True
2040,2017,2017-05-27 23:10:00,,,188000.0,391.0,SERC,Severe Weather,"Loss of electric service to more than 50,000 customers for 1 hour or more",Tennessee: Shelby County,2017.0,5.0,False,True
2041,2017,2017-05-28 19:30:00,2017-05-29 22:00:00,26.5,103000.0,,SERC,Severe Weather,"Loss of electric service to more than 50,000 customers for 1 hour or more",Louisiana: Texas,2017.0,5.0,True,True
2042,2017,2017-05-28 16:27:00,2017-05-28 16:28:00,0.016666666666666666,0.0,0.0,WECC,Vandalism,Physical attack that could potentially impact electric power system adequacy or reliability; or vandalism which targets components of any security systems,Nevada: Clark County,2017.0,5.0,True,True
2043,2017,2017-05-28 19:30:00,2017-05-29 22:00:00,26.5,103000.0,,TRE,Severe Weather,"Loss of electric service to more than 50,000 customers for 1 hour or more",Texas: Louisiana,2017.0,5.0,True,True
2044,2017,2017-06-07 13:12:00,2017-06-07 13:13:00,0.016666666666666666,0.0,0.0,WECC,Vandalism,Physical attack that could potentially impact electric power system adequacy or reliability; or vandalism which targets components of any security systems,Washington: Yakima County,2017.0,6.0,True,True
2045,2017,2017-06-11 13:25:00,2017-06-11 19:15:00,5.833333333333333,53610.0,,MRO,Severe Weather,"Loss of electric service to more than 50,000 customers for 1 hour or more",Wisconsin,2017.0,6.0,True,True
2046,2017,2017-06-11 14:39:00,2017-06-11 17:55:00,3.2666666666666666,,63.0,RFC,Transmission Interruption,Electrical System Separation (Islanding) where part or parts of a power grid remain(s) operational in an otherwise blacked out area or within the partial failure of an integrated electrical system,Michigan,2017.0,6.0,True,False
2047,2017,2017-06-11 07:00:00,2017-06-11 11:22:00,4.366666666666666,70000.0,,MRO,Severe Weather,"Loss of electric service to more than 50,000 customers for 1 hour or more",Minnesota,2017.0,6.0,True,True
2048,2017,2017-06-15 17:00:00,2017-06-15 22:00:00,5.0,82713.0,275.0,SERC,Severe Weather,"Loss of electric service to more than 50,000 customers for 1 hour or more","Alabama, Georgia",2017.0,6.0,True,True
2049,2017,2017-06-16 20:00:00,2017-06-17 06:00:00,10.0,76000.0,,SERC,Severe Weather,"Loss of electric service to more than 50,000 customers for 1 hour or more",Arkansas,2017.0,6.0,True,True
2050,2017,2017-06-16 20:00:00,,,76000.0,,MRO,Severe Weather,"Loss of electric service to more than 50,000 customers for 1 hour or more","Nebraska: Cass County, Douglas County, Sarpy County",2017.0,6.0,False,True
2051,2017,2017-06-17 21:00:00,2017-06-18 07:00:00,10.0,84737.0,,MRO,Severe Weather,"Loss of electric service to more than 50,000 customers for 1 hour or more","Kansas, Missouri: Jackson County, Platte County, Clay County, Cass County",2017.0,6.0,True,True
2052,2017,2017-06-21 00:00:00,2017-06-21 01:00:00,1.0,0.0,0.0,WECC,Physical Attack,Physical attack that could potentially impact electric power system adequacy or reliability; or vandalism which targets components of any security systems,Oregon: Baker County,2017.0,6.0,True,True
2053,2017,2017-06-22 18:00:00,2017-06-25 12:45:00,66.75,118631.0,,RFC,Severe Weather,"Loss of electric service to more than 50,000 customers for 1 hour or more","Michigan: Wayne County, Monroe County",2017.0,6.0,True,True
2054,2017,2017-06-29 04:00:00,,,6467.0,130.0,SERC,Vandalism,Physical attack that could potentially impact electric power system adequacy or reliability; or vandalism which targets components of any security systems,Louisiana: Orleans Parish,2017.0,6.0,False,True
2055,2017,2017-06-30 07:45:00,2017-06-30 07:46:00,0.016666666666666666,0.0,0.0,WECC,Vandalism,Physical attack that could potentially impact electric power system adequacy or reliability; or vandalism which targets components of any security systems,Idaho: Ada County,2017.0,6.0,True,True
2056,2017,2017-07-06 00:00:00,,,0.0,0.0,WECC,Vandalism,Physical attack that could potentially impact electric power system adequacy or reliability; or vandalism which targets components of any security systems,Idaho: Jerome County,2017.0,7.0,False,True
2057,2017,2017-07-07 03:30:00,2017-07-08 19:30:00,40.0,160000.0,,RFC,Severe Weather,"Loss of electric service to more than 50,000 customers for 1 hour or more","Michigan: Kent County, Ottawa County, Muskegon County, Barry County, Oceana County, Eaton County",2017.0,7.0,True,True
2058,2017,2017-07-08 18:52:00,2017-07-09 08:00:00,13.133333333333333,176867.0,645.0,WECC,Transmission Interruption,Uncontrolled loss of 300 Megawatts or more of firm system loads for more than 15 minutes from a single incident,California: Los Angeles County,2017.0,7.0,True,True
2059,2017,2017-07-11 10:00:00,2017-07-11 12:00:00,2.0,0.0,0.0,MRO,Vandalism,Physical attack that could potentially impact electric power system adequacy or reliability; or vandalism which targets components of any security systems,Minnesota,2017.0,7.0,True,True
2060,2017,2017-07-12 12:25:00,2017-07-15 09:00:00,68.58333333333333,0.0,0.0,SERC,Vandalism,Physical attack that could potentially impact electric power system adequacy or reliability; or vandalism which targets components of any security systems,Tennessee,2017.0,7.0,True,True
2061,2017,2017-07-12 12:25:00,,,,,SERC,Vandalism,Physical attack that could potentially impact electric power system adequacy or reliability; or vandalism which targets components of any security systems,Tennessee: Shelby County,2017.0,7.0,False,False
2062,2017,2017-07-18 04:03:00,,,700.0,,SERC,Actual Physical Attack,Physical attack that could potentially impact electric power system adequacy or reliability; or vandalism which targets components of any security systems,Missouri,2017.0,7.0,False,True
2063,2017,2017-07-18 16:23:00,2017-07-18 18:39:00,2.2666666666666666,0.0,0.0,WECC,Severe Weather,Uncontrolled loss of 300 Megawatts or more of firm system loads for more than 15 minutes from a single incident,Nevada,2017.0,7.0,True,True
2064,2017,2017-07-20 01:00:00,2017-07-20 09:46:00,8.766666666666667,0.0,0.0,WECC,Vandalism,Physical attack that could potentially impact electric power system adequacy or reliability; or vandalism which targets components of any security systems,Utah: Beaver County,2017.0,7.0,True,True
2065,2017,2017-07-22 22:00:00,2017-07-23 12:00:00,14.0,112540.0,,SERC,Severe Weather,"Loss of electric service to more than 50,000 customers for 1 hour or more","Missouri: Clay County, Jackson County, Lafayette County, Platte County; Kansas: Johnson County, Miami County, Wyandotte County",2017.0,7.0,True,True
2066,2017,2017-07-22 22:00:00,,,131000.0,,SERC,Severe Weather,"Loss of electric service to more than 50,000 customers for 1 hour or more",Missouri,2017.0,7.0,False,True
2067,2017,2017-07-22 22:00:00,,,115000.0,,SERC,Severe Weather,"Loss of electric service to more than 50,000 customers for 1 hour or more",Missouri,2017.0,7.0,False,True
2068,2017,2017-07-23 04:00:00,,,82000.0,,SERC,Severe Weather,"Loss of electric service to more than 50,000 customers for 1 hour or more",Missouri: Illinois,2017.0,7.0,False,True
2069,2017,2017-07-27 06:00:00,2017-07-27 11:29:00,5.483333333333333,0.0,0.0,WECC,Fuel Supply Deficiency,Fuel supply emergencies that could impact electric power system adequacy or reliability,California: Butte County,2017.0,7.0,True,True
2070,2017,2017-08-05 13:20:00,2017-08-05 14:20:00,1.0,0.0,0.0,WECC,Vandalism,Physical attack that could potentially impact electric power system adequacy or reliability; or vandalism which targets components of any security systems,California: Humboldt County;,2017.0,8.0,True,True
2071,2017,2017-08-21 23:41:00,2017-08-22 00:21:00,0.6666666666666666,2.0,1.0,WECC,System Operations,Electrical System Separation (Islanding) where part or parts of a power grid remain(s) operational in an otherwise blacked out area or within the partial failure of an integrated electrical system,California: Plumas County;,2017.0,8.0,True,True
2072,2017,2017-08-25 18:30:00,2017-09-05 17:00:00,262.5,330000.0,,TRE,Severe Weather,"Loss of electric service to more than 50,000 customers for 1 hour or more",Texas:,2017.0,8.0,True,True
2073,2017,2017-08-25 18:17:00,2017-09-02 17:00:00,190.71666666666667,220400.0,,TRE,Severe Weather,"Loss of electric service to more than 50,000 customers for 1 hour or more","Texas: Matagorda County, Nueces County, Aransas County, Refugio County, San Patricio County, Calhoun County, Victoria County, Jackson County, Live Oak County, Jim Wells County, Bee County, Lavaca County;",2017.0,8.0,True,True
2074,2017,2017-08-26 06:26:00,2017-09-08 00:00:00,305.56666666666666,1076868.0,,TRE,Severe Weather,"Loss of electric service to more than 50,000 customers for 1 hour or more",Texas:,2017.0,8.0,True,True
2075,2017,2017-08-26 00:39:00,2017-08-26 00:52:00,0.21666666666666667,,,TRE,Severe Weather,Electrical System Separation (Islanding) where part or parts of a power grid remain(s) operational in an otherwise blacked out area or within the partial failure of an integrated electrical system,Texas:,2017.0,8.0,True,False
2076,2017,2017-08-27 05:10:00,2017-09-08 00:00:00,282.8333333333333,1076868.0,,TRE,Severe Weather,"Loss of electric service to more than 50,000 customers for 1 hour or more",Texas: Harris County;,2017.0,8.0,True,True
2077,2017,2017-08-30 02:15:00,,,78500.0,,TRE,Severe Weather,"Loss of electric service to more than 50,000 customers for 1 hour or more",Texas:,2017.0,8.0,False,True
2078,2017,2017-08-31 14:49:00,2017-08-31 17:14:00,2.4166666666666665,0.0,100.0,WECC,Severe Weather,Load shedding of 100 Megawatts or more implemented under emergency operational policy,California: Los Angeles County;,2017.0,8.0,True,True
2079,2017,2017-09-01 15:41:00,2017-09-01 20:30:00,4.816666666666666,0.0,337.0,WECC,Severe Weather,Load shedding of 100 Megawatts or more implemented under emergency operational policy,California:,2017.0,9.0,True,True
2080,2017,2017-09-09 00:00:00,,,425000.0,1275.0,FRCC,Severe Weather,"Loss of electric service to more than 50,000 customers for 1 hour or more","Florida: Hillsborough County, Pasco County, Polk County;",2017.0,9.0,False,True
2081,2017,2017-09-09 12:30:00,,,3500000.0,,FRCC,Severe Weather,"Loss of electric service to more than 50,000 customers for 1 hour or more",Florida:,2017.0,9.0,False,True
2082,2017,2017-09-10 20:37:00,,,452555.0,,FRCC,Severe Weather,"Loss of electric service to more than 50,000 customers for 1 hour or more",Florida:,2017.0,9.0,False,True
2083,2017,2017-09-10 18:35:00,2017-09-13 17:00:00,70.41666666666667,1000000.0,4500.0,FRCC,Severe Weather,"Loss of electric service to more than 50,000 customers for 1 hour or more","Florida: Alachua County, Bay County, Brevard County, Citrus County, Columbia County, Dixie County, Flagler County, Franklin County, Gilchrist County, Gulf County, Hamilton County, Hardee County, Hernando County, Highlands County, Jefferson County, Lafayette County, Lake County, Leon County, Levy County, Madison County, Marion County, Orange County, Osceola County, Pasco County, Pinellas County, Polk County, Seminole County, Sumter County, Suwannee County, Taylor County, Volusia County, Wakulla County;",2017.0,9.0,True,True
2084,2017,2017-09-11 02:27:00,2017-09-15 20:44:00,114.28333333333333,39659.0,132.0,SERC,Severe Weather,"Loss of electric service to more than 50,000 customers for 1 hour or more",Georgia:,2017.0,9.0,True,True
2085,2017,2017-09-11 17:30:00,2017-09-13 09:30:00,40.0,265729.0,365.0,SERC,Severe Weather,"Loss of electric service to more than 50,000 customers for 1 hour or more",North Carolina: South Carolina:,2017.0,9.0,True,True
2086,2017,2017-09-11 00:30:00,,,20000.0,200.0,FRCC,Severe Weather,"Loss of electric service to more than 50,000 customers for 1 hour or more",Florida:,2017.0,9.0,False,True
2087,2017,2017-09-11 12:55:00,2017-09-12 08:00:00,19.083333333333332,154832.0,687.0,SERC,Severe Weather,"Loss of electric service to more than 50,000 customers for 1 hour or more",South Carolina:,2017.0,9.0,True,True
2088,2017,2017-10-04 02:30:00,,,0.0,0.0,SERC,Vandalism,Physical attack that could potentially impact electric power system adequacy or reliability; or vandalism which targets components of any security systems,Tennessee: Shelby County;,2017.0,10.0,False,True
2089,2017,2017-10-04 01:20:00,2017-10-04 03:00:00,1.6666666666666667,,,SERC,Actual Physical Attack,Physical attack that could potentially impact electric power system adequacy or reliability; or vandalism which targets components of any security systems,Mississippi:,2017.0,10.0,True,False
2090,2017,2017-10-08 03:00:00,,,91945.0,306.0,SERC,Severe Weather,"Loss of electric service to more than 50,000 customers for 1 hour or more",Alabama: Florida: Mississippi:,2017.0,10.0,False,True
2091,2017,2017-10-09 02:03:00,2017-10-17 13:30:00,203.45,117900.0,177.0,WECC,Severe Weather/Transmission Interruption,"Loss of electric service to more than 50,000 customers for 1 hour or more",California:,2017.0,10.0,True,True
2092,2017,2017-10-09 06:44:00,,,,100.0,WECC,Severe Weather,Electrical System Separation (Islanding) where part or parts of a power grid remain(s) operational in an otherwise blacked out area or within the partial failure of an integrated electrical system,California:,2017.0,10.0,False,False
2093,2017,2017-10-12 09:09:00,,,,,SERC,System Operations,Public appeal to reduce the use of electricity for purposes of maintaining the continuity of the electric power system,Mississippi: Coahoma County;,2017.0,10.0,False,False
2094,2017,2017-10-16 15:55:00,2017-10-16 16:10:00,0.25,0.0,0.0,WECC,Transmission Interruption,Electrical System Separation (Islanding) where part or parts of a power grid remain(s) operational in an otherwise blacked out area or within the partial failure of an integrated electrical system,Washington:,2017.0,10.0,True,True
2095,2017,2017-10-16 15:45:00,2017-10-16 16:09:00,0.4,0.0,0.0,WECC,Transmission Interruption,Electrical System Separation (Islanding) where part or parts of a power grid remain(s) operational in an otherwise blacked out area or within the partial failure of an integrated electrical system,Washington: Montana:,2017.0,10.0,True,True
2096,2017,2017-10-19 16:01:00,2017-10-19 16:02:00,0.016666666666666666,0.0,0.0,WECC,Suspected Physical Attack,Physical attack that could potentially impact electric power system adequacy or reliability; or vandalism which targets components of any security systems,Utah: Salt Lake County;,2017.0,10.0,True,True
2097,2017,2017-10-20 03:44:00,2017-10-20 03:45:00,0.016666666666666666,,900.0,WECC,Severe Weather,Uncontrolled loss of 300 Megawatts or more of firm system loads for more than 15 minutes from a single incident,Washington:,2017.0,10.0,True,False
2098,2017,2017-10-20 18:30:00,2017-10-20 22:22:00,3.8666666666666667,0.0,0.0,TRE,Vandalism,Physical attack that could potentially impact electric power system adequacy or reliability; or vandalism which targets components of any security systems,Texas:,2017.0,10.0,True,True
2099,2017,2017-10-22 08:45:00,2017-10-22 14:00:00,5.25,,,SERC,Severe Weather,"Loss of electric service to more than 50,000 customers for 1 hour or more",Louisiana: Mississippi: Arkansas: Texas:,2017.0,10.0,True,False
2100,2017,2017-10-23 17:50:00,2017-10-24 18:17:00,24.45,115144.0,440.0,SERC,Severe Weather,"Loss of electric service to more than 50,000 customers for 1 hour or more",North Carolina: South Carolina:,2017.0,10.0,True,True
2101,2017,2017-10-25 12:00:00,2017-10-25 16:00:00,4.0,,,WECC,Suspicious Activity,Cyber event that could potentially impact electric power system adequacy or reliability,California:,2017.0,10.0,True,False
2102,2017,2017-10-26 17:50:00,,,0.0,0.0,WECC,Actual Physical Attack,Physical attack that could potentially impact electric power system adequacy or reliability; or vandalism which targets components of any security systems,Montana: Big Horn County;,2017.0,10.0,False,True
2103,2017,2017-10-26 08:17:00,2017-10-26 08:41:00,0.4,0.0,0.0,WECC,Transmission Interruption,Electrical System Separation (Islanding) where part or parts of a power grid remain(s) operational in an otherwise blacked out area or within the partial failure of an integrated electrical system,Washington: Whatcom County; Montana:,2017.0,10.0,True,True
2104,2017,2017-10-26 08:17:00,2017-10-26 08:41:00,0.4,0.0,0.0,WECC,Transmission Interruption,Electrical System Separation (Islanding) where part or parts of a power grid remain(s) operational in an otherwise blacked out area or within the partial failure of an integrated electrical system,Washington: Clark County;,2017.0,10.0,True,True
2105,2017,2017-10-29 23:40:00,2017-11-01 18:08:00,66.46666666666667,310453.0,,NPCC,Severe Weather,"Loss of electric service to more than 50,000 customers for 1 hour or more",Connecticut: Massachusetts: New Hampshire: Maine: Rhode Island: Vermont:,2017.0,10.0,True,True
2106,2017,2017-11-01 15:40:00,2017-11-01 22:00:00,6.333333333333333,0.0,0.0,SERC,Generation Inadequacy,Public appeal to reduce the use of electricity for purposes of maintaining the continuity of the electric power system,Kentucky: Daviess County;,2017.0,11.0,True,True
2107,2017,2017-11-05 19:35:00,2017-11-05 23:09:00,3.566666666666667,89216.0,,RF,Severe Weather,"Loss of electric service to more than 50,000 customers for 1 hour or more",Ohio:,2017.0,11.0,True,True
2108,2017,2017-11-07 12:29:00,,,0.0,0.0,SERC,Suspicious Activity,Physical attack that could potentially impact electric power system adequacy or reliability; or vandalism which targets components of any security systems,Louisiana:,2017.0,11.0,False,True
2109,2017,2017-11-09 08:45:00,2017-11-09 14:00:00,5.25,0.0,0.0,WECC,System Operations,Cyber event that could potentially impact electric power system adequacy or reliability,Colorado: Weld County;,2017.0,11.0,True,True
2110,2017,2017-11-13 16:33:00,2017-11-16 06:00:00,61.45,68430.0,85.0,WECC,Severe Weather,"Loss of electric service to more than 50,000 customers for 1 hour or more",Washington: King County;,2017.0,11.0,True,True
2111,2017,2017-11-13 02:00:00,2017-11-15 08:17:00,54.28333333333333,236100.0,,WECC,Severe Weather,"Loss of electric service to more than 50,000 customers for 1 hour or more","Washington: Island County, King County, Kitsap County, Thurston County, Skagit County, Whatcom County;",2017.0,11.0,True,True
2112,2017,2017-11-16 15:05:00,2017-11-16 15:06:00,0.016666666666666666,0.0,0.0,WECC,Vandalism,Physical attack that could potentially impact electric power system adequacy or reliability; or vandalism which targets components of any security systems,Oregon: Tillamook County;,2017.0,11.0,True,True
2113,2017,2017-11-24 17:06:00,2017-11-26 17:22:00,48.266666666666666,0.0,0.0,WECC,Vandalism,Physical attack that could potentially impact electric power system adequacy or reliability; or vandalism which targets components of any security systems,Nevada: Clark County;,2017.0,11.0,True,True
2114,2017,2017-12-04 21:53:00,,,263000.0,540.0,WECC,Severe Weather/Transmission Interruption,Uncontrolled loss of 300 Megawatts or more of firm system loads for more than 15 minutes from a single incident,California:,2017.0,12.0,False,True
2115,2017,2017-12-05 06:30:00,2017-12-06 10:00:00,27.5,117500.0,,RF,Severe Weather,"Loss of electric service to more than 50,000 customers for 1 hour or more","Michigan: Oscoda County, Isabella County, Roscommon County, Ogemaw County;",2017.0,12.0,True,True
2116,2017,2017-12-05 06:50:00,2017-12-05 09:00:00,2.1666666666666665,0.0,0.0,SERC,Vandalism,Physical attack that could potentially impact electric power system adequacy or reliability; or vandalism which targets components of any security systems,Louisiana:,2017.0,12.0,True,True
2117,2017,2017-12-07 20:00:00,2017-12-08 17:00:00,21.0,88000.0,,TRE,Severe Weather,"Loss of electric service to more than 50,000 customers for 1 hour or more",Texas: Bexar County;,2017.0,12.0,True,True
2118,2017,2017-12-08 09:30:00,2017-12-08 22:30:00,13.0,79000.0,,SERC,Severe Weather,"Loss of electric service to more than 50,000 customers for 1 hour or more",Louisiana: Mississippi:,2017.0,12.0,True,True
2119,2017,2017-12-08 10:00:00,2017-12-10 20:50:00,58.833333333333336,301872.0,865.0,SERC,Severe Weather,"Loss of electric service to more than 50,000 customers for 1 hour or more",Alabama: Georgia: Mississippi:,2017.0,12.0,True,True
2120,2017,2017-12-10 01:25:00,2017-12-10 02:30:00,1.0833333333333333,51323.0,110.0,WECC,Severe Weather/Transmission Interruption,"Loss of electric service to more than 50,000 customers for 1 hour or more","California: Ventura County, Santa Barbara County;",2017.0,12.0,True,True
2121,2017,2017-12-12 02:22:00,2017-12-12 02:25:00,0.05,1208.0,3.0,NPCC,Actual Physical Attack,Physical attack that could potentially impact electric power system adequacy or reliability; or vandalism which targets components of any security systems,New York: Saratoga County;,2017.0,12.0,True,True
2122,2017,2017-12-13 09:55:00,2017-12-13 14:45:00,4.833333333333333,0.0,0.0,NPCC,Fuel Supply Deficiency,Fuel supply emergencies that could impact electric power system adequacy or reliability,New York: Suffolk County;,2017.0,12.0,True,True
2123,2017,2017-12-13 08:50:00,,,0.0,0.0,NPCC,Suspicious Activity,Physical attack that could potentially impact electric power system adequacy or reliability; or vandalism which targets components of any security systems,Connecticut: New Haven County[13];,2017.0,12.0,False,True
2124,2017,2017-12-18 13:00:00,2017-12-18 17:00:00,4.0,0.0,0.0,SERC,Vandalism,Physical attack that could potentially impact electric power system adequacy or reliability; or vandalism which targets components of any security systems,Mississippi:,2017.0,12.0,True,True
2125,2017,2017-12-19 08:40:00,2017-12-19 10:36:00,1.9333333333333333,0.0,0.0,FRCC,Vandalism,Physical attack that could potentially impact electric power system adequacy or reliability; or vandalism which targets components of any security systems,Florida: Alachua County;,2017.0,12.0,True,True
2126,2017,2017-12-29 06:15:00,2017-12-29 11:44:00,5.483333333333333,,,TRE,Suspicious Activity,Physical attack that could potentially impact electric power system adequacy or reliability; or vandalism which targets components of any security systems,Texas: Calhoun County;,2017.0,12.0,True,False
2127,2017,2017-12-29 07:00:00,,,,210.0,NPCC,Fuel Supply Deficiency,Fuel supply emergencies that could impact electric power system adequacy or reliability,New York: Tompkins County;,2017.0,12.0,False,False
2128,2017,2017-12-31 23:54:00,2018-01-01 14:14:00,14.333333333333334,0.0,0.0,WECC,Vandalism,Physical attack that could potentially impact electric power system adequacy or reliability; or vandalism which targets components of any security systems,Colorado:,2017.0,12.0,True,True
2129,2018,2018-01-01 18:21:00,2018-01-02 18:11:00,23.833333333333332,,,SERC,Severe Weather,Public appeal to reduce the use of electricity for purposes of maintaining the continuity of the electric power system,Tennessee:,2018.0,1.0,True,False
2130,2018,2018-01-01 17:43:00,,,,,TRE,Severe Weather,Public appeal to reduce the use of electricity for purposes of maintaining the continuity of the electric power system,Texas:,2018.0,1.0,False,False
2131,2018,2018-01-01 21:37:00,2018-01-02 10:30:00,12.883333333333333,,,SERC,System Operations,Public appeal to reduce the use of electricity for purposes of maintaining the continuity of the electric power system,Tennessee:,2018.0,1.0,True,False
2132,2018,2018-01-02 10:00:00,2018-02-12 08:00:00,982.0,,675.0,NPCC,Fuel Supply Deficiency,Fuel supply emergencies that could impact electric power system adequacy or reliability,New York: Niagara County;,2018.0,1.0,True,False
2133,2018,2018-01-02 07:30:00,,,717000.0,0.0,SERC,Severe Weather,Public appeal to reduce the use of electricity for purposes of maintaining the continuity of the electric power system,South Carolina:,2018.0,1.0,False,True
2134,2018,2018-01-02 06:45:00,2018-01-02 09:00:00,2.25,,14998.0,SERC,Severe Weather,System-wide voltage reductions of 3 percent or more,North Carolina: South Carolina:,2018.0,1.0,True,False
2135,2018,2018-01-04 01:49:00,2018-01-04 02:09:00,0.3333333333333333,500.0,,TRE,Actual Physical Attack,Physical attack that could potentially impact electric power system adequacy or reliability; or vandalism which targets components of any security systems,Texas: Midland County;,2018.0,1.0,True,True
2136,2018,2018-01-12 13:08:00,2018-01-12 14:53:00,1.75,23007.0,41.0,RF,System Operations,Cyber event that causes interruptions of electrical system operations,"Michigan: Midland County, Genesee County;",2018.0,1.0,True,True
2137,2018,2018-01-15 04:20:00,2018-01-18 05:48:00,73.46666666666667,,,TRE,Severe Weather,Public appeal to reduce the use of electricity for purposes of maintaining the continuity of the electric power system,Texas:,2018.0,1.0,True,False
2138,2018,2018-01-16 15:00:00,2018-01-18 13:00:00,46.0,,,SERC,Severe Weather,Public appeal to reduce the use of electricity for purposes of maintaining the continuity of the electric power system,Tennessee:,2018.0,1.0,True,False
2139,2018,2018-01-16 15:00:00,2018-01-18 13:00:00,46.0,,,SERC,System Operations,Public appeal to reduce the use of electricity for purposes of maintaining the continuity of the electric power system,Tennessee: Shelby County;,2018.0,1.0,True,False
2140,2018,2018-01-16 13:57:00,2018-01-16 14:32:00,0.5833333333333334,,,TRE,Severe Weather,Electrical System Separation (Islanding) where part or parts of a power grid remain(s) operational in an otherwise blacked out area or within the partial failure of an integrated electrical system,Texas:,2018.0,1.0,True,False
2141,2018,2018-01-17 05:10:00,2018-01-17 13:00:00,7.833333333333333,420000.0,1788.0,SERC,System Operations,Public appeal to reduce the use of electricity for purposes of maintaining the continuity of the electric power system,Mississippi:,2018.0,1.0,True,True
2142,2018,2018-01-17 06:10:00,2018-01-17 14:00:00,7.833333333333333,,,SERC,System Operations,Public appeal to reduce the use of electricity for purposes of maintaining the continuity of the electric power system,Louisiana:,2018.0,1.0,True,False
2143,2018,2018-01-18 05:00:00,2018-01-18 11:00:00,6.0,,31500.0,SERC,Severe Weather,Public appeal to reduce the use of electricity for purposes of maintaining the continuity of the electric power system,Arkansas: Mississippi: Louisiana: Texas:,2018.0,1.0,True,False
2144,2018,2018-01-18 05:00:00,2018-01-18 09:45:00,4.75,420000.0,1760.0,SERC,System Operations,Public appeal to reduce the use of electricity for purposes of maintaining the continuity of the electric power system,Mississippi:,2018.0,1.0,True,True
2145,2018,2018-01-18 06:00:00,,,,,SERC,System Operations,Public appeal to reduce the use of electricity for purposes of maintaining the continuity of the electric power system,Louisiana:,2018.0,1.0,False,False
2146,2018,2018-01-25 20:19:00,2018-01-26 02:00:00,5.683333333333334,,,RF,Suspicious Activity,Cyber event that could potentially impact electric power system adequacy or reliability,Pennsylvania: Montgomery County;,2018.0,1.0,True,False
2147,2018,2018-02-04 13:42:00,2018-02-04 15:25:00,1.7166666666666666,0.0,9760.0,WECC,Vandalism,Physical attack that could potentially impact electric power system adequacy or reliability; or vandalism which targets components of any security systems,California:,2018.0,2.0,True,True
2148,2018,2018-02-08 13:25:00,2018-02-08 13:31:00,0.1,10900.0,30.0,WECC,System Operations,Electrical System Separation (Islanding) where part or parts of a power grid remain(s) operational in an otherwise blacked out area or within the partial failure of an integrated electrical system,California:,2018.0,2.0,True,True
2149,2018,2018-02-17 16:33:00,2018-02-18 00:00:00,7.45,0.0,2330.0,WECC,Vandalism,Physical attack that causes major interruptions or impacts to critical infrastructure facilities or to operations,Oregon: Washington: California:,2018.0,2.0,True,True
2150,2018,2018-02-17 17:56:00,2018-02-18 04:11:00,10.25,0.0,2327.0,WECC,Vandalism,Physical attack that causes major interruptions or impacts to critical infrastructure facilities or to operations,Oregon: Washington: California:,2018.0,2.0,True,True
2151,2018,2018-02-28 12:08:00,2018-03-01 15:45:00,27.616666666666667,0.0,0.0,FRCC,System Operations,Cyber event that could potentially impact electric power system adequacy or reliability,Florida:,2018.0,2.0,True,True
2152,2018,2018-02-28 12:08:00,2018-03-01 15:45:00,27.616666666666667,0.0,0.0,FRCC,System Operations,Cyber event that could potentially impact electric power system adequacy or reliability,Florida:,2018.0,2.0,True,True
2153,2018,2018-03-01 11:43:00,2018-03-01 11:56:00,0.21666666666666667,10898.0,38.0,WECC,Severe Weather,Electrical System Separation (Islanding) where part or parts of a power grid remain(s) operational in an otherwise blacked out area or within the partial failure of an integrated electrical system,California:,2018.0,3.0,True,True
2154,2018,2018-03-01 21:57:00,2018-03-02 10:14:00,12.283333333333333,86501.0,,RF,Severe Weather,"Loss of electric service to more than 50,000 customers for 1 hour or more",Ohio:,2018.0,3.0,True,True
2155,2018,2018-03-01 22:20:00,2018-03-04 20:00:00,69.66666666666667,95000.0,,RF,Severe Weather,"Loss of electric service to more than 50,000 customers for 1 hour or more","Michigan: Wayne County, Washtenaw County, Oakland County, Macomb County, Monroe County;",2018.0,3.0,True,True
2156,2018,2018-03-02 17:00:00,2018-03-06 11:00:00,90.0,60000.0,,RF,Severe Weather,"Loss of electric service to more than 50,000 customers for 1 hour or more",Delaware: Maryland:,2018.0,3.0,True,True
2157,2018,2018-03-02 23:17:00,2018-03-03 00:51:00,1.5666666666666667,0.0,0.0,WECC,Vandalism,Physical attack that could potentially impact electric power system adequacy or reliability; or vandalism which targets components of any security systems,Washington: Clark County;,2018.0,3.0,True,True
2158,2018,2018-03-02 15:10:00,2018-03-06 04:57:00,85.78333333333333,249322.0,,RF,Severe Weather,"Loss of electric service to more than 50,000 customers for 1 hour or more",Ohio:,2018.0,3.0,True,True
2159,2018,2018-03-02 11:34:00,,,50000.0,,NPCC,Severe Weather,"Loss of electric service to more than 50,000 customers for 1 hour or more",New York:,2018.0,3.0,False,True
2160,2018,2018-03-02 15:46:00,2018-03-04 19:46:00,52.0,72353.0,,NPCC,Severe Weather,"Loss of electric service to more than 50,000 customers for 1 hour or more","New York: New York County, Westchester County;",2018.0,3.0,True,True
2161,2018,2018-03-02 13:51:00,2018-03-05 13:18:00,71.45,325000.0,,NPCC,Severe Weather,"Loss of electric service to more than 50,000 customers for 1 hour or more",Connecticut: Massachusetts: Rhode Island:,2018.0,3.0,True,True
2162,2018,2018-03-02 13:51:00,2018-03-04 12:11:00,46.333333333333336,233136.0,,RF,Severe Weather,"Loss of electric service to more than 50,000 customers for 1 hour or more",Pennsylvania:,2018.0,3.0,True,True
2163,2018,2018-03-02 11:58:00,,,126000.0,,RF,Severe Weather,Electrical System Separation (Islanding) where part or parts of a power grid remain(s) operational in an otherwise blacked out area or within the partial failure of an integrated electrical system,"Pennsylvania: Berks County, Bucks County, Carbon County, Chester County, Clinton County, Columbia County, Cumberland County, Dauphin County, Juniata County, Lackawanna County, Lancaster County, Lebanon County, Lehigh County, Luzerne County, Lycoming County, Monroe County, Montgomery County, Montour County, Northampton County, Northumberland County, Pike County, Schuylkill County, Snyder County;",2018.0,3.0,False,True
2164,2018,2018-03-02 12:00:00,2018-03-05 00:00:00,60.0,630000.0,,RF,Severe Weather,"Loss of electric service to more than 50,000 customers for 1 hour or more",Pennsylvania:,2018.0,3.0,True,True
2165,2018,2018-03-02 07:00:00,,,90000.0,,NPCC,Severe Weather,"Loss of electric service to more than 50,000 customers for 1 hour or more","New York: Dutchess County, Orange County, Greene County, Ulster County, Putnam County, Sullivan County, Albany County, Columbia County;",2018.0,3.0,False,True
2166,2018,2018-03-02 12:00:00,,,474019.0,670.0,RF,Severe Weather,Public appeal to reduce the use of electricity for purposes of maintaining the continuity of the electric power system,Maryland:,2018.0,3.0,False,True
2167,2018,2018-03-02 08:42:00,,,63331.0,,NPCC,Severe Weather,"Loss of electric service to more than 50,000 customers for 1 hour or more",New York:,2018.0,3.0,False,True
2168,2018,2018-03-02 08:00:00,2018-03-03 23:00:00,39.0,65198.0,,RF,Severe Weather,"Loss of electric service to more than 50,000 customers for 1 hour or more",Virginia: West Virginia:,2018.0,3.0,True,True
2169,2018,2018-03-07 16:10:00,2018-03-10 11:32:00,67.36666666666666,216800.0,,RF,Severe Weather,"Loss of electric service to more than 50,000 customers for 1 hour or more",New Jersey:,2018.0,3.0,True,True
2170,2018,2018-03-07 17:15:00,,,58000.0,50.0,RF,Severe Weather,"Loss of electric service to more than 50,000 customers for 1 hour or more",New Jersey:,2018.0,3.0,False,True
2171,2018,2018-03-07 12:00:00,2018-03-07 17:00:00,5.0,120000.0,,RF,Severe Weather,"Loss of electric service to more than 50,000 customers for 1 hour or more",Pennsylvania:,2018.0,3.0,True,True
2172,2018,2018-03-07 19:37:00,2018-03-10 16:35:00,68.96666666666667,102000.0,,NPCC,Severe Weather,"Loss of electric service to more than 50,000 customers for 1 hour or more",Connecticut: Massachusetts: Maine: New Hampshire: Rhode Island: Vermont:,2018.0,3.0,True,True
2173,2018,2018-03-12 00:00:00,2018-04-06 11:00:00,611.0,0.0,0.0,NPCC,Vandalism,Physical attack that could potentially impact electric power system adequacy or reliability; or vandalism which targets components of any security systems,New York: Dutchess County;,2018.0,3.0,True,True
2174,2018,2018-03-13 08:50:00,2018-03-14 23:22:00,38.53333333333333,123629.0,,NPCC,Severe Weather,"Loss of electric service to more than 50,000 customers for 1 hour or more",Massachusetts: Rhode Island:,2018.0,3.0,True,True
2175,2018,2018-03-13 00:10:00,2018-03-13 00:34:00,0.4,0.0,0.0,WECC,Suspicious Activity,Physical attack that could potentially impact electric power system adequacy or reliability; or vandalism which targets components of any security systems,Colorado:,2018.0,3.0,True,True
2176,2018,2018-03-19 23:29:00,2018-03-20 03:37:00,4.133333333333334,78220.0,261.0,SERC,Severe Weather,"Loss of electric service to more than 50,000 customers for 1 hour or more",Alabama: Georgia:,2018.0,3.0,True,True
2177,2018,2018-03-20 19:00:00,2018-03-25 06:30:00,107.5,124000.0,80.0,RF,Severe Weather,"Loss of electric service to more than 50,000 customers for 1 hour or more","New Jersey: Atlantic County, Camden County, Cape May County, Gloucester County, Salem County, Cumberland County, Burlington County;",2018.0,3.0,True,True
2178,2018,2018-03-24 22:30:00,2018-03-26 20:00:00,45.5,81227.0,,RF,Severe Weather,"Loss of electric service to more than 50,000 customers for 1 hour or more",Virginia: West Virginia:,2018.0,3.0,True,True
2179,2018,2018-03-26 03:05:00,2018-03-26 03:35:00,0.5,0.0,0.0,WECC,Vandalism,Physical attack that could potentially impact electric power system adequacy or reliability; or vandalism which targets components of any security systems,California:,2018.0,3.0,True,True
2180,2018,2018-03-28 15:00:00,2018-03-28 16:00:00,1.0,1185.0,12.0,WECC,Vandalism,Physical attack that could potentially impact electric power system adequacy or reliability; or vandalism which targets components of any security systems,Washington: Walla Walla County;,2018.0,3.0,True,True
2181,2018,2018-04-03 11:15:00,2018-04-03 11:30:00,0.25,0.0,0.0,WECC,Vandalism,Physical attack that could potentially impact electric power system adequacy or reliability; or vandalism which targets components of any security systems,California:,2018.0,4.0,True,True
2182,2018,2018-04-04 16:42:00,2018-04-07 06:22:00,61.666666666666664,72896.0,,NPCC,Severe Weather,"Loss of electric service to more than 50,000 customers for 1 hour or more",New York:,2018.0,4.0,True,True
2183,2018,2018-04-05 00:50:00,2018-04-05 16:00:00,15.166666666666666,65932.0,,NPCC,Severe Weather,"Loss of electric service to more than 50,000 customers for 1 hour or more",Connecticut: Maine: Massachusetts: New Hampshire: Rhode Island: Vermont:,2018.0,4.0,True,True
2184,2018,2018-04-09 10:07:00,2018-04-09 16:00:00,5.883333333333334,0.0,0.0,WECC,Vandalism,Physical attack that could potentially impact electric power system adequacy or reliability; or vandalism which targets components of any security systems,Washington: Walla Walla County;,2018.0,4.0,True,True
2185,2018,2018-04-09 12:16:00,2018-04-09 13:52:00,1.6,57000.0,806.0,WECC,Transmission Interruption,Uncontrolled loss of 300 Megawatts or more of firm system loads for more than 15 minutes from a single incident,Utah: Salt Lake County;,2018.0,4.0,True,True
2186,2018,2018-04-09 11:16:00,,,250000.0,300.0,WECC,Transmission Interruption,Uncontrolled loss of 300 Megawatts or more of firm system loads for more than 15 minutes from a single incident,Utah:,2018.0,4.0,False,True
2187,2018,2018-04-09 23:10:00,2018-04-10 06:47:00,7.616666666666666,27000.0,55.0,FRCC,Sabotage,Physical attack that causes major interruptions or impacts to critical infrastructure facilities or to operations,Florida: Palm Beach County;,2018.0,4.0,True,True
2188,2018,2018-04-14 09:30:00,2018-04-14 10:00:00,0.5,56350.0,,SERC,Severe Weather,"Loss of electric service to more than 50,000 customers for 1 hour or more",Louisiana: Arkansas: Mississippi: Texas:,2018.0,4.0,True,True
2189,2018,2018-04-15 07:30:00,2018-04-18 07:30:00,72.0,389591.0,,RF,Severe Weather,"Loss of electric service to more than 50,000 customers for 1 hour or more",Michigan:,2018.0,4.0,True,True
2190,2018,2018-04-15 17:14:00,2018-04-15 23:25:00,6.183333333333334,78100.0,,SERC,Severe Weather,"Loss of electric service to more than 50,000 customers for 1 hour or more",North Carolina: South Carolina:,2018.0,4.0,True,True
2191,2018,2018-05-02 14:52:00,2018-05-02 16:14:00,1.3666666666666667,0.0,0.0,SERC,Vandalism,Physical attack that could potentially impact electric power system adequacy or reliability; or vandalism which targets components of any security systems,North Carolina:,2018.0,5.0,True,True
2192,2018,2018-05-04 14:00:00,2018-05-05 09:30:00,19.5,90000.0,,RF,Severe Weather,"Loss of electric service to more than 50,000 customers for 1 hour or more","Michigan: Calhoun County, Genesee County, Ingham County, Kent County, Macomb County, Midland County, Saginaw County, Gratiot County;",2018.0,5.0,True,True
2193,2018,2018-05-04 12:00:00,2018-05-06 13:00:00,49.0,300000.0,,RF,Severe Weather,"Loss of electric service to more than 50,000 customers for 1 hour or more",Michigan:,2018.0,5.0,True,True
2194,2018,2018-05-04 20:10:00,,,106150.0,,NPCC,Severe Weather,"Loss of electric service to more than 50,000 customers for 1 hour or more",New York:,2018.0,5.0,False,True
2195,2018,2018-05-04 23:10:00,2018-05-05 00:40:00,1.5,56000.0,,NPCC,Severe Weather,"Loss of electric service to more than 50,000 customers for 1 hour or more",New Hampshire: Vermont:,2018.0,5.0,True,True
2196,2018,2018-05-05 04:30:00,2018-05-05 15:30:00,11.0,31900.0,,NPCC,Severe Weather,"Loss of electric service to more than 50,000 customers for 1 hour or more",Vermont: New Hampshire: Maine:,2018.0,5.0,True,True
2197,2018,2018-05-07 10:30:00,2018-05-07 10:36:00,0.1,0.0,0.0,NPCC,Suspected Physical Attack,Physical attack that could potentially impact electric power system adequacy or reliability; or vandalism which targets components of any security systems,New York: Tompkins County;,2018.0,5.0,True,True
2198,2018,2018-05-08 16:00:00,2018-05-08 16:01:00,0.016666666666666666,0.0,0.0,WECC,Actual Physical Attack,Physical attack that could potentially impact electric power system adequacy or reliability; or vandalism which targets components of any security systems,Utah: Washington County;,2018.0,5.0,True,True
2199,2018,2018-05-14 19:08:00,,,112000.0,,SERC,Severe Weather,"Loss of electric service to more than 50,000 customers for 1 hour or more",Virginia:,2018.0,5.0,False,True
2200,2018,2018-05-15 14:50:00,,,114000.0,,RF,Severe Weather,"Loss of electric service to more than 50,000 customers for 1 hour or more","Pennsylvania: Lehigh County, Schuylkill County, Cumberland County, Lancaster County, Northampton County, Berks County, Clinton County, Susquehanna County, Bucks County, Carbon County, Chester County, Columbia County, Juniata County;",2018.0,5.0,False,True
2201,2018,2018-05-15 16:00:00,,,72000.0,,NPCC,Severe Weather,"Loss of electric service to more than 50,000 customers for 1 hour or more","New York: Dutchess County, Ulster County, Orange County;",2018.0,5.0,False,True
2202,2018,2018-05-15 17:25:00,,,82372.0,,RF,Severe Weather,"Loss of electric service to more than 50,000 customers for 1 hour or more",New Jersey:,2018.0,5.0,False,True
2203,2018,2018-05-15 18:14:00,2018-05-15 19:00:00,0.7666666666666667,52872.0,,RF,Severe Weather,"Loss of electric service to more than 50,000 customers for 1 hour or more",Pennsylvania:,2018.0,5.0,True,True
2204,2018,2018-05-15 18:35:00,2018-05-18 15:57:00,69.36666666666666,120000.0,,NPCC,Severe Weather,"Loss of electric service to more than 50,000 customers for 1 hour or more",Connecticut: Massachusetts: Rhode Island:,2018.0,5.0,True,True
2205,2018,2018-05-15 15:00:00,2018-05-18 13:48:00,70.8,0.0,0.0,NPCC,Vandalism,Physical attack that could potentially impact electric power system adequacy or reliability; or vandalism which targets components of any security systems,Massachusetts:,2018.0,5.0,True,True
2206,2018,2018-05-15 17:15:00,,,49999.0,,NPCC,Severe Weather,"Loss of electric service to more than 50,000 customers for 1 hour or more",New York:,2018.0,5.0,False,True
2207,2018,2018-05-17 01:11:00,,,70000.0,70.0,WECC,Severe Weather,"Loss of electric service to more than 50,000 customers for 1 hour or more",California: Contra Costa County;,2018.0,5.0,False,True
2208,2018,2018-05-17 01:11:00,2018-05-18 00:38:00,23.45,70000.0,124.0,WECC,Transmission Disruption,"Loss of electric service to more than 50,000 customers for 1 hour or more",California:,2018.0,5.0,True,True
2209,2018,2018-05-26 18:40:00,2018-05-27 23:50:00,29.166666666666668,163932.0,,TRE,Severe Weather,"Loss of electric service to more than 50,000 customers for 1 hour or more",Texas: Harris County;,2018.0,5.0,True,True
2210,2018,2018-06-02 05:00:00,2018-06-02 11:00:00,6.0,103535.0,,SPP RE,Severe Weather,"Loss of electric service to more than 50,000 customers for 1 hour or more","Missouri: Jackson County, Clay County, Platte County, Andrew County; Kansas: Johnson County;",2018.0,6.0,True,True
2211,2018,2018-06-04 08:50:00,2018-06-04 14:00:00,5.166666666666667,0.0,0.0,FRCC,Vandalism,Physical attack that could potentially impact electric power system adequacy or reliability; or vandalism which targets components of any security systems,Florida: Alachua County;,2018.0,6.0,True,True
2212,2018,2018-06-09 09:54:00,2018-06-09 12:12:00,2.3,0.0,0.0,SERC,System Operations,Unplanned evacuation from its Bulk Electric System control center facility for 30 continuous minutes or more,Georgia:,2018.0,6.0,True,True
2213,2018,2018-06-10 14:25:00,2018-06-11 05:58:00,15.55,,,SERC,System Operations,Unplanned evacuation from its Bulk Electric System control center facility for 30 continuous minutes or more,Kentucky:,2018.0,6.0,True,False
2214,2018,2018-06-12 16:15:00,,,0.0,0.0,WECC,Vandalism,Damage or destruction of its Facility that results from actual or suspected intentional human action.,Nevada: Clark County;,2018.0,6.0,False,True
2215,2018,2018-06-12 15:00:00,2018-06-12 15:15:00,0.25,0.0,0.0,WECC,Vandalism,Damage or destruction of its Facility that results from actual or suspected intentional human action.,California: Kern County;,2018.0,6.0,True,True
2216,2018,2018-06-18 18:20:00,2018-06-19 00:15:00,5.916666666666667,112927.0,,NPCC,Severe Weather,"Loss of electric service to more than 50,000 customers for 1 hour or more",Connecticut: Maine: Massachusetts: New Hampshire: Rhode Island: Vermont:,2018.0,6.0,True,True
2217,2018,2018-06-20 22:58:00,2018-06-21 06:05:00,7.116666666666666,27000.0,73.0,FRCC,Transmission Interruption,Complete operational failure or shut-down of the transmission and/or distribution of electrical system,Florida: Palm Beach County;,2018.0,6.0,True,True
2218,2018,2018-06-22 14:38:00,,,4200000.0,10000.0,WECC,Severe Weather,Electrical System Separation (Islanding) where part or parts of power grid remain(s) operational in an otherwise blocked out area or within the partial failure of an integrated electrical system,Washington:,2018.0,6.0,False,True
2219,2018,2018-06-27 14:30:00,2018-06-27 14:33:00,0.05,0.0,0.0,NPCC,Suspicious Activity,"Physical threat to its Bulk Electric System control center, excluding weather or natural disaster related threats, which has the potential to degrade the normal operation of the control center. Or suspicious device or activity at its Bulk Electric System control center",New York: New York County;,2018.0,6.0,True,True
2220,2018,2018-06-28 18:36:00,2018-07-01 07:00:00,60.4,112000.0,,SERC,Severe Weather,"Loss of electric service to more than 50,000 customers for 1 hour or more",Missouri: Illinois:,2018.0,6.0,True,True
2221,2018,2018-06-28 14:50:00,2018-06-29 09:00:00,18.166666666666668,48109.0,160.0,SERC,Severe Weather,"Loss of electric service to more than 50,000 customers for 1 hour or more",Alabama: Georgia:,2018.0,6.0,True,True
2222,2018,2018-06-29 07:35:00,2018-06-29 09:30:00,1.9166666666666667,,350.0,MRO,Severe Weather,Uncontrolled loss of 300 Megawatts or more of firm system loads for 15 minutes or more from a single incident,Minnesota: St. Louis County;,2018.0,6.0,True,False
2223,2018,2018-06-29 03:38:00,,,,,SERC,System Operations,Complete loss of monitoring or control capability at its staffed Bulk Electric System control center for 30 continuous minutes or more,Kentucky:,2018.0,6.0,False,False
2224,2018,2018-06-30 12:30:00,2018-06-30 12:31:00,0.016666666666666666,0.0,0.0,WECC,Vandalism,Damage or destruction of its Facility that results from actual or suspected intentional human action.,California: Los Angeles County;,2018.0,6.0,True,True
2225,2018,2018-06-30 10:45:00,2018-06-30 11:28:00,0.7166666666666667,0.0,0.0,TRE,System Operations,Complete loss of monitoring or control capability at its staffed Bulk Electric System control center for 30 continuous minutes or more,"Texas: Travis County, Williamson County;",2018.0,6.0,True,True
2226,2018,2018-07-04 22:00:00,2018-07-04 22:30:00,0.5,5058.0,,WECC,Vandalism,Damage or destruction of its Facility that results from actual or suspected intentional human action.,Colorado: Pueblo County;,2018.0,7.0,True,True
2227,2018,2018-07-04 17:54:00,2018-07-04 19:20:00,1.4333333333333333,0.0,0.0,SERC,System Operations,Complete loss of monitoring or control capability at its staffed Bulk Electric System control center for 30 continuous minutes or more.,Tennessee:,2018.0,7.0,True,True
2228,2018,2018-07-09 13:10:00,2018-07-09 14:45:00,1.5833333333333333,0.0,0.0,WECC,System Operations,Complete loss of monitoring or control capability at its staffed Bulk Electric System control center for 30 continuous minutes or more.,"California: Merced County, Kern County; Nevada: Clark County;",2018.0,7.0,True,True
2229,2018,2018-07-11 15:40:00,2018-07-11 16:00:00,0.3333333333333333,26195.0,425.0,SERC,Transmission Interruption,Uncontrolled loss of 300 Megawatts or more of firm system loads for 15 minutes or more from a single incident,Tennessee:,2018.0,7.0,True,True
2230,2018,2018-07-11 00:58:00,,,0.0,0.0,WECC,Fuel Supply Deficiency,Fuel supply emergencies that could impact electric power system adequacy or reliability,California:,2018.0,7.0,False,True
2231,2018,2018-07-14 10:20:00,,,,,RF,System Operations,Complete loss of monitoring or control capability at its staffed Bulk Electric System control center for 30 continuous minutes or more.,Ohio:,2018.0,7.0,False,False
2232,2018,2018-07-16 05:15:00,,,0.0,0.0,WECC,Fuel Supply Deficiency,Fuel supply emergencies that could impact electric power system adequacy or reliability,California: Merced County;,2018.0,7.0,False,True
2233,2018,2018-07-18 17:28:00,2018-07-18 17:31:00,0.05,,,WECC,Severe Weather/Transmission Interruption,"Total generation loss, within one minute of: greater than or equal to 2,000 Megawatts in the Eastern or Western Interconnection or greater than or equal to 1,400 Megawatts in the ERCOT Interconnection.",Oregon:,2018.0,7.0,True,False
2234,2018,2018-07-18 04:00:00,,,0.0,0.0,WECC,Fuel Supply Deficiency,Fuel supply emergencies that could impact electric power system adequacy or reliability,California: Fresno County;,2018.0,7.0,False,True
2235,2018,2018-07-19 20:25:00,,,,,SERC,System Operations,Complete loss of monitoring or control capability at its staffed Bulk Electric System control center for 30 continuous minutes or more.,Kentucky:,2018.0,7.0,False,False
2236,2018,2018-07-19 12:38:00,2018-07-19 13:22:00,0.7333333333333333,0.0,0.0,SERC,System Operations,Complete loss of monitoring or control capability at its staffed Bulk Electric System control center for 30 continuous minutes or more.,Louisiana: Rapides Parish;,2018.0,7.0,True,True
2237,2018,2018-07-20 12:46:00,2018-07-20 13:30:00,0.7333333333333333,0.0,0.0,NPCC,System Operations,"Physical threat to its Facility excluding weather or natural disaster related threats, which has the potential to degrade the normal operation of the Facility. Or suspicious device or activity at its Facility.",Maine: Hancock County;,2018.0,7.0,True,True
2238,2018,2018-07-20 16:19:00,2018-07-20 16:48:00,0.48333333333333334,87833.0,,SERC,Severe Weather,"Loss of electric service to more than 50,000 customers for 1 hour or more",Kentucky:,2018.0,7.0,True,True
2239,2018,2018-07-21 04:45:00,2018-07-21 11:15:00,6.5,64930.0,,SERC,Severe Weather,"Loss of electric service to more than 50,000 customers for 1 hour or more",Arkansas:,2018.0,7.0,True,True
2240,2018,2018-07-21 07:20:00,2018-07-21 11:30:00,4.166666666666667,42901.0,143.0,SERC,Severe Weather,"Loss of electric service to more than 50,000 customers for 1 hour or more",Georgia:,2018.0,7.0,True,True
2241,2018,2018-07-23 04:16:00,2018-07-23 04:29:00,0.21666666666666667,,40.0,FRCC,Severe Weather/Transmission Interruption,"Unexpected Transmission loss within its area, contrary to design, of three or more Bulk Electric System Facilities caused by a common disturbance (excluding successful automatic reclosing).",Florida: Pinellas County;,2018.0,7.0,True,False
2242,2018,2018-07-26 20:24:00,,,,,WECC,Natural Disaster,Public appeal to reduce the use of electricity for purposes of maintaining the continuity of the Bulk Electric System,California: Shasta County;,2018.0,7.0,False,False
2243,2018,2018-07-27 16:28:00,2018-07-27 16:33:00,0.08333333333333333,0.0,0.0,NPCC,Severe Weather/Transmission Interruption,"Unexpected Transmission loss within its area, contrary to design, of three or more Bulk Electric System Facilities caused by a common disturbance (excluding successful automatic reclosing).",New York: New York County;,2018.0,7.0,True,True
2244,2018,2018-07-27 09:34:00,2018-07-27 09:51:00,0.2833333333333333,,,WECC,System Operations,Electrical System Separation (Islanding) where part or parts of power grid remain(s) operational in an otherwise blocked out area or within the partial failure of an integrated electrical system,Washington: Clark County;,2018.0,7.0,True,False
2245,2018,2018-07-28 23:11:00,2018-07-29 01:51:00,2.6666666666666665,0.0,0.0,WECC,System Operations,Complete loss of monitoring or control capability at its staffed Bulk Electric System control center for 30 continuous minutes or more.,Nevada: Nye County;,2018.0,7.0,True,True
2246,2018,2018-07-29 14:33:00,2018-07-29 18:23:00,3.8333333333333335,57670.0,83.0,WECC,Natural Disaster,"Loss of electric service to more than 50,000 customers for 1 hour or more",California:,2018.0,7.0,True,True
2247,2018,2018-07-30 06:30:00,2018-07-30 23:00:00,16.5,82000.0,,WECC,Severe Weather,"Loss of electric service to more than 50,000 customers for 1 hour or more",Arizona: Maricopa County;,2018.0,7.0,True,True
2248,2018,2018-07-31 11:44:00,2018-07-31 14:17:00,2.55,,,WECC,Suspicious Activity,Damage or destruction of its Facility that results from actual or suspected intentional human action.,California: Kern County;,2018.0,7.0,True,False
2249,2018,2018-08-01 09:11:00,2018-08-01 10:56:00,1.75,0.0,0.0,WECC,Vandalism,Physical attack that causes major interruptions or impacts to critical infrastructure or to operations.,Montana:,2018.0,8.0,True,True
2250,2018,2018-08-04 08:20:00,2018-08-04 08:21:00,0.016666666666666666,,,WECC,Vandalism,Damage or destruction of its Facility that results from actual or suspected intentional human action.,California: Kern County;,2018.0,8.0,True,False
2251,2018,2018-08-07 01:22:00,2018-08-07 01:59:00,0.6166666666666667,485.0,5.0,WECC,Natural Disaster,Electrical System Separation (Islanding) where part or parts of power grid remain(s) operational in an otherwise blocked out area or within the partial failure of an integrated electrical system.,California: Butte County;,2018.0,8.0,True,True
2252,2018,2018-08-07 01:22:00,2018-08-07 19:04:00,17.7,11383.0,27.0,WECC,Natural Disaster,Electrical System Separation (Islanding) where part or parts of power grid remain(s) operational in an otherwise blocked out area or within the partial failure of an integrated electrical system.,California: Butte County;,2018.0,8.0,True,True
2253,2018,2018-08-14 21:00:00,2018-08-14 21:01:00,0.016666666666666666,0.0,0.0,SERC,Suspicious Activity,"Physical threat to its Facility excluding weather or natural disaster related threats, which has the potential to degrade the normal operation of the Facility. Or suspicious device or activity at its Facility.",Virginia: Hanover County;,2018.0,8.0,True,True
2254,2018,2018-08-15 00:00:00,2018-08-15 01:00:00,1.0,0.0,0.0,SERC,Vandalism,Damage or destruction of its Facility that results from actual or suspected intentional human action.,Missouri: Boone County;,2018.0,8.0,True,True
2255,2018,2018-08-17 13:07:00,2018-08-17 13:40:00,0.55,0.0,0.0,WECC,System Operations,Complete loss of monitoring or control capability at its staffed Bulk Electric System control center for 30 continuous minutes or more.,California:,2018.0,8.0,True,True
2256,2018,2018-08-19 15:20:00,2018-08-19 15:21:00,0.016666666666666666,0.0,0.0,WECC,Vandalism,Damage or destruction of its Facility that results from actual or suspected intentional human action.,Utah: Box Elder County;,2018.0,8.0,True,True
2257,2018,2018-08-20 22:46:00,2018-08-21 00:14:00,1.4666666666666666,0.0,0.0,SERC,System Operations,Complete loss of monitoring or control capability at its staffed Bulk Electric System control center for 30 continuous minutes or more.,Louisiana:,2018.0,8.0,True,True
2258,2018,2018-08-24 12:24:00,2018-08-24 12:59:00,0.5833333333333334,0.0,0.0,SERC,System Operations,Unplanned evacuation from its Bulk Electric System control center facility for 30 continuous minutes or more.,Virginia: Roanoke County;,2018.0,8.0,True,True
2259,2018,2018-08-26 22:00:00,2018-08-27 04:56:00,6.933333333333334,67000.0,,RF,Severe Weather,"Loss of electric service to more than 50,000 customers for 1 hour or more.","Michigan: Muskegon County, Newaygo County, Oceana County, Mason County, Kent County, Mecosta County, Montcalm County, Isabella County, Midland County, Saginaw County;",2018.0,8.0,True,True
2260,2018,2018-08-28 23:41:00,2018-08-29 00:13:00,0.5333333333333333,0.0,0.0,RF,System Operations,Unplanned evacuation from its Bulk Electric System control center facility for 30 continuous minutes or more.,Ohio: Montgomery County;,2018.0,8.0,True,True
2261,2018,2018-08-28 20:00:00,2018-08-30 14:59:00,42.983333333333334,110000.0,,RF,Severe Weather,"Loss of electric service to more than 50,000 customers for 1 hour or more.","Michigan: Benzie County, Barry County, Grand Traverse County, Kalkaska County, Mason County, Oceana County, Muskegon County, Kent County, Newaygo County, Montcalm County, Mecosta County, Antrim County, Eaton County, Ionia County, Isabella County, Clare County, Saginaw County;",2018.0,8.0,True,True
2262,2018,2018-08-29 03:27:00,2018-08-29 04:00:00,0.55,0.0,0.0,RF,Suspicious Activity,"Physical threat to its Bulk Electric System control center, excluding weather or natural disaster related threats, which has the potential to degrade the normal operation of the control center. OR suspicious device or activity at its Bulk Electric System control center.",Maryland: Montgomery County; District of Columbia:,2018.0,8.0,True,True
2263,2018,2018-08-29 00:00:00,2018-08-30 00:00:00,24.0,100000.0,,SERC,Severe Weather,"Loss of electric service to more than 50,000 customers for 1 hour or more.",Illinois:,2018.0,8.0,True,True
2264,2018,2018-08-29 09:00:00,2018-08-29 09:06:00,0.1,0.0,0.0,SERC,Suspicious Activity,"Physical threat to its Facility excluding weather or natural disaster related threats, which has the potential to degrade the normal operation of the Facility. Or suspicious device or activity at its Facility.",Arkansas:,2018.0,8.0,True,True
2265,2018,2018-08-30 12:00:00,2018-08-30 12:20:00,0.3333333333333333,0.0,0.0,WECC,Vandalism,Physical attack that could potentially impact electric power system adequacy or reliability; or vandalism which targets components of any security systems.,California:,2018.0,8.0,True,True
2266,2018,2018-08-31 15:07:00,2018-08-31 15:31:00,0.4,50000.0,96.0,WECC,Natural Disaster/Transmission Interruption,"Unexpected Transmission loss within its area, contrary to design, of three or more Bulk Electric System Facilities caused by a common disturbance (excluding successful automatic reclosing).",Oregon:,2018.0,8.0,True,True
2267,2018,2018-08-31 18:34:00,2018-08-31 18:40:00,0.1,0.0,0.0,NPCC,Suspicious Activity,"Physical threat to its Bulk Electric System control center, excluding weather or natural disaster related threats, which has the potential to degrade the normal operation of the control center. OR suspicious device or activity at its Bulk Electric System control center.","New York: New York County, Westchester County;",2018.0,8.0,True,True
2268,2018,2018-09-01 00:00:00,2018-09-01 15:22:00,15.366666666666667,0.0,0.0,SPP RE,Suspicious Activity,"Physical threat to its Facility excluding weather or natural disaster related threats, which has the potential to degrade the normal operation of the Facility. Or suspicious device or activity at its Facility.",Arkansas:,2018.0,9.0,True,True
2269,2018,2018-09-05 13:00:00,2018-09-05 13:01:00,0.016666666666666666,,,WECC,Vandalism,Damage or destruction of its Facility that results from actual or suspected intentional human action.,California: Kern County;,2018.0,9.0,True,False
2270,2018,2018-09-06 02:26:00,2018-09-06 02:27:00,0.016666666666666666,0.0,0.0,FRCC,Transmission Interruption,"Unexpected Transmission loss within its area, contrary to design, of three or more Bulk Electric System Facilities caused by a common disturbance (excluding successful automatic reclosing).",Florida: Hillsborough County;,2018.0,9.0,True,True
2271,2018,2018-09-12 22:00:00,2018-09-12 22:05:00,0.08333333333333333,0.0,0.0,TRE,Suspicious Activity,"Physical threat to its Facility excluding weather or natural disaster related threats, which has the potential to degrade the normal operation of the Facility. Or suspicious device or activity at its Facility.",Texas:,2018.0,9.0,True,True
2272,2018,2018-09-13 20:56:00,2018-09-20 19:00:00,166.06666666666666,1457583.0,,SERC,Severe Weather,"Loss of electric service to more than 50,000 customers for 1 hour or more.",North Carolina: South Carolina:,2018.0,9.0,True,True
2273,2018,2018-09-13 20:30:00,2018-09-19 17:00:00,140.5,325000.0,300.0,SERC,Severe Weather,"Loss of electric service to more than 50,000 customers for 1 hour or more.",North Carolina:,2018.0,9.0,True,True
2274,2018,2018-09-15 15:00:00,2018-09-15 18:00:00,3.0,420000.0,1322.0,SERC,System Operations,Public appeal to reduce the use of electricity for purposes of maintaining the continuity of the Bulk Electric System.,Mississippi: Forrest County;,2018.0,9.0,True,True
2275,2018,2018-09-15 01:05:00,2018-09-17 16:00:00,62.916666666666664,50100.0,,SERC,Severe Weather,"Loss of electric service to more than 50,000 customers for 1 hour or more.","South Carolina: Horry County, Chesterfield County, Dillon County, Georgetown County, Marlboro County, Darlington County;",2018.0,9.0,True,True
2276,2018,2018-09-15 15:00:00,2018-09-15 18:00:00,3.0,,,SERC,System Operations,Public appeal to reduce the use of electricity for purposes of maintaining the continuity of the Bulk Electric System.,Louisiana:,2018.0,9.0,True,False
2277,2018,2018-09-16 08:00:00,2018-09-18 19:40:00,59.666666666666664,50000.0,,SERC,Severe Weather,"Loss of electric service to more than 50,000 customers for 1 hour or more.",North Carolina: South Carolina:,2018.0,9.0,True,True
2278,2018,2018-09-19 11:00:00,2018-09-20 12:00:00,25.0,0.0,0.0,RF,System Operations,Complete loss of monitoring or control capability at its staffed Bulk Electric System control center for 30 continuous minutes or more.,Indiana: Benton County;,2018.0,9.0,True,True
2279,2018,2018-09-20 12:39:00,,,0.0,0.0,WECC,Vandalism,Damage or destruction of its Facility that results from actual or suspected intentional human action.,Nevada: Clark County;,2018.0,9.0,False,True
2280,2018,2018-09-22 15:23:00,2018-09-22 23:00:00,7.616666666666666,2500.0,3507.0,WECC,Natural Disaster,"Unexpected Transmission loss within its area, contrary to design, of three or more Bulk Electric System Facilities caused by a common disturbance (excluding successful automatic reclosing).",California: Los Angeles County;,2018.0,9.0,True,True
2281,2018,2018-09-25 00:33:00,2018-09-25 03:10:00,2.6166666666666667,0.0,0.0,SERC,System Operations,Complete loss of monitoring or control capability at its staffed Bulk Electric System control center for 30 continuous minutes or more.,Illinois:,2018.0,9.0,True,True
2282,2018,2018-09-26 13:54:00,2018-09-26 17:58:00,4.066666666666666,0.0,0.0,TRE,Transmission Interruption,"Unexpected Transmission loss within its area, contrary to design, of three or more Bulk Electric System Facilities caused by a common disturbance (excluding successful automatic reclosing).",Texas: Harris County;,2018.0,9.0,True,True
2283,2018,2018-09-28 18:58:00,2018-09-28 19:29:00,0.5166666666666667,0.0,0.0,RF,System Operations,Complete loss of monitoring or control capability at its staffed Bulk Electric System control center for 30 continuous minutes or more.,Ohio:,2018.0,9.0,True,True
2284,2018,2018-10-01 12:44:00,2018-10-01 17:32:00,4.8,,,RF,System Operations,Complete loss of monitoring or control capability at its staffed Bulk Electric System control center for 30 continuous minutes or more.,Ohio: Indiana: Michigan: Kentucky: West Virginia: Virginia:,2018.0,10.0,True,False
2285,2018,2018-10-03 07:38:00,2018-10-03 07:48:00,0.16666666666666666,0.0,0.0,SERC,System Operations,Complete loss of monitoring or control capability at its staffed Bulk Electric System control center for 30 continuous minutes or more.,Illinois:,2018.0,10.0,True,True
2286,2018,2018-10-04 06:00:00,2018-10-04 08:00:00,2.0,2089.0,4.0,SPP RE,Vandalism,"Physical threat to its Facility excluding weather or natural disaster related threats, which has the potential to degrade the normal operation of the Facility. Or suspicious device or activity at its Facility.",Oklahoma: Osage County;,2018.0,10.0,True,True
2287,2018,2018-10-04 16:01:00,2018-10-04 18:25:00,2.4,0.0,0.0,WECC,Suspicious Activity,Physical attack that could potentially impact electric power system adequacy or reliability; or vandalism which targets components of any security systems,California:,2018.0,10.0,True,True
2288,2018,2018-10-09 20:12:00,2018-10-09 21:12:00,1.0,0.0,0.0,WECC,System Operations,"Unplanned evacuation from its Bulk Electric System control center facility for 30 continuous minutes or more;
Complete loss of monitoring or control capability at its staffed Bulk Electric System control center for 30 continuous minutes or more.",Colorado: El Paso County;,2018.0,10.0,True,True
2289,2018,2018-10-10 11:59:00,,,45604.0,152.0,FRCC,Severe Weather,"Loss of electric service to more than 50,000 customers for 1 hour or more",Florida: Alabama: Georgia:,2018.0,10.0,False,True
2290,2018,2018-10-10 16:00:00,2018-10-19 06:00:00,206.0,55000.0,330.0,FRCC,Severe Weather,"Loss of electric service to more than 50,000 customers for 1 hour or more",Florida:,2018.0,10.0,True,True
2291,2018,2018-10-10 17:00:00,2018-10-15 05:00:00,108.0,0.0,0.0,WECC,Vandalism,Physical attack that could potentially impact electric power system adequacy or reliability; or vandalism which targets components of any security systems,Utah:,2018.0,10.0,True,True
2292,2018,2018-10-10 14:00:00,2018-10-11 06:00:00,16.0,60717.0,135.0,FRCC,Severe Weather,"Loss of electric service to more than 50,000 customers for 1 hour or more",Florida:,2018.0,10.0,True,True
2293,2018,2018-10-10 05:41:00,2018-10-10 07:54:00,2.216666666666667,0.0,0.0,NPCC,System Operations,Complete loss of monitoring or control capability at its staffed Bulk Electric System control center for 30 continuous minutes or more.,Maine:,2018.0,10.0,True,True
2294,2018,2018-10-11 16:42:00,2018-10-12 21:00:00,28.3,170222.0,,SERC,Severe Weather,"Loss of electric service to more than 50,000 customers for 1 hour or more",North Carolina: South Carolina:,2018.0,10.0,True,True
2295,2018,2018-10-11 18:55:00,2018-10-12 12:00:00,17.083333333333332,117000.0,,SERC,Severe Weather,"Loss of electric service to more than 50,000 customers for 1 hour or more",North Carolina:,2018.0,10.0,True,True
2296,2018,2018-10-11 13:15:00,,,240807.0,,SERC,Severe Weather,"Loss of electric service to more than 50,000 customers for 1 hour or more",North Carolina: South Carolina:,2018.0,10.0,False,True
2297,2018,2018-10-11 07:21:00,2018-10-11 15:00:00,7.65,71654.0,,SERC,Severe Weather,"Loss of electric service to more than 50,000 customers for 1 hour or more",South Carolina:,2018.0,10.0,True,True
2298,2018,2018-10-12 03:36:00,2018-10-12 13:56:00,10.333333333333334,0.0,0.0,RF,Transmission Interruption,"Unexpected Transmission loss within its area, contrary to design, of three or more Bulk Electric System Facilities caused by a common disturbance (excluding successful automatic reclosing).",Maryland: Garrett County;,2018.0,10.0,True,True
2299,2018,2018-10-14 22:11:00,,,60000.0,,WECC,Natural Disaster,"Loss of electric service to more than 50,000 customers for 1 hour or more",California:,2018.0,10.0,False,True
2300,2018,2018-10-16 04:15:00,2018-10-16 17:11:00,12.933333333333334,18000.0,,NPCC,Severe Weather,"Loss of electric service to more than 50,000 customers for 1 hour or more",Connecticut: Rhode Island: Massachusetts: Vermont: New Hampshire: Maine:,2018.0,10.0,True,True
2301,2018,2018-10-21 00:16:00,2018-10-21 16:14:00,15.966666666666667,63408.0,,RF,Severe Weather,"Loss of electric service to more than 50,000 customers for 1 hour or more",West Virginia:,2018.0,10.0,True,True
2302,2018,2018-10-22 10:25:00,2018-10-22 10:31:00,0.1,0.0,0.0,WECC,Vandalism,Damage or destruction of its Facility that results from actual or suspected intentional human action.,Utah: Salt Lake County;,2018.0,10.0,True,True
2303,2018,2018-10-24 12:32:00,2018-10-24 13:33:00,1.0166666666666666,0.0,0.0,RF,System Operations,Complete loss of monitoring or control capability at its staffed Bulk Electric System control center for 30 continuous minutes or more.,Michigan: Wayne County;,2018.0,10.0,True,True
2304,2018,2018-10-29 05:00:00,2018-11-07 07:00:00,218.0,0.0,0.0,WECC,Vandalism,Physical attack that could potentially impact electric power system adequacy or reliability; or vandalism which targets components of any security systems,California: Shasta County;,2018.0,10.0,True,True
2305,2018,2018-10-29 08:39:00,,,0.0,0.0,MRO,Vandalism,Physical attack that could potentially impact electric power system adequacy or reliability; or vandalism which targets components of any security systems,Minnesota: Douglas County;,2018.0,10.0,False,True
2306,2018,2018-10-30 14:02:00,2018-10-30 14:42:00,0.6666666666666666,0.0,0.0,RF,System Operations,Complete loss of monitoring or control capability at its staffed Bulk Electric System control center for 30 continuous minutes or more.,"Maryland: Baltimore, City of;",2018.0,10.0,True,True
2307,2018,2018-10-31 19:30:00,2018-11-01 18:55:00,23.416666666666668,140932.0,402.0,TRE,Severe Weather,"Loss of electric service to more than 50,000 customers for 1 hour or more",Texas: Harris County;,2018.0,10.0,True,True
2308,2018,2018-11-02 09:50:00,,,0.0,0.0,MRO,Vandalism,Physical attack that could potentially impact electric power system adequacy or reliability; or vandalism which targets components of any security systems.,Minnesota: Douglas County;,2018.0,11.0,False,True
2309,2018,2018-11-03 05:53:00,2018-11-03 05:57:00,0.06666666666666667,0.0,0.0,SERC,System Operations,Complete loss of monitoring or control capability at its staffed Bulk Electric System control center for 30 continuous minutes or more.,Illinois:,2018.0,11.0,True,True
2310,2018,2018-11-03 17:20:00,2018-11-04 14:30:00,21.166666666666668,62000.0,,NPCC,Severe Weather,"Loss of electric service to more than 50,000 customers for 1 hour or more.",Connecticut: Massachusetts: New Hampshire: Vermont: Maine: Rhode Island:,2018.0,11.0,True,True
2311,2018,2018-11-06 09:49:00,2018-11-09 14:05:00,76.26666666666667,61000.0,,SERC,Severe Weather,"Loss of electric service to more than 50,000 customers for 1 hour or more.",Tennessee:,2018.0,11.0,True,True
2312,2018,2018-11-08 07:16:00,2018-11-28 16:32:00,489.26666666666665,11844.0,32.0,WECC,Natural Disaster/Transmission Interruption,Electrical System Separation (Islanding) where part or parts of power grid remain(s) operational in an otherwise blocked out area or within the partial failure of an integrated electrical system,California: Butte County;,2018.0,11.0,True,True
2313,2018,2018-11-08 16:00:00,,,0.0,0.0,WECC,Vandalism,Damage or destruction of its Facility that results from actual or suspected intentional human action.,"Nevada: Carson City, Consolidated Municipality of[19];",2018.0,11.0,False,True
2314,2018,2018-11-09 09:02:00,2018-11-09 10:23:00,1.35,0.0,0.0,MRO,System Operations,Complete loss of monitoring or control capability at its staffed Bulk Electric System control center for 30 continuous minutes or more.,Iowa: Muscatine County;,2018.0,11.0,True,True
2315,2018,2018-11-10 17:02:00,2018-11-14 15:00:00,93.96666666666667,0.0,0.0,MRO,Fuel Supply Deficiency,Fuel supply emergencies that could impact electric power system adequacy or reliability,Wisconsin:,2018.0,11.0,True,True
2316,2018,2018-11-13 18:19:00,2018-11-13 19:40:00,1.35,0.0,0.0,SPP RE,System Operations,Complete loss of monitoring or control capability at its staffed Bulk Electric System control center for 30 continuous minutes or more.,Arkansas: Oklahoma: Louisiana: Texas:,2018.0,11.0,True,True
2317,2018,2018-11-15 10:50:00,2018-11-17 13:12:00,50.36666666666667,50600.0,,RF,Severe Weather,"Loss of electric service to more than 50,000 customers for 1 hour or more.",Virginia: West Virginia:,2018.0,11.0,True,True
2318,2018,2018-11-15 03:23:00,2018-11-15 17:35:00,14.2,150000.0,,SERC,Severe Weather,"Loss of electric service to more than 50,000 customers for 1 hour or more.",Kentucky:,2018.0,11.0,True,True
2319,2018,2018-11-15 05:28:00,2018-11-15 08:35:00,3.1166666666666667,55000.0,,RF,Severe Weather,"Loss of electric service to more than 50,000 customers for 1 hour or more.",Indiana:,2018.0,11.0,True,True
2320,2018,2018-11-15 05:38:00,2018-11-16 06:00:00,24.366666666666667,104000.0,,SERC,Severe Weather,"Loss of electric service to more than 50,000 customers for 1 hour or more.",Kentucky: Ohio:,2018.0,11.0,True,True
2321,2018,2018-11-18 13:10:00,,,0.0,2.0,MRO,Vandalism,Damage or destruction of its Facility that results from actual or suspected intentional human action.,Nebraska: Holt County;,2018.0,11.0,False,True
2322,2018,2018-11-25 22:30:00,2018-11-28 20:17:00,69.78333333333333,313448.0,,SERC,Severe Weather,"Loss of electric service to more than 50,000 customers for 1 hour or more.","Illinois: Will County, DuPage County, Kane County, McHenry County, Winnebago County, Ogle County, DeKalb County, Lee County, Grundy County, Lake County, Cook County, Livingston County, Stephenson County, LaSalle County, Kankakee County, Kendall County, Boone County;",2018.0,11.0,True,True
2323,2018,2018-11-27 08:00:00,2018-11-28 16:50:00,32.833333333333336,32000.0,,NPCC,Severe Weather,"Loss of electric service to more than 50,000 customers for 1 hour or more.",Maine: New Hampshire: Vermont:,2018.0,11.0,True,True
2324,2018,2018-12-01 09:40:00,2018-12-04 17:17:00,79.61666666666666,0.0,0.0,RF,Vandalism,Damage or destruction of its Facility that results from actual or suspected intentional human action.,Pennsylvania:,2018.0,12.0,True,True
2325,2018,2018-12-01 16:23:00,2018-12-01 17:09:00,0.7666666666666667,0.0,0.0,FRCC,System Operations,Complete loss of monitoring or control capability at its staffed Bulk Electric System control center for 30 continuous minutes or more.,Florida: Leon County;,2018.0,12.0,True,True
2326,2018,2018-12-02 16:17:00,2018-12-02 20:30:00,4.216666666666667,0.0,0.0,RF,System Operations,Complete loss of monitoring or control capability at its staffed Bulk Electric System control center for 30 continuous minutes or more.,Maryland:,2018.0,12.0,True,True
2327,2018,2018-12-03 03:15:00,2018-12-03 03:44:00,0.48333333333333334,,16.0,TRE,Transmission Interruption,"Unexpected Transmission loss within its area, contrary to design, of three or more Bulk Electric System Facilities caused by a common disturbance (excluding successful automatic reclosing).",Texas:,2018.0,12.0,True,False
2328,2018,2018-12-05 08:00:00,2018-12-06 08:00:00,24.0,0.0,0.0,SERC,Vandalism,Damage or destruction of its Facility that results from actual or suspected intentional human action.,Alabama: Chambers County;,2018.0,12.0,True,True
2329,2018,2018-12-05 12:48:00,2018-12-05 12:49:00,0.016666666666666666,0.0,0.0,WECC,Vandalism,Damage or destruction of its Facility that results from actual or suspected intentional human action.,California: Los Angeles County;,2018.0,12.0,True,True
2330,2018,2018-12-07 03:10:00,2018-12-07 04:35:00,1.4166666666666667,0.0,0.0,WECC,Actual Physical Attack,Physical attack that could potentially impact electric power system adequacy or reliability; or vandalism which targets components of any security systems.,Utah: Weber County;,2018.0,12.0,True,True
2331,2018,2018-12-09 03:35:00,2018-12-10 23:45:00,44.166666666666664,50000.0,,SERC,Severe Weather/Transmission Interruption,"Loss of electric service to more than 50,000 customers for 1 hour or more.",North Carolina:,2018.0,12.0,True,True
2332,2018,2018-12-09 23:28:00,2018-12-10 01:30:00,2.033333333333333,0.0,0.0,SERC,Vandalism,Damage or destruction of its Facility that results from actual or suspected intentional human action.,Virginia: Loudoun County;,2018.0,12.0,True,True
2333,2018,2018-12-09 08:41:00,2018-12-09 18:00:00,9.316666666666666,70000.0,,SERC,Severe Weather,"Loss of electric service to more than 50,000 customers for 1 hour or more.",North Carolina:,2018.0,12.0,True,True
2334,2018,2018-12-09 00:23:00,2018-12-09 11:54:00,11.516666666666667,41126.0,137.0,SERC,Severe Weather,"Loss of electric service to more than 50,000 customers for 1 hour or more.",Alabama: Georgia:,2018.0,12.0,True,True
2335,2018,2018-12-11 07:00:00,2018-12-13 14:00:00,55.0,0.0,0.0,WECC,Vandalism,Physical attack that could potentially impact electric power system adequacy or reliability; or vandalism which targets components of any security systems.,Oregon: Josephine County;,2018.0,12.0,True,True
2336,2018,2018-12-11 09:10:00,2018-12-11 10:26:00,1.2666666666666666,0.0,0.0,TRE,System Operations,Complete loss of monitoring or control capability at its staffed Bulk Electric System control center for 30 continuous minutes or more.,Texas: Travis County;,2018.0,12.0,True,True
2337,2018,2018-12-12 10:00:00,2018-12-12 10:31:00,0.5166666666666667,0.0,0.0,WECC,Vandalism,Physical attack that could potentially impact electric power system adequacy or reliability; or vandalism which targets components of any security systems.,Oregon: Gilliam County;,2018.0,12.0,True,True
2338,2018,2018-12-13 10:00:00,,,0.0,0.0,WECC,Suspicious Activity,"Physical threat to its Facility excluding weather or natural disaster related threats, which has the potential to degrade the normal operation of the Facility. Or suspicious device or activity at its Facility.","California: Stanislaus County, San Joaquin County;",2018.0,12.0,False,True
2339,2018,2018-12-14 16:00:00,2018-12-17 02:00:00,58.0,150000.0,,WECC,Severe Weather,"Loss of electric service to more than 50,000 customers for 1 hour or more.","Washington: King County, Kitsap County, Island County, Pierce County, Thurston County, Whatcom County, Skagit County, Kittitas County;",2018.0,12.0,True,True
2340,2018,2018-12-14 18:00:00,,,60000.0,200.0,WECC,Severe Weather,"Loss of electric service to more than 50,000 customers for 1 hour or more.",Washington: Snohomish County;,2018.0,12.0,False,True
2341,2018,2018-12-14 08:40:00,2018-12-14 10:00:00,1.3333333333333333,0.0,0.0,TRE,Suspicious Activity,"Physical threat to its Facility excluding weather or natural disaster related threats, which has the potential to degrade the normal operation of the Facility. Or suspicious device or activity at its Facility.",Texas: Jasper County;,2018.0,12.0,True,True
2342,2018,2018-12-18 08:47:00,2018-12-18 08:48:00,0.016666666666666666,0.0,0.0,WECC,Vandalism,Physical attack that could potentially impact electric power system adequacy or reliability; or vandalism which targets components of any security systems.,Utah: Salt Lake County; California: Oregon:,2018.0,12.0,True,True
2343,2018,2018-12-20 09:30:00,2018-12-20 17:00:00,7.5,165000.0,,WECC,Severe Weather,"Loss of electric service to more than 50,000 customers for 1 hour or more.","Washington: Skagit County, Snohomish County, King County, Kitsap County, Island County;",2018.0,12.0,True,True
2344,2018,2018-12-26 01:00:00,2019-01-03 10:27:00,201.45,0.0,0.0,WECC,Vandalism,Physical attack that could potentially impact electric power system adequacy or reliability; or vandalism which targets components of any security systems.,California: Kern County;,2018.0,12.0,True,True
2345,2018,2018-12-27 21:12:00,2018-12-27 21:16:00,0.06666666666666667,,,NPCC,Transmission Interruption,"Unexpected Transmission loss within its area, contrary to design, of three or more Bulk Electric System Facilities caused by a common disturbance (excluding successful automatic reclosing).",New York: New York County;,2018.0,12.0,True,False
2346,2018,2018-12-27 00:05:00,2018-12-27 01:05:00,1.0,0.0,0.0,RF,System Operations,Complete loss of monitoring or control capability at its staffed Bulk Electric System control center for 30 continuous minutes or more.,"Maryland: Montgomery County, Prince George's County; District of Columbia:",2018.0,12.0,True,True
2347,2018,2018-12-27 12:50:00,2018-12-27 13:00:00,0.16666666666666666,0.0,0.0,WECC,Vandalism,Damage or destruction of its Facility that results from actual or suspected intentional human action.,California: Kern County;,2018.0,12.0,True,True
2348,2018,2018-12-30 11:41:00,2018-12-30 13:20:00,1.65,0.0,0.0,WECC,System Operations,Complete loss of monitoring or control capability at its staffed Bulk Electric System control center for 30 continuous minutes or more.,Washington: King County;,2018.0,12.0,True,True
2349,2019,2019-01-05 13:19:00,2019-01-05 15:07:00,1.8,,0.0,WECC,System Operations,Complete loss of Interpersonal Communication and Alternative Interpersonal Communication capability affecting its staffed Bulk Electric System control center for 30 continuous minutes or more.,Washington:,2019.0,1.0,True,False
2350,2019,2019-01-06 03:00:00,2019-01-09 07:00:00,76.0,230000.0,230.0,WECC,Severe Weather,"Loss of electric service to more than 50,000 customers for 1 hour or more.",Washington:,2019.0,1.0,True,True
2351,2019,2019-01-06 17:56:00,2019-01-06 21:52:00,3.933333333333333,90382.0,300.0,WECC,Severe Weather,"Loss of electric service to more than 50,000 customers for 1 hour or more.",California: Sacramento County;,2019.0,1.0,True,True
2352,2019,2019-01-06 01:00:00,2019-01-06 12:00:00,11.0,230000.0,,WECC,Severe Weather,"Loss of electric service to more than 50,000 customers for 1 hour or more.","Washington: King County, Thurston County, Pierce County;",2019.0,1.0,True,True
2353,2019,2019-01-07 20:57:00,2019-01-07 21:32:00,0.5833333333333334,0.0,0.0,RF,System Operations,Complete loss of monitoring or control capability at its staffed Bulk Electric System control center for 30 continuous minutes or more.,Michigan:,2019.0,1.0,True,True
2354,2019,2019-01-09 11:55:00,2019-01-09 11:56:00,0.016666666666666666,0.0,0.0,WECC,Suspicious Activity,"Physical threat to its Facility excluding weather or natural disaster related threats, which has the potential to degrade the normal operation of the Facility. Or suspicious device or activity at its Facility.",New Mexico: San Juan County;,2019.0,1.0,True,True
2355,2019,2019-01-10 12:19:00,2019-01-10 12:48:00,0.48333333333333334,2.0,11.0,WECC,System Operations,"Unexpected Transmission loss within its area, contrary to design, of three or more Bulk Electric System Facilities caused by a common disturbance (excluding successful automatic reclosing).",Montana: Valley County;,2019.0,1.0,True,True
2356,2019,2019-01-11 11:36:00,2019-01-11 12:43:00,1.1166666666666667,0.0,0.0,RF,System Operations,Complete loss of monitoring or control capability at its staffed Bulk Electric System control center for 30 continuous minutes or more.,Maine:,2019.0,1.0,True,True
2357,2019,2019-01-12 11:30:00,2019-01-13 22:00:00,34.5,112530.0,,SPP RE,Severe Weather,"Loss of electric service to more than 50,000 customers for 1 hour or more.",Missouri: Jackson County; Kansas: Johnson County;,2019.0,1.0,True,True
2358,2019,2019-01-12 11:30:00,,,116600.0,,SERC,Severe Weather,"Loss of electric service to more than 50,000 customers for 1 hour or more.",Missouri: Nebraska:,2019.0,1.0,False,True
2359,2019,2019-01-12 19:20:00,2019-01-12 21:38:00,2.3,0.0,0.0,NPCC,System Operations,Complete loss of monitoring or control capability at its staffed Bulk Electric System control center for 30 continuous minutes or more.,New Hampshire:,2019.0,1.0,True,True
2360,2019,2019-01-13 05:30:00,2019-01-15 17:00:00,59.5,,,SERC,Severe Weather,"Loss of electric service to more than 50,000 customers for 1 hour or more.",North Carolina: South Carolina:,2019.0,1.0,True,False
2361,2019,2019-01-14 11:10:00,,,,,RF,Actual Physical Attack,Physical attack that could potentially impact electric power system adequacy or reliability; or vandalism which targets components of any security systems.,Michigan:,2019.0,1.0,False,False
2362,2019,2019-01-15 08:00:00,2019-01-15 08:02:00,0.03333333333333333,0.0,0.0,RF,Vandalism,Physical attack that could potentially impact electric power system adequacy or reliability; or vandalism which targets components of any security systems.,Pennsylvania:,2019.0,1.0,True,True
2363,2019,2019-01-16 17:26:00,2019-01-17 12:19:00,18.883333333333333,126700.0,190.0,WECC,Severe Weather,"Loss of electric service to more than 50,000 customers for 1 hour or more.",California:,2019.0,1.0,True,True
2364,2019,2019-01-16 05:19:00,2019-01-16 07:14:00,1.9166666666666667,0.0,0.0,TRE,System Operations,Complete loss of monitoring or control capability at its staffed Bulk Electric System control center for 30 continuous minutes or more.,Texas: Nueces County;,2019.0,1.0,True,True
2365,2019,2019-01-18 21:54:00,2019-01-19 00:19:00,2.4166666666666665,,8.0,MRO,Transmission Interruption,"Unexpected Transmission loss within its area, contrary to design, of three or more Bulk Electric System Facilities caused by a common disturbance (excluding successful automatic reclosing).",Nebraska:,2019.0,1.0,True,False
2366,2019,2019-01-23 07:26:00,2019-01-23 17:05:00,9.65,0.0,0.0,WECC,System Operations,"Unexpected Transmission loss within its area, contrary to design, of three or more Bulk Electric System Facilities caused by a common disturbance (excluding successful automatic reclosing).",Colorado: Larimer County;,2019.0,1.0,True,True
2367,2019,2019-01-24 04:39:00,2019-01-24 05:16:00,0.6166666666666667,0.0,0.0,RF,System Operations,Complete loss of monitoring or control capability at its staffed Bulk Electric System control center for 30 continuous minutes or more.,Ohio:,2019.0,1.0,True,True
2368,2019,2019-01-28 13:35:00,2019-01-28 13:40:00,0.08333333333333333,0.0,0.0,WECC,Actual Physical Attack,Damage or destruction of its Facility that results from actual or suspected intentional human action.,Utah: Iron County;,2019.0,1.0,True,True
2369,2019,2019-01-29 18:34:00,2019-01-29 18:36:00,0.03333333333333333,,,SERC,Transmission Interruption,"Unexpected Transmission loss within its area, contrary to design, of three or more Bulk Electric System Facilities caused by a common disturbance (excluding successful automatic reclosing).",Louisiana: Washington Parish;,2019.0,1.0,True,False
2370,2019,2019-01-30 16:30:00,,,0.0,0.0,WECC,Vandalism,Physical attack that could potentially impact electric power system adequacy or reliability; or vandalism which targets components of any security systems.,Washington:,2019.0,1.0,False,True
2371,2019,2019-01-30 04:23:00,2019-02-02 09:00:00,76.61666666666666,,,SERC,Fuel Supply Deficiency,Fuel supply emergencies that could impact electric power system adequacy or reliability.,Illinois: Scott County;,2019.0,1.0,True,False
2372,2019,2019-01-30 09:30:00,2019-01-31 18:00:00,32.5,,,RF,Severe Weather,Public appeal to reduce the use of electricity for purposes of maintaining the continuity of the Bulk Electric System.,Michigan:,2019.0,1.0,True,False
2373,2019,2019-01-30 07:00:00,2019-01-30 08:08:00,1.1333333333333333,,,SERC,Severe Weather,Fuel supply emergencies that could impact electric power system adequacy or reliability.,Illinois: Pike County;,2019.0,1.0,True,False
2374,2019,2019-01-31 21:33:00,2019-01-31 21:34:00,0.016666666666666666,0.0,0.0,WECC,Vandalism,Damage or destruction of its Facility that results from actual or suspected intentional human action.,California:,2019.0,1.0,True,True
2375,2019,2019-02-01 23:57:00,2019-02-02 08:49:00,8.866666666666667,1.0,,WECC,Vandalism,Damage or destruction of its Facility that results from actual or suspected intentional human action.,Nevada,2019.0,2.0,True,True
2376,2019,2019-02-01 05:35:00,2019-02-01 06:10:00,0.5833333333333334,0.0,0.0,NPCC,System Operations,Complete loss of monitoring or control capability at its staffed Bulk Electric System control center for 30 continuous minutes or more.,Massachusetts,2019.0,2.0,True,True
2377,2019,2019-02-02 10:28:00,2019-02-02 10:29:00,0.016666666666666666,0.0,0.0,WECC,Vandalism,Physical attack that could potentially impact electric power system adequacy or reliability; or vandalism which targets components of any security systems.,California,2019.0,2.0,True,True
2378,2019,2019-02-05 18:17:00,2019-02-05 20:26:00,2.15,33200.0,42.0,WECC,Severe Weather,Electrical System Separation (Islanding) where part or parts of power grid remain(s) operational in an otherwise blocked out area or within the partial failure of an integrated electrical system.,California,2019.0,2.0,True,True
2379,2019,2019-02-07 07:39:00,2019-02-07 07:40:00,0.016666666666666666,3370.0,3.0,SERC,Severe Weather/Transmission Interruption,"Unexpected Transmission loss within its area, contrary to design, of three or more Bulk Electric System Facilities caused by a common disturbance (excluding successful automatic reclosing).",Arkansas,2019.0,2.0,True,True
2380,2019,2019-02-07 08:55:00,2019-02-09 16:30:00,55.583333333333336,233000.0,,RF,Severe Weather,"Loss of electric service to more than 50,000 customers for 1 hour or more.",Michigan,2019.0,2.0,True,True
2381,2019,2019-02-08 10:00:00,2019-02-08 10:30:00,0.5,0.0,0.0,RF,Vandalism,"Physical threat to its Facility excluding weather or natural disaster related threats, which has the potential to degrade the normal operation of the Facility. Or suspicious device or activity at its Facility.",Pennsylvania,2019.0,2.0,True,True
2382,2019,2019-02-08 18:30:00,,,50940.0,,WECC,Severe Weather,"Loss of electric service to more than 50,000 customers for 1 hour or more.",Washington,2019.0,2.0,False,True
2383,2019,2019-02-13 02:48:00,2019-02-15 00:28:00,45.666666666666664,121000.0,182.0,WECC,Severe Weather,"Loss of electric service to more than 50,000 customers for 1 hour or more.",California,2019.0,2.0,True,True
2384,2019,2019-02-14 08:50:00,2019-02-14 12:10:00,3.3333333333333335,0.0,0.0,RF,Vandalism,"Physical threat to its Facility excluding weather or natural disaster related threats, which has the potential to degrade the normal operation of the Facility. Or suspicious device or activity at its Facility.",New Jersey,2019.0,2.0,True,True
2385,2019,2019-02-14 12:15:00,2019-02-14 12:16:00,0.016666666666666666,0.0,0.0,WECC,Vandalism,Physical attack that could potentially impact electric power system adequacy or reliability; or vandalism which targets components of any security systems.,Utah,2019.0,2.0,True,True
2386,2019,2019-02-19 09:45:00,,,0.0,0.0,TRE,Vandalism,Damage or destruction of its Facility that results from actual or suspected intentional human action.,Texas,2019.0,2.0,False,True
2387,2019,2019-02-20 12:50:00,2019-02-20 13:32:00,0.7,0.0,740.0,MRO,System Operations,Complete loss of monitoring or control capability at its staffed Bulk Electric System control center for 30 continuous minutes or more.,"Wisconsin, Minnesota, Iowa, Illinois",2019.0,2.0,True,True
2388,2019,2019-02-23 14:05:00,,,,,SERC,Severe Weather/Transmission Interruption,"Unexpected Transmission loss within its area, contrary to design, of three or more Bulk Electric System Facilities caused by a common disturbance (excluding successful automatic reclosing).",Virginia,2019.0,2.0,False,False
2389,2019,2019-02-24 18:00:00,2019-02-25 22:00:00,28.0,132000.0,,RF,Severe Weather,"Loss of electric service to more than 50,000 customers for 1 hour or more.",Pennsylvania,2019.0,2.0,True,True
2390,2019,2019-02-24 11:21:00,2019-02-26 17:29:00,54.13333333333333,118781.0,,RF,Severe Weather,"Loss of electric service to more than 50,000 customers for 1 hour or more.","Ohio, Virginia, West Virginia",2019.0,2.0,True,True
2391,2019,2019-02-24 18:47:00,2019-02-25 13:55:00,19.133333333333333,137216.0,,RF,Severe Weather,"Loss of electric service to more than 50,000 customers for 1 hour or more.",Pennsylvania,2019.0,2.0,True,True
2392,2019,2019-02-24 12:31:00,2019-02-24 14:57:00,2.433333333333333,157274.0,,RF,Severe Weather,"Loss of electric service to more than 50,000 customers for 1 hour or more.",Ohio,2019.0,2.0,True,True
2393,2019,2019-02-24 14:33:00,2019-02-24 18:03:00,3.5,94048.0,,RF,Severe Weather,"Loss of electric service to more than 50,000 customers for 1 hour or more.",Pennsylvania,2019.0,2.0,True,True
2394,2019,2019-02-24 20:02:00,2019-02-25 14:30:00,18.466666666666665,115000.0,,RF,Severe Weather,"Loss of electric service to more than 50,000 customers for 1 hour or more.",Michigan,2019.0,2.0,True,True
2395,2019,2019-02-25 07:45:00,2019-02-25 18:40:00,10.916666666666666,0.0,0.0,NPCC,Transmission Interruption,"Unexpected Transmission loss within its area, contrary to design, of three or more Bulk Electric System Facilities caused by a common disturbance (excluding successful automatic reclosing).",Massachusetts,2019.0,2.0,True,True
2396,2019,2019-02-25 13:35:00,2019-02-26 02:50:00,13.25,72332.0,,NPCC,Severe Weather,"Loss of electric service to more than 50,000 customers for 1 hour or more.","Connecticut, Massachusetts, New Hampshire, Maine, Vermont, Rhode Island",2019.0,2.0,True,True
2397,2019,2019-02-27 11:25:00,2019-02-27 17:39:00,6.233333333333333,0.0,0.0,MRO,Transmission Interruption,"Unexpected Transmission loss within its area, contrary to design, of three or more Bulk Electric System Facilities caused by a common disturbance (excluding successful automatic reclosing).",Iowa,2019.0,2.0,True,True
2398,2019,2019-02-27 21:35:00,2019-02-27 21:45:00,0.16666666666666666,0.0,0.0,SERC,Suspicious Activity,"Physical threat to its Facility excluding weather or natural disaster related threats, which has the potential to degrade the normal operation of the Facility. Or suspicious device or activity at its Facility.",South Carolina,2019.0,2.0,True,True
2399,2019,2019-02-28 07:02:00,2019-02-28 07:33:00,0.5166666666666667,0.0,0.0,SPP RE,System Operations,Complete loss of monitoring or control capability at its staffed Bulk Electric System control center for 30 continuous minutes or more.,"Oklahoma, Arkansas, Louisiana",2019.0,2.0,True,True
2400,2019,2019-03-04 11:39:00,2019-03-08 16:52:00,101.21666666666667,0.0,0.0,SPP RE,Vandalism,Damage or destruction of its Facility that results from actual or suspected intentional human action.,Oklahoma:,2019.0,3.0,True,True
2401,2019,2019-03-05 09:12:00,2019-03-05 18:57:00,9.75,0.0,0.0,WECC,System Operations,Cyber event that causes interruptions of electrical system operations.,"California: Kern County, Los Angeles County; Utah: Salt Lake County; Wyoming: Converse County;",2019.0,3.0,True,True
2402,2019,2019-03-13 15:51:00,2019-03-16 18:00:00,74.15,54290.0,50.0,TRE,Severe Weather/Transmission Interruption,"Loss of electric service to more than 50,000 customers for 1 hour or more.",Texas:,2019.0,3.0,True,True
2403,2019,2019-03-13 11:29:00,2019-03-14 21:11:00,33.7,58379.0,58.0,WECC,Severe Weather,"Loss of electric service to more than 50,000 customers for 1 hour or more.",Colorado: Jefferson County;,2019.0,3.0,True,True
2404,2019,2019-03-13 05:50:00,2019-03-13 10:30:00,4.666666666666667,154124.0,,TRE,Severe Weather,"Loss of electric service to more than 50,000 customers for 1 hour or more.","Texas: Midland County, Ector County, Tarrant County, Dallas County, Wichita County, Brown County;",2019.0,3.0,True,True
2405,2019,2019-03-13 15:00:00,2019-03-14 00:00:00,9.0,66000.0,,TRE,Severe Weather/Transmission Interruption,"Loss of electric service to more than 50,000 customers for 1 hour or more.",Texas: Kansas: Oklahoma:,2019.0,3.0,True,True
2406,2019,2019-03-13 06:12:00,2019-03-13 06:13:00,0.016666666666666666,0.0,0.0,WECC,Vandalism,Damage or destruction of its Facility that results from actual or suspected intentional human action.,California: Los Angeles County;,2019.0,3.0,True,True
2407,2019,2019-03-19 22:53:00,2019-03-19 22:54:00,0.016666666666666666,0.0,0.0,SPP RE,Vandalism,Damage or destruction of its Facility that results from actual or suspected intentional human action.,Oklahoma:,2019.0,3.0,True,True
2408,2019,2019-03-21 10:00:00,2019-03-21 10:05:00,0.08333333333333333,0.0,0.0,WECC,Vandalism,Physical attack that could potentially impact electric power system adequacy or reliability; or vandalism which targets components of any security systems.,Utah: Salt Lake County;,2019.0,3.0,True,True
2409,2019,2019-03-25 07:47:00,2019-03-25 07:48:00,0.016666666666666666,,5.0,WECC,Actual Physical Attack,Physical attack that could potentially impact electric power system adequacy or reliability; or vandalism which targets components of any security systems.,Oregon: Lane County;,2019.0,3.0,True,False
2410,2019,2019-03-29 23:36:00,2019-03-30 02:00:00,2.4,0.0,0.0,WECC,Suspicious Activity,Physical attack that could potentially impact electric power system adequacy or reliability; or vandalism which targets components of any security systems.,"California: San Diego County, Los Angeles County;",2019.0,3.0,True,True
2411,2019,2019-04-01 14:15:00,2019-04-06 17:20:00,123.08333333333333,0.0,0.0,WECC,Actual Physical Attack,Damage or destruction of its Facility that results from actual or suspected intentional human action.,"Nevada: Carson City, Consolidated Municipality of[19], Washoe County, Churchill County;",2019.0,4.0,True,True
2412,2019,2019-04-01 06:51:00,2019-04-01 07:53:00,1.0333333333333334,0.0,0.0,NPCC,System Operations,Complete loss of monitoring or control capability at its staffed Bulk Electric System control center for 30 continuous minutes or more.,New York: Broome County;,2019.0,4.0,True,True
2413,2019,2019-04-01 06:51:00,2019-04-01 07:53:00,1.0333333333333334,0.0,0.0,NPCC,System Operations,Complete loss of monitoring or control capability at its staffed Bulk Electric System control center for 30 continuous minutes or more.,New York: Monroe County;,2019.0,4.0,True,True
2414,2019,2019-04-02 08:33:00,2019-04-02 09:00:00,0.45,0.0,0.0,WECC,Vandalism,Damage or destruction of its Facility that results from actual or suspected intentional human action.,California: Kern County;,2019.0,4.0,True,True
2415,2019,2019-04-02 10:15:00,2019-04-02 10:16:00,0.016666666666666666,0.0,0.0,WECC,Vandalism,Physical attack that could potentially impact electric power system adequacy or reliability; or vandalism which targets components of any security systems.,Utah: Salt Lake County;,2019.0,4.0,True,True
2416,2019,2019-04-03 05:15:00,2019-04-03 12:39:00,7.4,0.0,0.0,WECC,Fuel Supply Deficiency,Fuel supply emergencies that could impact electric power system adequacy or reliability.,California: Fresno County;,2019.0,4.0,True,True
2417,2019,2019-04-04 10:13:00,2019-04-04 12:08:00,1.9166666666666667,0.0,0.0,WECC,Transmission Interruption,"Unexpected Transmission loss within its area, contrary to design, of three or more Bulk Electric System Facilities caused by a common disturbance (excluding successful automatic reclosing).",Montana:,2019.0,4.0,True,True
2418,2019,2019-04-07 13:46:00,2019-04-08 17:50:00,28.066666666666666,231956.0,537.0,TRE,Severe Weather,"Loss of electric service to more than 50,000 customers for 1 hour or more.",Texas:,2019.0,4.0,True,True
2419,2019,2019-04-10 11:59:00,2019-04-10 12:00:00,0.016666666666666666,0.0,0.0,SERC,Suspicious Activity,"Physical threat to its Facility excluding weather or natural disaster related threats, which has the potential to degrade the normal operation of the Facility. Or suspicious device or activity at its Facility.",Virginia:,2019.0,4.0,True,True
2420,2019,2019-04-11 19:48:00,2019-04-11 20:00:00,0.2,0.0,0.0,WECC,Transmission Interruption,"Unexpected Transmission loss within its area, contrary to design, of three or more Bulk Electric System Facilities caused by a common disturbance (excluding successful automatic reclosing).",Oregon: Washington:,2019.0,4.0,True,True
2421,2019,2019-04-12 11:20:00,2019-04-12 12:46:00,1.4333333333333333,0.0,0.0,MRO,Transmission Interruption,"Unexpected Transmission loss within its area, contrary to design, of three or more Bulk Electric System Facilities caused by a common disturbance (excluding successful automatic reclosing).",Minnesota: Martin County;,2019.0,4.0,True,True
2422,2019,2019-04-13 18:15:00,2019-04-13 23:15:00,5.0,60467.0,,SERC,Severe Weather,"Loss of electric service to more than 50,000 customers for 1 hour or more.",Mississippi: Arkansas: Texas: Louisiana:,2019.0,4.0,True,True
2423,2019,2019-04-15 04:35:00,2019-04-15 14:40:00,10.083333333333334,75290.0,,SERC,Severe Weather,"Loss of electric service to more than 50,000 customers for 1 hour or more.",Virginia:,2019.0,4.0,True,True
2424,2019,2019-04-15 10:00:00,2019-04-15 14:00:00,4.0,0.0,0.0,MRO,Vandalism,Damage or destruction of its Facility that results from actual or suspected intentional human action.,Minnesota:,2019.0,4.0,True,True
2425,2019,2019-04-16 10:30:00,2019-04-16 11:00:00,0.5,0.0,0.0,WECC,Vandalism,Damage or destruction of its Facility that results from actual or suspected intentional human action.,California: Kern County;,2019.0,4.0,True,True
2426,2019,2019-04-17 19:38:00,2019-04-17 23:52:00,4.233333333333333,0.0,0.0,WECC,System Operations,Complete loss of monitoring or control capability at its staffed Bulk Electric System control center for 30 continuous minutes or more.,Arizona:,2019.0,4.0,True,True
2427,2019,2019-04-18 20:08:00,2019-04-19 11:00:00,14.866666666666667,0.0,0.0,WECC,Transmission Interruption,"Unexpected Transmission loss within its area, contrary to design, of three or more Bulk Electric System Facilities caused by a common disturbance (excluding successful automatic reclosing).",Colorado: Clear Creek County;,2019.0,4.0,True,True
2428,2019,2019-04-18 19:55:00,2019-04-19 17:29:00,21.566666666666666,34695.0,116.0,SERC,Severe Weather,"Loss of electric service to more than 50,000 customers for 1 hour or more.",Alabama: Mississippi: Georgia: Florida:,2019.0,4.0,True,True
2429,2019,2019-04-21 10:40:00,2019-04-21 10:45:00,0.08333333333333333,0.0,0.0,WECC,Vandalism,Damage or destruction of its Facility that results from actual or suspected intentional human action.,Utah: Salt Lake County;,2019.0,4.0,True,True
2430,2019,2019-04-25 18:03:00,2019-04-25 18:32:00,0.48333333333333334,51366.0,150.0,WECC,Generation Inadequacy,Firm load shedding of 100 Megawatts or more implemented under emergency operational policy.,Arizona: Maricopa County;,2019.0,4.0,True,True
2431,2019,2019-04-26 01:00:00,2019-04-26 13:27:00,12.45,5830.0,7.0,RF,Transmission Interruption,"Unexpected Transmission loss within its area, contrary to design, of three or more Bulk Electric System Facilities caused by a common disturbance (excluding successful automatic reclosing).",Pennsylvania:,2019.0,4.0,True,True
2432,2019,2019-04-26 17:46:00,2019-04-27 11:49:00,18.05,54071.0,,SERC,Severe Weather,"Loss of electric service to more than 50,000 customers for 1 hour or more.",North Carolina: South Carolina:,2019.0,4.0,True,True
2433,2019,2019-04-26 15:16:00,2019-04-26 15:17:00,0.016666666666666666,0.0,0.0,NPCC,Severe Weather/Transmission Interruption,"Unexpected Transmission loss within its area, contrary to design, of three or more Bulk Electric System Facilities caused by a common disturbance (excluding successful automatic reclosing).",Massachusetts: Hampden County[13];,2019.0,4.0,True,True
2434,2019,2019-04-28 13:40:00,2019-04-28 14:49:00,1.15,0.0,0.0,SERC,System Operations,Complete loss of monitoring or control capability at its staffed Bulk Electric System control center for 30 continuous minutes or more.,South Carolina:,2019.0,4.0,True,True
2435,2019,2019-04-28 10:43:00,2019-04-29 02:06:00,15.383333333333333,0.0,0.0,RF,Transmission Interruption,"Unexpected Transmission loss within its area, contrary to design, of three or more Bulk Electric System Facilities caused by a common disturbance (excluding successful automatic reclosing).",Ohio:,2019.0,4.0,True,True
2436,2019,2019-04-29 17:17:00,2019-04-30 09:22:00,16.083333333333332,0.0,0.0,SERC,Vandalism,Damage or destruction of its Facility that results from actual or suspected intentional human action.,Virginia: Surry County;,2019.0,4.0,True,True
2437,2019,2019-04-30 12:25:00,2019-04-30 13:11:00,0.7666666666666667,0.0,0.0,RF,System Operations,Complete loss of monitoring or control capability at its staffed Bulk Electric System control center for 30 continuous minutes or more.,Indiana:,2019.0,4.0,True,True
2438,2019,2019-05-08 09:22:00,2019-05-08 09:56:00,0.5666666666666667,1.0,29.0,RF,Transmission Interruption,"Unexpected Transmission loss within its area, contrary to design, of three or more Bulk Electric System Facilities caused by a common disturbance (excluding successful automatic reclosing).",Pennsylvania: Mercer County;,2019.0,5.0,True,True
2439,2019,2019-05-08 15:50:00,2019-05-13 00:00:00,104.16666666666667,65844.0,,SPP RE,Severe Weather/Distribution Interruption,"Loss of electric service to more than 50,000 customers for 1 hour or more.",Louisiana: Texas:,2019.0,5.0,True,True
2440,2019,2019-05-09 17:55:00,2019-05-11 20:50:00,50.916666666666664,238015.0,691.0,TRE,Severe Weather,"Loss of electric service to more than 50,000 customers for 1 hour or more.",Texas: Harris County;,2019.0,5.0,True,True
2441,2019,2019-05-09 19:06:00,2019-05-10 02:57:00,7.85,0.0,0.0,TRE,Severe Weather/Transmission Interruption,"Unexpected Transmission loss within its area, contrary to design, of three or more Bulk Electric System Facilities caused by a common disturbance (excluding successful automatic reclosing).",Texas: Harris County;,2019.0,5.0,True,True
2442,2019,2019-05-10 02:00:00,2019-05-10 12:15:00,10.25,61008.0,,TRE,Severe Weather,"Loss of electric service to more than 50,000 customers for 1 hour or more.",Texas:,2019.0,5.0,True,True
2443,2019,2019-05-11 14:08:00,2019-05-11 15:00:00,0.8666666666666667,0.0,0.0,WECC,Vandalism,Damage or destruction of its Facility that results from actual or suspected intentional human action.,California: Kern County;,2019.0,5.0,True,True
2444,2019,2019-05-15 12:10:00,2019-05-15 12:11:00,0.016666666666666666,,,RF,Suspicious Activity,"Physical threat to its Facility excluding weather or natural disaster related threats, which has the potential to degrade the normal operation of the Facility. Or suspicious device or activity at its Facility.",West Virginia:,2019.0,5.0,True,False
2445,2019,2019-05-18 15:45:00,2019-05-20 04:00:00,36.25,68000.0,,TRE,Severe Weather,"Loss of electric service to more than 50,000 customers for 1 hour or more.","Texas: Ector County, Midland County, Tarrant County, Dallas County, Stephens County, Anderson County, McLennan County, Ellis County, Hunt County, Young County, Bell County, Limestone County, Collin County, Rockwall County, Henderson County, Parker County, Falls County, Freestone County, Kaufman County, Grayson County, Smith County;",2019.0,5.0,True,True
2446,2019,2019-05-18 01:55:00,2019-05-18 15:06:00,13.183333333333334,0.0,30.0,WECC,Vandalism,Physical attack that could potentially impact electric power system adequacy or reliability; or vandalism which targets components of any security systems.,Colorado: Wyoming: Nebraska: Utah: Daggett County; New Mexico:,2019.0,5.0,True,True
2447,2019,2019-05-23 16:55:00,2019-05-23 23:40:00,6.75,100000.0,,SERC,Severe Weather,"Loss of electric service to more than 50,000 customers for 1 hour or more.",Virginia:,2019.0,5.0,True,True
2448,2019,2019-05-23 01:11:00,2019-05-23 12:00:00,10.816666666666666,0.0,0.0,RF,Severe Weather/Transmission Interruption,"Unexpected Transmission loss within its area, contrary to design, of three or more Bulk Electric System Facilities caused by a common disturbance (excluding successful automatic reclosing).",Indiana:,2019.0,5.0,True,True
2449,2019,2019-05-24 07:28:00,2019-05-24 08:30:00,1.0333333333333334,0.0,0.0,SERC,System Operations,Complete loss of monitoring or control capability at its staffed Bulk Electric System control center for 30 continuous minutes or more.,Kentucky: Shelby County;,2019.0,5.0,True,True
2450,2019,2019-05-24 20:09:00,2019-05-25 14:23:00,18.233333333333334,0.0,0.0,MRO,System Operations,Complete loss of monitoring or control capability at its staffed Bulk Electric System control center for 30 continuous minutes or more.,North Dakota: Minnesota:,2019.0,5.0,True,True
2451,2019,2019-05-24 21:47:00,2019-05-24 23:58:00,2.183333333333333,10961.0,20.0,WECC,Severe Weather,Electrical System Separation (Islanding) where part or parts of power grid remain(s) operational in an otherwise blocked out area or within the partial failure of an integrated electrical system,California:,2019.0,5.0,True,True
2452,2019,2019-05-27 22:07:00,2019-05-28 03:00:00,4.883333333333334,70000.0,347.0,RF,Severe Weather/Transmission Interruption,"Loss of electric service to more than 50,000 customers for 1 hour or more.","Ohio: Montgomery County, Darke County, Mercer County, Miami County, Greene County;",2019.0,5.0,True,True
2453,2019,2019-06-02 18:19:00,2019-06-02 20:43:00,2.4,,,WECC,Severe Weather/Transmission Interruption,Electrical System Separation (Islanding) where part or parts of power grid remain(s) operational in an otherwise blocked out area or within the partial failure of an integrated electrical system.,California:,2019.0,6.0,True,False
2454,2019,2019-06-04 10:15:00,2019-06-04 13:15:00,3.0,0.0,0.0,WECC,Suspicious Activity,"Physical threat to its Facility excluding weather or natural disaster related threats, which has the potential to degrade the normal operation of the Facility. Or suspicious device or activity at its Facility.",Nevada: Washoe County;,2019.0,6.0,True,True
2455,2019,2019-06-05 08:37:00,2019-06-05 08:40:00,0.05,0.0,0.0,WECC,Vandalism,"Physical threat to its Facility excluding weather or natural disaster related threats, which has the potential to degrade the normal operation of the Facility. Or suspicious device or activity at its Facility.",Idaho: Bannock County;,2019.0,6.0,True,True
2456,2019,2019-06-05 10:16:00,2019-06-05 10:17:00,0.016666666666666666,0.0,0.0,MRO,Vandalism,Damage or destruction of its Facility that results from actual or suspected intentional human action.,South Dakota: Lincoln County;,2019.0,6.0,True,True
2457,2019,2019-06-05 09:46:00,2019-06-05 12:00:00,2.2333333333333334,0.0,0.0,WECC,Vandalism,Damage or destruction of its Facility that results from actual or suspected intentional human action.,California: Kern County;,2019.0,6.0,True,True
2458,2019,2019-06-06 18:09:00,2019-06-06 18:35:00,0.43333333333333335,55017.0,,TRE,Severe Weather,"Loss of electric service to more than 50,000 customers for 1 hour or more.",Texas: Bexar County;,2019.0,6.0,True,True
2459,2019,2019-06-07 14:43:00,2019-06-07 16:20:00,1.6166666666666667,1.0,8.0,TRE,Transmission Interruption,"Unexpected Transmission loss within its area, contrary to design, of three or more Bulk Electric System Facilities caused by a common disturbance (excluding successful automatic reclosing).",Texas: Pecos County;,2019.0,6.0,True,True
2460,2019,2019-06-08 15:50:00,2019-06-08 19:40:00,3.8333333333333335,0.0,0.0,TRE,Transmission Interruption,"Unexpected Transmission loss within its area, contrary to design, of three or more Bulk Electric System Facilities caused by a common disturbance (excluding successful automatic reclosing).",Texas: Potter County;,2019.0,6.0,True,True
2461,2019,2019-06-09 14:45:00,2019-06-13 22:30:00,103.75,558000.0,,TRE,Severe Weather,"Loss of electric service to more than 50,000 customers for 1 hour or more.","Texas: Collin County, Dallas County, Denton County, Palo Pinto County, Tarrant County, Ellis County, Williamson County;",2019.0,6.0,True,True
2462,2019,2019-06-11 15:11:00,2019-06-11 17:00:00,1.8166666666666667,0.0,0.0,MRO,Vandalism,Damage or destruction of its Facility that results from actual or suspected intentional human action.,"North Dakota: Mountrail County, Williams County;",2019.0,6.0,True,True
2463,2019,2019-06-11 07:52:00,2019-06-11 07:53:00,0.016666666666666666,0.0,0.0,WECC,Vandalism,Physical attack that could potentially impact electric power system adequacy or reliability; or vandalism which targets components of any security systems.,Utah:,2019.0,6.0,True,True
2464,2019,2019-06-12 14:56:00,2019-06-12 15:50:00,0.9,30907.0,982.0,WECC,Generation Inadequacy,Firm load shedding of 100 Megawatts or more implemented under emergency operational policy.,"California: Imperial County, Riverside County;",2019.0,6.0,True,True
2465,2019,2019-06-16 02:00:00,2019-06-17 23:59:00,45.983333333333334,340000.0,,TRE,Severe Weather,"Loss of electric service to more than 50,000 customers for 1 hour or more.","Texas: Dallas County, Tarrant County, Collin County, Denton County;",2019.0,6.0,True,True
2466,2019,2019-06-16 03:25:00,,,,,SPP RE,Severe Weather/Transmission Interruption,"Unexpected Transmission loss within its area, contrary to design, of three or more Bulk Electric System Facilities caused by a common disturbance (excluding successful automatic reclosing).",Oklahoma:,2019.0,6.0,False,False
2467,2019,2019-06-18 06:21:00,2019-06-18 06:40:00,0.31666666666666665,0.0,0.0,WECC,Suspicious Activity,"Physical threat to its Facility excluding weather or natural disaster related threats, which has the potential to degrade the normal operation of the Facility. Or suspicious device or activity at its Facility.",Washington: Grant County;,2019.0,6.0,True,True
2468,2019,2019-06-19 11:00:00,2019-06-19 11:01:00,0.016666666666666666,0.0,0.0,SPP RE,Vandalism,Damage or destruction of its Facility that results from actual or suspected intentional human action.,Oklahoma:,2019.0,6.0,True,True
2469,2019,2019-06-19 22:30:00,2019-06-20 19:00:00,20.5,82045.0,,SPP RE,Severe Weather,"Loss of electric service to more than 50,000 customers for 1 hour or more.",Arkansas:,2019.0,6.0,True,True
2470,2019,2019-06-19 15:00:00,,,0.0,0.0,WECC,Vandalism,Damage or destruction of its Facility that results from actual or suspected intentional human action.,Nevada: Clark County;,2019.0,6.0,False,True
2471,2019,2019-06-20 16:11:00,2019-06-21 12:45:00,20.566666666666666,60000.0,,SERC,Severe Weather,"Loss of electric service to more than 50,000 customers for 1 hour or more.",Virginia:,2019.0,6.0,True,True
2472,2019,2019-06-21 18:36:00,2019-06-21 19:27:00,0.85,0.0,0.0,NPCC,System Operations,Complete loss of monitoring or control capability at its staffed Bulk Electric System control center for 30 continuous minutes or more.,Maine:,2019.0,6.0,True,True
2473,2019,2019-06-21 19:15:00,,,50000.0,,SERC,Severe Weather,Electrical System Separation (Islanding) where part or parts of power grid remain(s) operational in an otherwise blocked out area or within the partial failure of an integrated electrical system.,Kentucky: Tennessee:,2019.0,6.0,False,True
2474,2019,2019-06-21 10:00:00,2019-06-21 11:00:00,1.0,0.0,0.0,WECC,Vandalism,Damage or destruction of its Facility that results from actual or suspected intentional human action.,California: Kern County;,2019.0,6.0,True,True
2475,2019,2019-06-22 20:46:00,2019-06-23 00:30:00,3.7333333333333334,34637.0,115.0,SERC,Severe Weather,"Loss of electric service to more than 50,000 customers for 1 hour or more.",Alabama: Georgia:,2019.0,6.0,True,True
2476,2019,2019-06-23 22:00:00,2019-06-25 23:00:00,49.0,265000.0,,TRE,Severe Weather,"Loss of electric service to more than 50,000 customers for 1 hour or more.","Texas: Dallas County, Denton County, Ellis County, Collin County, Ellis County, Hood County, Johnson County, Kaufman County;",2019.0,6.0,True,True
2477,2019,2019-06-23 05:13:00,2019-06-23 10:58:00,5.75,16199.0,47.0,SPP RE,Transmission Interruption,"Unexpected Transmission loss within its area, contrary to design, of three or more Bulk Electric System Facilities caused by a common disturbance (excluding successful automatic reclosing).",Arkansas:,2019.0,6.0,True,True
2478,2019,2019-06-24 09:40:00,2019-06-24 15:17:00,5.616666666666666,0.0,0.0,SPP RE,System Operations,Unplanned evacuation from its Bulk Electric System control center facility for 30 continuous minutes or more.,Oklahoma: Oklahoma County;,2019.0,6.0,True,True
2479,2019,2019-06-24 05:30:00,2019-06-24 08:45:00,3.25,56451.0,,SPP RE,Severe Weather,"Loss of electric service to more than 50,000 customers for 1 hour or more.",Arkansas:,2019.0,6.0,True,True
2480,2019,2019-06-26 13:58:00,2019-06-26 14:03:00,0.08333333333333333,0.0,53.0,MRO,Transmission Interruption,"Unexpected Transmission loss within its area, contrary to design, of three or more Bulk Electric System Facilities caused by a common disturbance (excluding successful automatic reclosing).",North Dakota: Williams County;,2019.0,6.0,True,True
2481,2019,2019-06-28 14:25:00,,,0.0,0.0,WECC,Transmission Interruption,"Unexpected Transmission loss within its area, contrary to design, of three or more Bulk Electric System Facilities caused by a common disturbance (excluding successful automatic reclosing).",Idaho: Nez Perce County;,2019.0,6.0,False,True
2482,2019,2019-06-30 15:15:00,2019-06-30 16:15:00,1.0,52498.0,3189.0,NPCC,Severe Weather,"Loss of electric service to more than 50,000 customers for 1 hour or more.","New York: Nassau County, Suffolk County;",2019.0,6.0,True,True
2483,2019,2019-06-30 15:30:00,2019-06-30 20:30:00,5.0,100000.0,,SERC,Severe Weather,"Loss of electric service to more than 50,000 customers for 1 hour or more.","Illinois: Cook County, DeKalb County, DuPage County, Grundy County, Iroquois County, Ford County, Lake County, Kendall County, Kankakee County, Kane County, Ogle County;",2019.0,6.0,True,True
2484,2019,2019-07-02 13:00:00,2019-07-02 13:22:00,0.36666666666666664,0.0,0.0,WECC,Vandalism,Damage or destruction of its Facility that results from actual or suspected intentional human action.,Idaho: Ada County;,2019.0,7.0,True,True
2485,2019,2019-07-06 22:00:00,2019-07-07 13:57:00,15.95,3000.0,,SERC,Vandalism,Physical attack that could potentially impact electric power system adequacy or reliability; or vandalism which targets components of any security systems.,Mississippi: Panola County;,2019.0,7.0,True,True
2486,2019,2019-07-09 01:59:00,2019-07-09 15:50:00,13.85,0.0,0.0,SPP RE,Vandalism,Damage or destruction of its Facility that results from actual or suspected intentional human action.,Texas: Louisiana: Arkansas: Mississippi:,2019.0,7.0,True,True
2487,2019,2019-07-10 12:10:00,2019-07-12 12:30:00,48.333333333333336,57000.0,,TRE,Severe Weather,"Loss of electric service to more than 50,000 customers for 1 hour or more.","Texas: Collin County, Dallas County, Denton County, Hood County, Johnson County, Tarrant County;",2019.0,7.0,True,True
2488,2019,2019-07-10 12:00:00,2019-07-10 12:15:00,0.25,0.0,0.0,WECC,Vandalism,Damage or destruction of its Facility that results from actual or suspected intentional human action.,Utah: Salt Lake County;,2019.0,7.0,True,True
2489,2019,2019-07-11 11:08:00,2019-07-11 11:13:00,0.08333333333333333,2043.0,26.0,TRE,Transmission Interruption,"Unexpected Transmission loss within its area, contrary to design, of three or more Bulk Electric System Facilities caused by a common disturbance (excluding successful automatic reclosing).",Texas: Lynn County;,2019.0,7.0,True,True
2490,2019,2019-07-13 23:55:00,2019-07-14 13:00:00,13.083333333333334,63000.0,,SERC,Severe Weather,"Loss of electric service to more than 50,000 customers for 1 hour or more.","Louisiana: Acadia Parish, Avoyelles Parish, Catahoula Parish, Evangeline Parish, Grant Parish, Iberia Parish, LaSalle Parish, Natchitoches Parish, Rapides Parish, Sabine Parish, St. Landry Parish, St. Martin Parish, St. Mary Parish, St. Tammany Parish, Allen Parish, Beauregard Parish, Calcasieu Parish, Vermilion Parish, De Soto Parish, Jefferson Davis Parish, Red River Parish, Tangipahoa Parish, Vernon Parish, Washington Parish;",2019.0,7.0,True,True
2491,2019,2019-07-13 07:15:00,2019-07-14 17:00:00,33.75,55730.0,,SERC,Severe Weather,"Loss of electric service to more than 50,000 customers for 1 hour or more.",Louisiana:,2019.0,7.0,True,True
2492,2019,2019-07-13 18:47:00,2019-07-13 23:37:00,4.833333333333333,72669.0,452.0,NPCC,Transmission Interruption,Uncontrolled loss of 300 Megawatts or more of firm system loads for 15 minutes or more from a single incident,New York: New York County;,2019.0,7.0,True,True
2493,2019,2019-07-17 14:12:00,2019-07-17 14:30:00,0.3,0.0,0.0,SPP RE,Suspicious Activity,"Physical threat to its Facility excluding weather or natural disaster related threats, which has the potential to degrade the normal operation of the Facility. Or suspicious device or activity at its Facility.",Oklahoma: Oklahoma County;,2019.0,7.0,True,True
2494,2019,2019-07-19 19:00:00,2019-07-21 20:00:00,49.0,400000.0,,RF,Severe Weather,"Loss of electric service to more than 50,000 customers for 1 hour or more.",Michigan:,2019.0,7.0,True,True
2495,2019,2019-07-19 09:55:00,2019-07-19 13:00:00,3.0833333333333335,,,MRO,System Operations,Unplanned evacuation from its Bulk Electric System control center facility for 30 continuous minutes or more.,Wisconsin: Dane County;,2019.0,7.0,True,False
2496,2019,2019-07-20 07:37:00,2019-07-20 09:20:00,1.7166666666666666,0.0,0.0,SERC,Suspicious Activity,"Physical threat to its Bulk Electric System control center, excluding weather or natural disaster related threats, which has the potential to degrade the normal operation of the control center. Or suspicious device or activity at its Bulk Electric System control center.",Missouri: Boone County;,2019.0,7.0,True,True
2497,2019,2019-07-20 11:55:00,2019-07-23 00:00:00,60.083333333333336,50000.0,200.0,RF,Severe Weather,"Loss of electric service to more than 50,000 customers for 1 hour or more.",Wisconsin: Michigan:,2019.0,7.0,True,True
2498,2019,2019-07-20 03:00:00,2019-07-22 07:00:00,52.0,160000.0,,RF,Severe Weather,"Loss of electric service to more than 50,000 customers for 1 hour or more.","Michigan: Kent County, Newaygo County, Mecosta County, Montcalm County, Isabella County, Ionia County, Allegan County, Barry County;",2019.0,7.0,True,True
2499,2019,2019-07-21 23:00:00,2019-07-22 20:54:00,21.9,45000.0,60.0,NPCC,Severe Weather,"Loss of electric service to more than 50,000 customers for 1 hour or more.","New York: Kings County, New York County, Queens County, Bronx County, Westchester County, Richmond County;",2019.0,7.0,True,True
2500,2019,2019-07-22 16:00:00,2019-07-24 23:00:00,55.0,165000.0,,RF,Severe Weather,"Loss of electric service to more than 50,000 customers for 1 hour or more.","Pennsylvania: Bucks County, Delaware County;",2019.0,7.0,True,True
2501,2019,2019-07-22 17:50:00,2019-07-25 13:15:00,67.41666666666667,95600.0,49.0,RF,Severe Weather,"Loss of electric service to more than 50,000 customers for 1 hour or more.",New Jersey: Gloucester County;,2019.0,7.0,True,True
2502,2019,2019-07-23 23:55:00,2019-07-23 23:56:00,0.016666666666666666,0.0,0.0,MRO,Transmission Interruption,"Unexpected Transmission loss within its area, contrary to design, of three or more Bulk Electric System Facilities caused by a common disturbance (excluding successful automatic reclosing).",Nebraska:,2019.0,7.0,True,True
2503,2019,2019-07-23 03:22:00,2019-07-23 05:40:00,2.3,25.0,,WECC,Vandalism,Damage or destruction of its Facility that results from actual or suspected intentional human action.,California: Santa Cruz County;,2019.0,7.0,True,True
2504,2019,2019-07-23 23:55:00,2019-07-24 05:22:00,5.45,0.0,0.0,MRO,Transmission Interruption,"Unexpected Transmission loss within its area, contrary to design, of three or more Bulk Electric System Facilities caused by a common disturbance (excluding successful automatic reclosing).",Nebraska: Scotts Bluff County;,2019.0,7.0,True,True
2505,2019,2019-07-23 15:39:00,2019-07-23 19:00:00,3.35,54535.0,54.0,NPCC,Severe Weather,"Loss of electric service to more than 50,000 customers for 1 hour or more.",Massachusetts:,2019.0,7.0,True,True
2506,2019,2019-07-24 13:30:00,2019-07-24 13:31:00,0.016666666666666666,1.0,,WECC,Vandalism,Damage or destruction of its Facility that results from actual or suspected intentional human action.,Utah: Iron County;,2019.0,7.0,True,True
2507,2019,2019-07-24 08:01:00,2019-07-24 12:49:00,4.8,0.0,0.0,NPCC,System Operations,Complete loss of monitoring or control capability at its staffed Bulk Electric System control center for 30 continuous minutes or more.,Maine:,2019.0,7.0,True,True
2508,2019,2019-07-28 18:48:00,2019-07-28 19:18:00,0.5,0.0,0.0,RF,System Operations,Complete loss of monitoring or control capability at its staffed Bulk Electric System control center for 30 continuous minutes or more.,Michigan:,2019.0,7.0,True,True
2509,2019,2019-07-30 08:45:00,2019-07-30 09:45:00,1.0,13720.0,,SERC,Severe Weather/Transmission Interruption,"Unexpected Transmission loss within its area, contrary to design, of three or more Bulk Electric System Facilities caused by a common disturbance (excluding successful automatic reclosing).",Louisiana:,2019.0,7.0,True,True
2510,2019,2019-08-02 18:24:00,2019-08-02 19:28:00,1.0666666666666667,0.0,0.0,WECC,System Operations,Unplanned evacuation from its Bulk Electric System control center facility for 30 continuous minutes or more.,Washington: Clark County;,2019.0,8.0,True,True
2511,2019,2019-08-02 01:49:00,2019-08-02 01:55:00,0.1,0.0,0.0,MRO,Transmission Interruption,"Unexpected Transmission loss within its area, contrary to design, of three or more Bulk Electric System Facilities caused by a common disturbance (excluding successful automatic reclosing).",Minnesota: Chisago County;,2019.0,8.0,True,True
2512,2019,2019-08-05 17:23:00,2019-08-06 00:02:00,6.65,,66.0,WECC,Transmission Interruption,"Unexpected Transmission loss within its area, contrary to design, of three or more Bulk Electric System Facilities caused by a common disturbance (excluding successful automatic reclosing).",Oregon: Umatilla County;,2019.0,8.0,True,False
2513,2019,2019-08-07 15:00:00,2019-08-07 15:30:00,0.5,0.0,0.0,WECC,Vandalism,Damage or destruction of its Facility that results from actual or suspected intentional human action.,California: Kern County;,2019.0,8.0,True,True
2514,2019,2019-08-07 08:40:00,,,0.0,0.0,WECC,Vandalism,"Physical threat to its Facility excluding weather or natural disaster related threats, which has the potential to degrade the normal operation of the Facility. Or suspicious device or activity at its Facility.",Washington: Pierce County;,2019.0,8.0,False,True
2515,2019,2019-08-07 09:30:00,2019-08-07 11:15:00,1.75,0.0,0.0,NPCC,System Operations,Complete loss of monitoring or control capability at its staffed Bulk Electric System control center for 30 continuous minutes or more.,Maine:,2019.0,8.0,True,True
2516,2019,2019-08-08 16:16:00,2019-08-08 22:41:00,6.416666666666667,5600.0,,RF,Severe Weather/Transmission Interruption,"Unexpected Transmission loss within its area, contrary to design, of three or more Bulk Electric System Facilities caused by a common disturbance (excluding successful automatic reclosing).",Ohio:,2019.0,8.0,True,True
2517,2019,2019-08-09 09:53:00,2019-08-09 10:46:00,0.8833333333333333,0.0,0.0,TRE,Suspicious Activity,"Physical threat to its Facility excluding weather or natural disaster related threats, which has the potential to degrade the normal operation of the Facility. Or suspicious device or activity at its Facility.",Texas: Travis County;,2019.0,8.0,True,True
2518,2019,2019-08-10 16:11:00,2019-08-10 16:46:00,0.5833333333333334,0.0,0.0,RF,System Operations,Complete loss of monitoring or control capability at its staffed Bulk Electric System control center for 30 continuous minutes or more.,Michigan:,2019.0,8.0,True,True
2519,2019,2019-08-10 19:59:00,2019-08-10 21:04:00,1.0833333333333333,0.0,0.0,RF,System Operations,Complete loss of monitoring or control capability at its staffed Bulk Electric System control center for 30 continuous minutes or more.,Michigan:,2019.0,8.0,True,True
2520,2019,2019-08-13 10:00:00,2019-08-13 11:00:00,1.0,0.0,0.0,WECC,Vandalism,Uncontrolled loss of 300 Megawatts or more of firm system loads for 15 minutes or more from a single incident.,California: Placer County;,2019.0,8.0,True,True
2521,2019,2019-08-13 00:00:00,,,,,MRO,Vandalism,Damage or destruction of its Facility that results from actual or suspected intentional human action.,North Dakota: Mercer County;,2019.0,8.0,False,False
2522,2019,2019-08-13 15:10:00,2019-08-13 17:30:00,2.3333333333333335,,,TRE,Severe Weather,Public appeal to reduce the use of electricity for purposes of maintaining the continuity of the Bulk Electric System.,Texas: Williamson County;,2019.0,8.0,True,False
2523,2019,2019-08-15 08:30:00,,,,150.0,NPCC,Fuel Supply Deficiency,Fuel supply emergencies that could impact electric power system adequacy or reliability.,New York: Tompkins County;,2019.0,8.0,False,False
2524,2019,2019-08-15 23:03:00,2019-08-16 00:37:00,1.5666666666666667,61318.0,80.0,WECC,Distribution Interruption,"Loss of electric service to more than 50,000 customers for 1 hour or more.",California: Marin County;,2019.0,8.0,True,True
2525,2019,2019-08-15 11:00:00,2019-08-15 15:30:00,4.5,0.0,0.0,SERC,Vandalism,Damage or destruction of its Facility that results from actual or suspected intentional human action.,Kentucky: Ohio County;,2019.0,8.0,True,True
2526,2019,2019-08-15 15:11:00,2019-08-15 18:00:00,2.816666666666667,,,TRE,Severe Weather,Public appeal to reduce the use of electricity for purposes of maintaining the continuity of the Bulk Electric System.,Texas:,2019.0,8.0,True,False
2527,2019,2019-08-15 03:07:00,2019-08-15 03:56:00,0.8166666666666667,0.0,0.0,RF,System Operations,Complete loss of monitoring or control capability at its staffed Bulk Electric System control center for 30 continuous minutes or more.,District of Columbia: Maryland:,2019.0,8.0,True,True
2528,2019,2019-08-18 16:47:00,2019-08-18 23:00:00,6.216666666666667,86373.0,752.0,TRE,Distribution Interruption,Uncontrolled loss of 300 Megawatts or more of firm system loads for 15 minutes or more from a single incident,Texas:,2019.0,8.0,True,True
2529,2019,2019-08-18 16:30:00,2019-08-18 22:00:00,5.5,61000.0,259.0,TRE,Transmission Interruption/Distribution Interruption,"Loss of electric service to more than 50,000 customers for 1 hour or more.",Texas:,2019.0,8.0,True,True
2530,2019,2019-08-18 15:59:00,2019-08-18 23:00:00,7.016666666666667,86373.0,271.0,SPP RE,Transmission Interruption,Firm load shedding of 100 Megawatts or more implemented under emergency operational policy.,Louisiana: Texas:,2019.0,8.0,True,True
2531,2019,2019-08-21 07:56:00,,,1397.0,,RF,Vandalism,Damage or destruction of its Facility that results from actual or suspected intentional human action.,Ohio:,2019.0,8.0,False,True
2532,2019,2019-08-21 15:30:00,,,0.0,0.0,NPCC,Vandalism,Physical attack that could potentially impact electric power system adequacy or reliability; or vandalism which targets components of any security systems.,Massachusetts: Middlesex County[13];,2019.0,8.0,False,True
2533,2019,2019-08-24 16:10:00,2019-08-24 19:28:00,3.3,0.0,0.0,WECC,Suspicious Activity,Cyber event that could potentially impact electric power system adequacy or reliability.,Washington:,2019.0,8.0,True,True
2534,2019,2019-08-25 01:44:00,2019-08-25 02:20:00,0.6,0.0,0.0,WECC,Suspicious Activity,"Physical threat to its Facility excluding weather or natural disaster related threats, which has the potential to degrade the normal operation of the Facility. Or suspicious device or activity at its Facility.",Washington: King County;,2019.0,8.0,True,True
2535,2019,2019-08-26 09:09:00,2019-08-26 13:34:00,4.416666666666667,0.0,0.0,MRO,Transmission Interruption,"Unexpected Transmission loss within its area, contrary to design, of three or more Bulk Electric System Facilities caused by a common disturbance (excluding successful automatic reclosing).",North Dakota:,2019.0,8.0,True,True
2536,2019,2019-08-26 19:00:00,2019-08-27 03:00:00,8.0,95000.0,,SPP RE,Severe Weather/Transmission Interruption,"Loss of electric service to more than 50,000 customers for 1 hour or more.",Oklahoma:,2019.0,8.0,True,True
2537,2019,2019-08-26 19:00:00,2019-08-29 13:00:00,66.0,103779.0,,SPP RE,Severe Weather,"Loss of electric service to more than 50,000 customers for 1 hour or more.",Oklahoma:,2019.0,8.0,True,True
2538,2019,2019-08-29 23:30:00,2019-08-30 17:30:00,18.0,0.0,0.0,RF,System Operations,Complete loss of monitoring or control capability at its staffed Bulk Electric System control center for 30 continuous minutes or more.,Michigan:,2019.0,8.0,True,True
2539,2019,2019-08-31 15:05:00,2019-08-31 15:46:00,0.6833333333333333,0.0,0.0,RF,System Operations,Complete loss of monitoring or control capability at its staffed Bulk Electric System control center for 30 continuous minutes or more.,Pennsylvania: New Jersey:,2019.0,8.0,True,True
2540,2019,2019-08-31 16:00:00,2019-09-02 06:00:00,38.0,0.0,0.0,WECC,Vandalism,Damage or destruction of its Facility that results from actual or suspected intentional human action.,California: Calaveras County;,2019.0,8.0,True,True
2541,2019,2019-09-04 14:30:00,2019-09-06 18:00:00,51.5,,,TRE,Severe Weather,Public appeal to reduce the use of electricity for purposes of maintaining the continuity of the Bulk Electric System.,Texas:,2019.0,9.0,True,False
2542,2019,2019-09-04 11:13:00,2019-09-04 11:57:00,0.7333333333333333,0.0,0.0,RF,System Operations,Complete loss of monitoring or control capability at its staffed Bulk Electric System control center for 30 continuous minutes or more.,Maryland: District of Columbia:,2019.0,9.0,True,True
2543,2019,2019-09-05 22:00:00,2019-09-06 12:00:00,14.0,2000.0,3.0,SERC,Severe Weather,"Loss of electric service to more than 50,000 customers for 1 hour or more.",North Carolina:,2019.0,9.0,True,True
2544,2019,2019-09-05 22:36:00,2019-09-06 16:00:00,17.4,116000.0,,SERC,Severe Weather,"Loss of electric service to more than 50,000 customers for 1 hour or more.",North Carolina: South Carolina:,2019.0,9.0,True,True
2545,2019,2019-09-05 04:15:00,2019-09-05 15:17:00,11.033333333333333,172278.0,,SERC,Severe Weather,"Loss of electric service to more than 50,000 customers for 1 hour or more.",South Carolina:,2019.0,9.0,True,True
2546,2019,2019-09-05 10:08:00,2019-09-05 12:08:00,2.0,0.0,0.0,NPCC,System Operations,Complete loss of monitoring or control capability at its staffed Bulk Electric System control center for 30 continuous minutes or more.,Maine:,2019.0,9.0,True,True
2547,2019,2019-09-06 08:20:00,,,77000.0,,SERC,Severe Weather,"Loss of electric service to more than 50,000 customers for 1 hour or more.",North Carolina:,2019.0,9.0,False,True
2548,2019,2019-09-10 21:22:00,2019-09-10 21:23:00,0.016666666666666666,0.0,885.0,WECC,Transmission Interruption,"Unexpected Transmission loss within its area, contrary to design, of three or more Bulk Electric System Facilities caused by a common disturbance (excluding successful automatic reclosing).",Wyoming: Sweetwater County;,2019.0,9.0,True,True
2549,2019,2019-09-11 22:35:00,2019-09-11 23:59:00,1.4,54000.0,,RF,Severe Weather,"Loss of electric service to more than 50,000 customers for 1 hour or more.","Michigan: Ionia County, Kent County, Barry County, Montcalm County, Allegan County, Ottawa County, Newaygo County;",2019.0,9.0,True,True
2550,2019,2019-09-13 02:31:00,2019-09-16 17:00:00,86.48333333333333,0.0,0.0,SERC,System Operations,Unplanned evacuation from its Bulk Electric System control center facility for 30 continuous minutes or more.,Tennessee:,2019.0,9.0,True,True
2551,2019,2019-09-19 18:40:00,2019-09-19 18:46:00,0.1,0.0,0.0,MRO,Vandalism,"Physical threat to its Facility excluding weather or natural disaster related threats, which has the potential to degrade the normal operation of the Facility. Or suspicious device or activity at its Facility.",Minnesota: Washington County;,2019.0,9.0,True,True
2552,2019,2019-09-19 05:55:00,2019-09-19 14:30:00,8.583333333333334,0.0,0.0,WECC,Fuel Supply Deficiency,Fuel supply emergencies that could impact electric power system adequacy or reliability.,Arizona: Pima County;,2019.0,9.0,True,True
2553,2019,2019-09-20 00:21:00,2019-09-20 12:04:00,11.716666666666667,0.0,0.0,SPP RE,System Operations,Unplanned evacuation from its Bulk Electric System control center facility for 30 continuous minutes or more.,Oklahoma: Oklahoma County;,2019.0,9.0,True,True
2554,2019,2019-09-24 15:56:00,2019-09-26 19:25:00,51.483333333333334,0.0,0.0,WECC,Vandalism,Damage or destruction of its Facility that results from actual or suspected intentional human action.,Washington: King County;,2019.0,9.0,True,True
2555,2019,2019-09-25 17:25:00,2019-09-25 18:16:00,0.85,0.0,0.0,MRO,Suspicious Activity,"Physical threat to its Facility excluding weather or natural disaster related threats, which has the potential to degrade the normal operation of the Facility. Or suspicious device or activity at its Facility.",Wisconsin: Marathon County;,2019.0,9.0,True,True
2556,2019,2019-09-25 03:47:00,2019-09-25 15:40:00,11.883333333333333,69524.0,25.0,WECC,Severe Weather,"Loss of electric service to more than 50,000 customers for 1 hour or more.","California: Napa County, Nevada County, Placer County, Plumas County, Sonoma County, Butte County, Yuba County;",2019.0,9.0,True,True
2557,2019,2019-09-25 09:59:00,2019-09-25 10:00:00,0.016666666666666666,,,TRE,Vandalism,Damage or destruction of its Facility that results from actual or suspected intentional human action.,Texas:,2019.0,9.0,True,False
2558,2019,2019-09-26 14:31:00,2019-09-26 15:14:00,0.7166666666666667,0.0,0.0,RF,System Operations,Complete loss of monitoring or control capability at its staffed Bulk Electric System control center for 30 continuous minutes or more.,Maryland: Baltimore County;,2019.0,9.0,True,True
2559,2019,2019-09-29 07:38:00,,,50072.0,,WECC,Distribution Interruption,"Loss of electric service to more than 50,000 customers for 1 hour or more.",California: Alameda County;,2019.0,9.0,False,True
2560,2019,2019-09-30 05:35:00,2019-09-30 08:10:00,2.5833333333333335,0.0,0.0,WECC,System Operations,Unplanned evacuation from its Bulk Electric System control center facility for 30 continuous minutes or more.,Washington: King County;,2019.0,9.0,True,True
2561,2019,2019-09-30 12:17:00,2019-09-30 12:58:00,0.6833333333333333,0.0,3736.0,WECC,Actual Physical Attack,Physical attack that could potentially impact electric power system adequacy or reliability; or vandalism which targets components of any security systems.,Nevada: Clark County;,2019.0,9.0,True,True
2562,2019,2019-09-30 10:53:00,2019-09-30 10:54:00,0.016666666666666666,0.0,0.0,WECC,Vandalism,Damage or destruction of its Facility that results from actual or suspected intentional human action.,Idaho: Bonneville County;,2019.0,9.0,True,True
2563,2019,2019-10-03 00:13:00,2019-10-03 04:00:00,3.783333333333333,0.0,0.0,SERC,Vandalism,Damage or destruction of its Facility that results from actual or suspected intentional human action.,Missouri: Reynolds County;,2019.0,10.0,True,True
2564,2019,2019-10-04 05:15:00,,,0.0,0.0,WECC,Fuel Supply Deficiency,Fuel supply emergencies that could impact electric power system adequacy or reliability.,California:,2019.0,10.0,False,True
2565,2019,2019-10-06 05:15:00,,,0.0,0.0,WECC,Fuel Supply Deficiency,Fuel supply emergencies that could impact electric power system adequacy or reliability.,California:,2019.0,10.0,False,True
2566,2019,2019-10-06 14:50:00,2019-10-06 15:00:00,0.16666666666666666,,,TRE,Transmission Interruption,"Unexpected Transmission loss within its area, contrary to design, of three or more Bulk Electric System Facilities caused by a common disturbance (excluding successful automatic reclosing).","Texas: Hidalgo County, Cameron County;",2019.0,10.0,True,False
2567,2019,2019-10-09 00:27:00,,,737808.0,2400.0,WECC,Severe Weather/Transmission Interruption,"Loss of electric service to more than 50,000 customers for 1 hour or more.",California:,2019.0,10.0,False,True
2568,2019,2019-10-10 02:06:00,2019-10-10 05:05:00,2.9833333333333334,0.0,0.0,NPCC,System Operations,Complete loss of monitoring or control capability at its staffed Bulk Electric System control center for 30 continuous minutes or more.,Maine:,2019.0,10.0,True,True
2569,2019,2019-10-10 00:22:00,2019-10-10 02:12:00,1.8333333333333333,0.0,0.0,WECC,System Operations,Unplanned evacuation from its Bulk Electric System control center facility for 30 continuous minutes or more.,Colorado: Jefferson County;,2019.0,10.0,True,True
2570,2019,2019-10-11 10:56:00,2019-10-11 11:46:00,0.8333333333333334,0.0,0.0,RF,System Operations,Complete loss of monitoring or control capability at its staffed Bulk Electric System control center for 30 continuous minutes or more.,Michigan: Wayne County;,2019.0,10.0,True,True
2571,2019,2019-10-12 15:00:00,2019-10-12 16:21:00,1.35,0.0,0.0,TRE,Transmission Interruption,"Unexpected Transmission loss within its area, contrary to design, of three or more Bulk Electric System Facilities caused by a common disturbance (excluding successful automatic reclosing).",Texas:,2019.0,10.0,True,True
2572,2019,2019-10-15 03:19:00,2019-10-15 06:38:00,3.316666666666667,0.0,0.0,RF,Transmission Interruption,"Unexpected Transmission loss within its area, contrary to design, of three or more Bulk Electric System Facilities caused by a common disturbance (excluding successful automatic reclosing).",Ohio:,2019.0,10.0,True,True
2573,2019,2019-10-15 19:57:00,2019-10-15 20:44:00,0.7833333333333333,0.0,0.0,SPP RE,System Operations,Unplanned evacuation from its Bulk Electric System control center facility for 30 continuous minutes or more.,Kansas: Shawnee County;,2019.0,10.0,True,True
2574,2019,2019-10-16 07:00:00,,,0.0,0.0,SPP RE,Vandalism,Damage or destruction of its Facility that results from actual or suspected intentional human action.,Texas: Louisiana: Arkansas: Mississippi:,2019.0,10.0,False,True
2575,2019,2019-10-17 00:45:00,2019-10-19 09:30:00,56.75,101683.0,,NPCC,Severe Weather,"Loss of electric service to more than 50,000 customers for 1 hour or more.",Connecticut: Rhode Island: Massachusetts: Vermont: New Hampshire: Maine:,2019.0,10.0,True,True
2576,2019,2019-10-19 05:57:00,2019-10-19 13:58:00,8.016666666666667,0.0,0.0,MRO,Transmission Interruption,"Unexpected Transmission loss within its area, contrary to design, of three or more Bulk Electric System Facilities caused by a common disturbance (excluding successful automatic reclosing).",South Dakota: Codington County; Nebraska: Scotts Bluff County;,2019.0,10.0,True,True
2577,2019,2019-10-19 14:00:00,2019-10-19 21:07:00,7.116666666666666,0.0,0.0,WECC,System Operations,Unplanned evacuation from its Bulk Electric System control center facility for 30 continuous minutes or more.,California: Imperial County;,2019.0,10.0,True,True
2578,2019,2019-10-20 22:15:00,2019-10-25 02:00:00,99.75,400000.0,,TRE,Severe Weather,"Loss of electric service to more than 50,000 customers for 1 hour or more.","Texas: Cass County, Cameron County, Collin County, Dallas County, Ellis County, Erath County, Hunt County, Kaufman County, Lamar County, Panola County, Rains County, Rockwall County, Rusk County, Tarrant County, Van Zandt County, Wood County;",2019.0,10.0,True,True
2579,2019,2019-10-23 00:49:00,2019-10-23 04:05:00,3.2666666666666666,0.0,0.0,NPCC,System Operations,Complete loss of monitoring or control capability at its staffed Bulk Electric System control center for 30 continuous minutes or more.,New York: Monroe County;,2019.0,10.0,True,True
2580,2019,2019-10-23 00:49:00,2019-10-23 04:05:00,3.2666666666666666,0.0,0.0,NPCC,System Operations,Complete loss of monitoring or control capability at its staffed Bulk Electric System control center for 30 continuous minutes or more.,New York: Broome County;,2019.0,10.0,True,True
2581,2019,2019-10-23 14:36:00,,,50000.0,,WECC,Severe Weather/Transmission Interruption,"Loss of electric service to more than 50,000 customers for 1 hour or more.",California:,2019.0,10.0,False,True
2582,2019,2019-10-24 17:02:00,2019-10-24 17:09:00,0.11666666666666667,0.0,0.0,RF,Transmission Interruption,"Unexpected Transmission loss within its area, contrary to design, of three or more Bulk Electric System Facilities caused by a common disturbance (excluding successful automatic reclosing).",Ohio: Lorain County;,2019.0,10.0,True,True
2583,2019,2019-10-24 05:15:00,,,0.0,0.0,WECC,Fuel Supply Deficiency,Fuel supply emergencies that could impact electric power system adequacy or reliability.,California:,2019.0,10.0,False,True
2584,2019,2019-10-25 02:53:00,2019-10-25 04:37:00,1.7333333333333334,0.0,0.0,SERC,Suspicious Activity,"Physical threat to its Facility excluding weather or natural disaster related threats, which has the potential to degrade the normal operation of the Facility. Or suspicious device or activity at its Facility.",South Carolina: Cherokee County;,2019.0,10.0,True,True
2585,2019,2019-10-26 18:20:00,2019-10-31 01:27:00,103.11666666666666,972000.0,3190.0,WECC,Severe Weather/Transmission Interruption,"Loss of electric service to more than 50,000 customers for 1 hour or more.",California:,2019.0,10.0,True,True
2586,2019,2019-10-26 08:07:00,2019-10-26 08:45:00,0.6333333333333333,0.0,0.0,NPCC,System Operations,Complete loss of monitoring or control capability at its staffed Bulk Electric System control center for 30 continuous minutes or more.,Maine:,2019.0,10.0,True,True
2587,2019,2019-10-26 05:15:00,2019-10-26 17:31:00,12.266666666666667,82124.0,,SERC,Severe Weather,"Loss of electric service to more than 50,000 customers for 1 hour or more.",Louisiana:,2019.0,10.0,True,True
2588,2019,2019-10-26 18:00:00,,,70000.0,,SERC,Severe Weather,"Loss of electric service to more than 50,000 customers for 1 hour or more.",Tennessee:,2019.0,10.0,False,True
2589,2019,2019-10-29 13:46:00,2019-10-29 14:49:00,1.05,0.0,0.0,MRO,System Operations,Complete loss of monitoring or control capability at its staffed Bulk Electric System control center for 30 continuous minutes or more.,"Wisconsin: Brown County, Manitowoc County, Calumet County, Winnebago County, Kewaunee County, Door County, Oconto County, Marinette County, Forest County, Langlade County, Oneida County, Vilas County, Lincoln County, Oneida County, Portage County;",2019.0,10.0,True,True
2590,2019,2019-10-30 06:32:00,2019-11-01 13:29:00,54.95,114402.0,285.0,WECC,Severe Weather/Distribution Interruption,"Loss of electric service to more than 50,000 customers for 1 hour or more.","California: Los Angeles County, Orange County, Riverside County, San Bernardino County, Ventura County, Kern County;",2019.0,10.0,True,True
2591,2019,2019-10-31 22:00:00,,,53943.0,,RF,Severe Weather/Distribution Interruption,"Loss of electric service to more than 50,000 customers for 1 hour or more.",Pennsylvania:,2019.0,10.0,False,True
2592,2019,2019-11-01 23:45:00,2019-11-02 00:48:00,1.05,0.0,0.0,NPCC,System Operations,Complete loss of monitoring or control capability at its staffed Bulk Electric System control center for 30 continuous minutes or more.,New York: Broome County;,2019.0,11.0,True,True
2593,2019,2019-11-01 23:45:00,2019-11-02 00:48:00,1.05,0.0,0.0,NPCC,System Operations,Complete loss of monitoring or control capability at its staffed Bulk Electric System control center for 30 continuous minutes or more.,New York: Monroe County;,2019.0,11.0,True,True
2594,2019,2019-11-01 01:00:00,2019-11-03 13:00:00,60.0,8000.0,,NPCC,Severe Weather,"Loss of electric service to more than 50,000 customers for 1 hour or more.",New York:,2019.0,11.0,True,True
2595,2019,2019-11-01 01:15:00,2019-11-02 21:30:00,44.25,80066.0,,NPCC,Severe Weather,"Loss of electric service to more than 50,000 customers for 1 hour or more.",Connecticut: Maine: Massachusetts: Rhode Island: New Hampshire: Vermont:,2019.0,11.0,True,True
2596,2019,2019-11-01 02:41:00,,,66325.0,,NPCC,Severe Weather,"Loss of electric service to more than 50,000 customers for 1 hour or more.",New York: Broome County;,2019.0,11.0,False,True
2597,2019,2019-11-03 22:17:00,2019-11-04 11:10:00,12.883333333333333,0.0,0.0,MRO,Transmission Interruption,"Unexpected Transmission loss within its area, contrary to design, of three or more Bulk Electric System Facilities caused by a common disturbance (excluding successful automatic reclosing).",Minnesota: Sherburne County;,2019.0,11.0,True,True
2598,2019,2019-11-05 08:56:00,2019-11-05 11:51:00,2.9166666666666665,,1500.0,FRCC,Transmission Interruption,"Unexpected Transmission loss within its area, contrary to design, of three or more Bulk Electric System Facilities caused by a common disturbance (excluding successful automatic reclosing).",Florida: Duval County;,2019.0,11.0,True,False
2599,2019,2019-11-05 08:30:00,2019-11-05 16:16:00,7.766666666666667,0.0,0.0,RF,Vandalism,Damage or destruction of its Facility that results from actual or suspected intentional human action.,Indiana:,2019.0,11.0,True,True
2600,2019,2019-11-05 15:40:00,2019-11-05 17:11:00,1.5166666666666666,131.0,,WECC,Vandalism,Damage or destruction of its Facility that results from actual or suspected intentional human action.,Idaho: Elmore County;,2019.0,11.0,True,True
2601,2019,2019-11-08 05:50:00,2019-11-08 06:10:00,0.3333333333333333,,72.0,WECC,System Operations,Electrical System Separation (Islanding) where part or parts of power grid remain(s) operational in an otherwise blocked out area or within the partial failure of an integrated electrical system.,Utah: California: Oregon: Wyoming:,2019.0,11.0,True,False
2602,2019,2019-11-16 16:11:00,2019-11-16 17:01:00,0.8333333333333334,0.0,0.0,WECC,Vandalism,Damage or destruction of its Facility that results from actual or suspected intentional human action.,Oregon: Lane County;,2019.0,11.0,True,True
2603,2019,2019-11-16 06:00:00,2019-11-16 17:45:00,11.75,0.0,0.0,TRE,Suspicious Activity,"Physical threat to its Facility excluding weather or natural disaster related threats, which has the potential to degrade the normal operation of the Facility. Or suspicious device or activity at its Facility.",Texas: New York: Dutchess County;,2019.0,11.0,True,True
2604,2019,2019-11-20 09:49:00,2019-11-20 15:20:00,5.516666666666667,54000.0,178.0,WECC,Severe Weather/Transmission Interruption,"Loss of electric service to more than 50,000 customers for 1 hour or more.","California: Colusa County, Lake County, Mendocino County, Napa County, Solano County, Sonoma County, Yolo County, Shasta County, Tehama County;",2019.0,11.0,True,True
2605,2019,2019-11-20 16:55:00,2019-11-20 17:37:00,0.7,0.0,0.0,WECC,System Operations,Unplanned evacuation from its Bulk Electric System control center facility for 30 continuous minutes or more.,California: Imperial County;,2019.0,11.0,True,True
2606,2019,2019-11-22 00:00:00,2019-11-22 01:10:00,1.1666666666666667,0.0,0.0,NPCC,System Operations,Complete loss of monitoring or control capability at its staffed Bulk Electric System control center for 30 continuous minutes or more.,New York: Broome County;,2019.0,11.0,True,True
2607,2019,2019-11-22 00:00:00,2019-11-22 01:10:00,1.1666666666666667,0.0,0.0,NPCC,System Operations,Complete loss of monitoring or control capability at its staffed Bulk Electric System control center for 30 continuous minutes or more.,New York: Monroe County;,2019.0,11.0,True,True
2608,2019,2019-11-26 18:07:00,2019-11-27 12:27:00,18.333333333333332,93000.0,300.0,WECC,Severe Weather,"Loss of electric service to more than 50,000 customers for 1 hour or more.",California:,2019.0,11.0,True,True
2609,2019,2019-11-27 02:44:00,2019-11-27 16:00:00,13.266666666666667,2.0,35.0,WECC,Vandalism,Damage or destruction of its Facility that results from actual or suspected intentional human action.,California: Santa Clara County;,2019.0,11.0,True,True
2610,2019,2019-11-27 12:00:00,2019-11-30 02:00:00,62.0,107000.0,30.0,RF,Severe Weather,"Loss of electric service to more than 50,000 customers for 1 hour or more.","Michigan: Tuscola County, Sanilac County, Huron County, St. Clair County, Macomb County, Oakland County, Wayne County, Livingston County, Washtenaw County, Monroe County;",2019.0,11.0,True,True
2611,2019,2019-11-29 00:00:00,2019-12-01 00:00:00,48.0,0.0,0.0,TRE,Actual Physical Attack,"Damage or destruction of a Facility within its Reliability Coordinator Area, Balancing Authority Area or Transmission Operator Area that results in action(s) to avoid a Bulk Electric System Emergency.",Texas: Dawson County;,2019.0,11.0,True,True
2612,2019,2019-12-03 19:16:00,2019-12-03 19:49:00,0.55,0.0,0.0,SERC,System Operations,Complete loss of monitoring or control capability at its staffed Bulk Electric System control center for 30 continuous minutes or more.,Alabama: Covington County;,2019.0,12.0,True,True
2613,2019,2019-12-03 06:55:00,,,,,WECC,Vandalism,Damage or destruction of its Facility that results from actual or suspected intentional human action.,California: Fresno County;,2019.0,12.0,False,False
2614,2019,2019-12-05 16:48:00,2019-12-09 05:16:00,84.46666666666667,0.0,0.0,RF,System Operations,Unplanned evacuation from its Bulk Electric System control center facility for 30 continuous minutes or more.,Ohio: Kentucky:,2019.0,12.0,True,True
2615,2019,2019-12-05 00:00:00,,,,,WECC,Suspicious Activity,"Physical threat to its Facility excluding weather or natural disaster related threats, which has the potential to degrade the normal operation of the Facility. Or suspicious device or activity at its Facility.",Washington: Chelan County;,2019.0,12.0,False,False
2616,2019,2019-12-07 06:10:00,2019-12-08 02:20:00,20.166666666666668,400.0,2.0,SPP RE,Actual Physical Attack,Physical attack that causes major interruptions or impacts to critical infrastructure or to operations.,Oklahoma: Stephens County;,2019.0,12.0,True,True
2617,2019,2019-12-08 13:40:00,2019-12-08 13:41:00,0.016666666666666666,0.0,0.0,TRE,Vandalism,Damage or destruction of its Facility that results from actual or suspected intentional human action.,Texas: Dallas County;,2019.0,12.0,True,True
2618,2019,2019-12-11 20:53:00,2019-12-11 21:33:00,0.6666666666666666,392.0,1.0,SPP RE,Actual Physical Attack,Physical attack that causes major interruptions or impacts to critical infrastructure or to operations.,Oklahoma: Stephens County;,2019.0,12.0,True,True
2619,2019,2019-12-11 13:27:00,2019-12-11 13:51:00,0.4,1.0,18.0,MRO,Transmission Interruption,"Unexpected Transmission loss within its area, contrary to design, of three or more Bulk Electric System Facilities caused by a common disturbance (excluding successful automatic reclosing).",North Dakota: Burleigh County;,2019.0,12.0,True,True
2620,2019,2019-12-11 13:22:00,2019-12-11 16:28:00,3.1,0.0,0.0,NPCC,System Operations,Complete loss of monitoring or control capability at its staffed Bulk Electric System control center for 30 continuous minutes or more.,Maine:,2019.0,12.0,True,True
2621,2019,2019-12-16 23:55:00,2019-12-17 01:47:00,1.8666666666666667,0.0,0.0,TRE,Transmission Interruption,"Unexpected Transmission loss within its area, contrary to design, of three or more Bulk Electric System Facilities caused by a common disturbance (excluding successful automatic reclosing).",Texas:,2019.0,12.0,True,True
2622,2019,2019-12-18 14:30:00,2019-12-18 15:25:00,0.9166666666666666,0.0,0.0,TRE,System Operations,Unplanned evacuation from its Bulk Electric System control center facility for 30 continuous minutes or more.,Texas: Nueces County;,2019.0,12.0,True,True
2623,2019,2019-12-19 02:58:00,2019-12-19 03:46:00,0.8,0.0,0.0,MRO,System Operations,Complete loss of monitoring or control capability at its staffed Bulk Electric System control center for 30 continuous minutes or more.,Nebraska:,2019.0,12.0,True,True
2624,2019,2019-12-24 15:30:00,2019-12-24 19:34:00,4.066666666666666,0.0,0.0,SERC,Suspicious Activity,"Physical threat to its Facility excluding weather or natural disaster related threats, which has the potential to degrade the normal operation of the Facility. Or suspicious device or activity at its Facility.",Illinois:,2019.0,12.0,True,True
2625,2019,2019-12-31 12:00:00,2019-12-31 13:00:00,1.0,0.0,0.0,WECC,Vandalism,Physical attack that could potentially impact electric power system adequacy or reliability; or vandalism which targets components of any security systems.,Washington:,2019.0,12.0,True,True
2626,2019,2019-12-31 11:03:00,2020-01-01 10:59:00,23.933333333333334,0.0,25.0,TRE,Transmission Interruption,Electrical System Separation (Islanding) where part or parts of power grid remain(s) operational in an otherwise blocked out area or within the partial failure of an integrated electrical system.,Texas: Nueces County;,2019.0,12.0,True,True
2627,2020,2020-01-09 23:07:00,2020-01-09 23:19:00,0.2,0.0,0.0,SPP RE,Severe Weather/Transmission Interruption,"Unexpected Transmission loss within its area, contrary to design, of three or more Bulk Electric System Facilities caused by a common disturbance (excluding successful automatic reclosing).",Arkansas: Yell County;,2020.0,1.0,True,True
2628,2020,2020-01-09 20:45:00,2020-01-10 21:23:00,24.633333333333333,0.0,0.0,WECC,Suspicious Activity,Cyber event that could potentially impact electric power system adequacy or reliability.,Washington: King County;,2020.0,1.0,True,True
2629,2020,2020-01-09 07:40:00,2020-01-09 08:48:00,1.1333333333333333,0.0,0.0,MRO,System Operations,Complete loss of monitoring or control capability at its staffed Bulk Electric System control center for 30 continuous minutes or more.,Minnesota: North Dakota: Wisconsin:,2020.0,1.0,True,True
2630,2020,2020-01-09 23:07:00,2020-01-09 23:18:00,0.18333333333333332,,,SPP RE,System Operations,Electrical System Separation (Islanding) where part or parts of power grid remain(s) operational in an otherwise blacked out area or within the partial failure of an integrated electrical system.,Arkansas:,2020.0,1.0,True,False
2631,2020,2020-01-10 14:53:00,,,,,SERC,Suspicious Activity,"Physical threat to its Facility excluding weather or natural disaster related threats, which has the potential to degrade the normal operation of the Facility. Or suspicious device or activity at its Facility.",Tennessee: Hamilton County;,2020.0,1.0,False,False
2632,2020,2020-01-11 02:25:00,2020-01-11 07:56:00,5.516666666666667,7541.0,22.0,SPP RE,Severe Weather/Transmission Interruption,"Unexpected Transmission loss within its area, contrary to design, of three or more Bulk Electric System Facilities caused by a common disturbance (excluding successful automatic reclosing).",Arkansas: Cross County;,2020.0,1.0,True,True
2633,2020,2020-01-11 23:02:00,2020-01-12 02:01:00,2.9833333333333334,66475.0,,SERC,Severe Weather,"Loss of electric service to more than 50,000 customers for 1 hour or more.",North Carolina: South Carolina:,2020.0,1.0,True,True
2634,2020,2020-01-11 03:30:00,2020-01-11 17:30:00,14.0,68138.0,,SPP RE,Severe Weather,"Loss of electric service to more than 50,000 customers for 1 hour or more.",Arkansas: Texas:,2020.0,1.0,True,True
2635,2020,2020-01-11 13:20:00,,,,4.0,SERC,Severe Weather,Electrical System Separation (Islanding) where part or parts of power grid remain(s) operational in an otherwise blacked out area or within the partial failure of an integrated electrical system.,Tennessee:,2020.0,1.0,False,False
2636,2020,2020-01-11 12:50:00,2020-01-12 13:33:00,24.716666666666665,30715.0,219.0,SERC,Severe Weather,"Loss of electric service to more than 50,000 customers for 1 hour or more.",Alabama: Georgia: Mississippi:,2020.0,1.0,True,True
2637,2020,2020-01-12 11:15:00,2020-01-12 11:18:00,0.05,0.0,0.0,TRE,Suspicious Activity,"Physical threat to its Facility excluding weather or natural disaster related threats, which has the potential to degrade the normal operation of the Facility. Or suspicious device or activity at its Facility.",Texas: Brazos County;,2020.0,1.0,True,True
2638,2020,2020-01-14 00:00:00,2020-01-14 01:00:00,1.0,0.0,0.0,FRCC,Suspicious Activity,"Physical threat to its Facility excluding weather or natural disaster related threats, which has the potential to degrade the normal operation of the Facility. Or suspicious device or activity at its Facility.",Florida: Alachua County;,2020.0,1.0,True,True
2639,2020,2020-01-16 11:06:00,2020-01-16 11:36:00,0.5,0.0,0.0,TRE,System Operations,Unplanned evacuation from its Bulk Electric System control center facility for 30 continuous minutes or more.,Texas: Harris County;,2020.0,1.0,True,True
2640,2020,2020-01-17 05:28:00,2020-01-17 10:13:00,4.75,67864.0,87.0,WECC,Severe Weather/Transmission Interruption,Electrical System Separation (Islanding) where part or parts of power grid remain(s) operational in an otherwise blacked out area or within the partial failure of an integrated electrical system.,California: Humboldt County;,2020.0,1.0,True,True
2641,2020,2020-01-20 06:30:00,2020-01-20 06:31:00,0.016666666666666666,0.0,0.0,WECC,Vandalism,Physical attack that could potentially impact electric power system adequacy or reliability; or vandalism which targets components of any security systems.,California: Los Angeles County;,2020.0,1.0,True,True
2642,2020,2020-01-22 02:57:00,2020-01-22 03:17:00,0.3333333333333333,3120.0,7.0,WECC,Actual Physical Attack,Damage or destruction of its Facility that results from actual or suspected intentional human action.,Nevada: Humboldt County;,2020.0,1.0,True,True
2643,2020,2020-01-23 23:30:00,2020-01-24 00:39:00,1.15,0.0,0.0,FRCC,Vandalism,"Physical threat to its Facility excluding weather or natural disaster related threats, which has the potential to degrade the normal operation of the Facility. Or suspicious device or activity at its Facility.",Florida: Manatee County;,2020.0,1.0,True,True
2644,2020,2020-01-24 04:34:00,,,0.0,0.0,WECC,Fuel Supply Deficiency,Fuel supply emergencies that could impact electric power system adequacy or reliability.,California:,2020.0,1.0,False,True
2645,2020,2020-01-27 14:10:00,2020-01-27 18:58:00,4.8,130000.0,540.0,MRO,System Operations,Complete loss of monitoring or control capability at its staffed Bulk Electric System control center for 30 continuous minutes or more.,North Dakota: South Dakota: Montana:,2020.0,1.0,True,True
2646,2020,2020-01-30 03:01:00,2020-01-30 04:36:00,1.5833333333333333,0.0,75.0,MRO,Transmission Interruption,"Unexpected Transmission loss within its area, contrary to design, of three or more Bulk Electric System Facilities caused by a common disturbance (excluding successful automatic reclosing).",North Dakota: Burleigh County;,2020.0,1.0,True,True
2647,2020,2020-01-31 09:50:00,2020-02-03 10:00:00,72.16666666666667,0.0,0.0,WECC,Suspicious Activity,Cyber event that could potentially impact electric power system adequacy or reliability.,California:,2020.0,1.0,True,True
2648,2020,2020-02-06 14:29:00,2020-02-07 12:44:00,22.25,284256.0,,SERC,Severe Weather/Distribution Interruption,"Loss of electric service to more than 50,000 customers for 1 hour or more.",North Carolina:,2020.0,2.0,True,True
2649,2020,2020-02-06 13:30:00,2020-02-07 20:08:00,30.633333333333333,89500.0,,SERC,Severe Weather/Transmission Interruption,"Loss of electric service to more than 50,000 customers for 1 hour or more.",North Carolina: South Carolina:,2020.0,2.0,True,True
2650,2020,2020-02-07 16:25:00,2020-02-08 12:00:00,19.583333333333332,123359.0,,NPCC,Severe Weather,"Loss of electric service to more than 50,000 customers for 1 hour or more.",Connecticut: Maine: Massachusetts: New Hampshire: Rhode Island: Vermont:,2020.0,2.0,True,True
2651,2020,2020-02-07 14:42:00,2020-02-10 09:25:00,66.71666666666667,7500.0,,NPCC,Severe Weather,"Loss of electric service to more than 50,000 customers for 1 hour or more.",New York:,2020.0,2.0,True,True
2652,2020,2020-02-07 11:00:00,,,52000.0,,RF,Severe Weather/Distribution Interruption,"Loss of electric service to more than 50,000 customers for 1 hour or more.",Pennsylvania:,2020.0,2.0,False,True
2653,2020,2020-02-07 08:48:00,,,87000.0,,SERC,Severe Weather,"Loss of electric service to more than 50,000 customers for 1 hour or more.",Virginia: North Carolina:,2020.0,2.0,False,True
2654,2020,2020-02-08 13:56:00,2020-02-08 15:04:00,1.1333333333333333,0.0,0.0,WECC,Vandalism,Damage or destruction of its Facility that results from actual or suspected intentional human action.,California:,2020.0,2.0,True,True
2655,2020,2020-02-09 09:30:00,2020-02-09 21:40:00,12.166666666666666,145000.0,500.0,WECC,Severe Weather,"Loss of electric service to more than 50,000 customers for 1 hour or more.","California: Alameda County, Contra Costa County, El Dorado County, Nevada County, Placer County, Sierra County, Santa Clara County, Napa County, Marin County, Santa Cruz County;",2020.0,2.0,True,True
2656,2020,2020-02-11 02:53:00,2020-02-11 13:30:00,10.616666666666667,0.0,0.0,TRE,System Operations,Cyber event that could potentially impact electric power system adequacy or reliability.,Texas: Sterling County;,2020.0,2.0,True,True
2657,2020,2020-02-11 07:13:00,2020-02-11 16:00:00,8.783333333333333,0.0,,WECC,Transmission Interruption,"Unexpected Transmission loss within its area, contrary to design, of three or more Bulk Electric System Facilities caused by a common disturbance (excluding successful automatic reclosing).",Oregon: Clackamas County;,2020.0,2.0,True,True
2658,2020,2020-02-12 07:36:00,2020-02-12 08:53:00,1.2833333333333334,0.0,0.0,NPCC,System Operations,Complete loss of monitoring or control capability at its staffed Bulk Electric System control center for 30 continuous minutes or more.,Maine:,2020.0,2.0,True,True
2659,2020,2020-02-13 08:01:00,2020-02-13 14:38:00,6.616666666666666,0.0,0.0,WECC,Vandalism,Damage or destruction of its Facility that results from actual or suspected intentional human action.,Oregon:,2020.0,2.0,True,True
2660,2020,2020-02-17 09:47:00,2020-02-17 15:31:00,5.733333333333333,,97.0,SERC,Vandalism,Damage or destruction of its Facility that results from actual or suspected intentional human action.,Alabama: Chambers County;,2020.0,2.0,True,False
2661,2020,2020-02-17 13:18:00,2020-02-20 09:51:00,68.55,0.0,0.0,RF,Vandalism,Physical attack that could potentially impact electric power system adequacy or reliability; or vandalism which targets components of any security systems.,Michigan: Eaton County;,2020.0,2.0,True,True
2662,2020,2020-02-17 04:00:00,,,70000.0,91.0,WECC,Severe Weather,"Loss of electric service to more than 50,000 customers for 1 hour or more.",Northern and Central California;,2020.0,2.0,False,True
2663,2020,2020-02-18 13:00:00,2020-02-18 14:00:00,1.0,0.0,0.0,WECC,Vandalism,Physical attack that could potentially impact electric power system adequacy or reliability; or vandalism which targets components of any security systems.,California: Kern County;,2020.0,2.0,True,True
2664,2020,2020-02-25 11:45:00,2020-02-25 13:00:00,1.25,0.0,0.0,WECC,Vandalism,Damage or destruction of its Facility that results from actual or suspected intentional human action.,California: Los Angeles County;,2020.0,2.0,True,True
2665,2020,2020-02-26 16:30:00,2020-02-26 17:02:00,0.5333333333333333,0.0,0.0,SPP RE,System Operations,Complete loss of monitoring or control capability at its staffed Bulk Electric System control center for 30 continuous minutes or more.,Oklahoma:,2020.0,2.0,True,True
2666,2020,2020-02-26 17:00:00,2020-02-26 18:05:00,1.0833333333333333,0.0,0.0,NPCC,System Operations,Complete loss of monitoring or control capability at its staffed Bulk Electric System control center for 30 continuous minutes or more.,Maine:,2020.0,2.0,True,True
2667,2020,2020-02-26 11:29:00,2020-02-26 12:14:00,0.75,0.0,0.0,MRO,System Operations,Complete loss of monitoring or control capability at its staffed Bulk Electric System control center for 30 continuous minutes or more.,South Dakota: Wyoming: Colorado:,2020.0,2.0,True,True
2668,2020,2020-02-29 01:45:00,2020-02-29 02:30:00,0.75,0.0,0.0,WECC,System Operations,Complete loss of monitoring or control capability at its staffed Bulk Electric System control center for 30 continuous minutes or more.,"Nevada: Clark County, Washoe County;",2020.0,2.0,True,True
2669,2020,2020-03-01 11:27:00,2020-03-01 21:47:00,10.333333333333334,3136.0,19.0,SERC,Transmission Interruption,"Unexpected Transmission loss within its area, contrary to design, of three or more Bulk Electric System Facilities caused by a common disturbance (excluding successful automatic reclosing).",Mississippi: Rankin County;,2020.0,3.0,True,True
2670,2020,2020-03-01 22:15:00,,,0.0,0.0,NPCC,Vandalism,Damage or destruction of its Facility that results from actual or suspected intentional human action.,New York:,2020.0,3.0,False,True
2671,2020,2020-03-01 08:00:00,,,,675.0,NPCC,Fuel Supply Deficiency,Fuel supply emergencies that could impact electric power system adequacy or reliability.,Western NY,2020.0,3.0,False,False
2672,2020,2020-03-02 01:43:00,2020-03-02 02:43:00,1.0,0.0,0.0,WECC,System Operations,Complete loss of monitoring or control capability at its staffed Bulk Electric System control center for 30 continuous minutes or more.,"Nevada: Clark County, Washoe County;",2020.0,3.0,True,True
2673,2020,2020-03-03 14:30:00,2020-03-03 14:31:00,0.016666666666666666,0.0,0.0,SERC,Vandalism,Damage or destruction of its Facility that results from actual or suspected intentional human action.,Alabama:,2020.0,3.0,True,True
2674,2020,2020-03-08 22:10:00,2020-03-09 01:02:00,2.8666666666666667,0.0,0.0,TRE,Suspicious Activity,"Physical threat to its Facility excluding weather or natural disaster related threats, which has the potential to degrade the normal operation of the Facility. Or suspicious device or activity at its Facility.",Texas: Llano County;,2020.0,3.0,True,True
2675,2020,2020-03-12 01:03:00,2020-03-12 03:00:00,1.95,15864.0,40.0,RF,Transmission Interruption,"Unexpected Transmission loss within its area, contrary to design, of three or more Bulk Electric System Facilities caused by a common disturbance (excluding successful automatic reclosing).",Pennsylvania:,2020.0,3.0,True,True
2676,2020,2020-03-16 12:01:00,2020-03-16 13:10:00,1.15,110800.0,165.0,WECC,Severe Weather,"Loss of electric service to more than 50,000 customers for 1 hour or more.",California:,2020.0,3.0,True,True
2677,2020,2020-03-16 08:00:00,2020-03-16 08:01:00,0.016666666666666666,0.0,0.0,WECC,Vandalism,Physical attack that could potentially impact electric power system adequacy or reliability; or vandalism which targets components of any security systems.,California: Los Angeles County;,2020.0,3.0,True,True
2678,2020,2020-03-16 08:00:00,2020-03-16 08:01:00,0.016666666666666666,0.0,0.0,WECC,Vandalism,Physical attack that could potentially impact electric power system adequacy or reliability; or vandalism which targets components of any security systems.,California: Los Angeles County;,2020.0,3.0,True,True
2679,2020,2020-03-17 10:30:00,2020-03-17 11:41:00,1.1833333333333333,0.0,6062.0,RF,System Operations,Complete loss of monitoring or control capability at its staffed Bulk Electric System control center for 30 continuous minutes or more.,Michigan: Washtenaw County;,2020.0,3.0,True,True
2680,2020,2020-03-18 07:09:00,,,73000.0,237.0,WECC,Natural Disaster,"Loss of electric service to more than 50,000 customers for 1 hour or more.",Utah:,2020.0,3.0,False,True
2681,2020,2020-03-19 17:05:00,2020-03-19 17:43:00,0.6333333333333333,0.0,0.0,MRO,System Operations,Complete loss of monitoring or control capability at its staffed Bulk Electric System control center for 30 continuous minutes or more.,Minnesota: St. Louis County;,2020.0,3.0,True,True
2682,2020,2020-03-20 22:20:00,2020-03-20 23:30:00,1.1666666666666667,0.0,0.0,NPCC,System Operations,Complete loss of monitoring or control capability at its staffed Bulk Electric System control center for 30 continuous minutes or more.,Connecticut: Massachusetts: Rhode Island: Maine: New Hampshire: Vermont:,2020.0,3.0,True,True
2683,2020,2020-03-20 23:38:00,2020-03-20 23:59:00,0.35,0.0,0.0,NPCC,System Operations,Complete loss of monitoring or control capability at its staffed Bulk Electric System control center for 30 continuous minutes or more.,Maine:,2020.0,3.0,True,True
2684,2020,2020-03-20 23:45:00,2020-03-21 00:30:00,0.75,0.0,0.0,NPCC,System Operations,Unplanned evacuation from its Bulk Electric System control center facility for 30 continuous minutes or more.,Connecticut: Massachusetts:,2020.0,3.0,True,True
2685,2020,2020-03-23 00:15:00,2020-03-25 17:11:00,64.93333333333334,0.0,0.0,MRO,Vandalism,Damage or destruction of its Facility that results from actual or suspected intentional human action.,Wisconsin: Columbia County;,2020.0,3.0,True,True
2686,2020,2020-03-23 14:15:00,2020-03-23 16:37:00,2.3666666666666667,1018.0,,SERC,Sabotage,Physical attack that could potentially impact electric power system adequacy or reliability; or vandalism which targets components of any security systems.,Virginia:,2020.0,3.0,True,True
2687,2020,2020-03-24 12:45:00,2020-03-24 14:00:00,1.25,0.0,0.0,WECC,Suspicious Activity,"Physical threat to its Facility excluding weather or natural disaster related threats, which has the potential to degrade the normal operation of the Facility. Or suspicious device or activity at its Facility.",California: Nevada County;,2020.0,3.0,True,True
2688,2020,2020-03-24 02:55:00,2020-03-24 06:50:00,3.9166666666666665,51026.0,,NPCC,Severe Weather,"Loss of electric service to more than 50,000 customers for 1 hour or more.",Connecticut: Massachusetts: Maine: New Hampshire: Rhode Island: Vermont:,2020.0,3.0,True,True
2689,2020,2020-03-25 10:31:00,,,0.0,0.0,WECC,Vandalism,Damage or destruction of its Facility that results from actual or suspected intentional human action.,Nevada: Clark County;,2020.0,3.0,False,True
2690,2020,2020-03-26 21:29:00,2020-03-26 21:47:00,0.3,11964.0,19.0,RF,Transmission Interruption,"Unexpected Transmission loss within its area, contrary to design, of three or more Bulk Electric System Facilities caused by a common disturbance (excluding successful automatic reclosing).",Ohio:,2020.0,3.0,True,True
2691,2020,2020-03-27 13:06:00,2020-03-27 13:58:00,0.8666666666666667,0.0,0.0,RF,System Operations,Complete loss of monitoring or control capability at its staffed Bulk Electric System control center for 30 continuous minutes or more.,"Delaware: Kent County, New Castle County, Sussex County; Maryland: Cecil County, Harford County, Talbot County, Kent County, Queen Anne&#39;s County, Dorchester County, Wicomico County, Worcester County, Somerset County;",2020.0,3.0,True,True
2692,2020,2020-03-27 13:06:00,2020-03-27 13:58:00,0.8666666666666667,0.0,0.0,RF,System Operations,Complete loss of monitoring or control capability at its staffed Bulk Electric System control center for 30 continuous minutes or more.,"New Jersey: Atlantic County, Cape May County, Cumberland County, Gloucester County, Salem County;",2020.0,3.0,True,True
2693,2020,2020-03-29 20:27:00,2020-03-29 23:04:00,2.6166666666666667,1558.0,4.0,SERC,Transmission Interruption,"Unexpected Transmission loss within its area, contrary to design, of three or more Bulk Electric System Facilities caused by a common disturbance (excluding successful automatic reclosing).",Mississippi: Panola County;,2020.0,3.0,True,True
2694,2020,2020-03-31 11:45:00,2020-03-31 20:00:00,8.25,57744.0,412.0,SERC,Severe Weather,"Loss of electric service to more than 50,000 customers for 1 hour or more.",Alabama: Georgia:,2020.0,3.0,True,True
2695,2020,2020-04-01 21:43:00,2020-04-01 22:18:00,0.5833333333333334,0.0,0.0,SERC,System Operations,Complete loss of monitoring or control capability at its staffed Bulk Electric System control center for 30 continuous minutes or more.,Illinois: Williamson County;,2020.0,4.0,True,True
2696,2020,2020-04-02 18:41:00,2020-04-02 19:23:00,0.7,0.0,0.0,TRE,System Operations,Complete loss of monitoring or control capability at its staffed Bulk Electric System control center for 30 continuous minutes or more.,Texas: Travis County;,2020.0,4.0,True,True
2697,2020,2020-04-02 13:37:00,2020-04-02 14:43:00,1.1,,5.0,MRO,Transmission Interruption,"Unexpected Transmission loss within its area, contrary to design, of three or more Bulk Electric System Facilities caused by a common disturbance (excluding successful automatic reclosing).",Nebraska: York County;,2020.0,4.0,True,False
2698,2020,2020-04-02 20:45:00,,,,,WECC,Vandalism,Physical attack that could potentially impact electric power system adequacy or reliability; or vandalism which targets components of any security systems.,Washington: Wallula,2020.0,4.0,False,False
2699,2020,2020-04-03 09:13:00,,,0.0,0.0,WECC,Vandalism,Damage or destruction of its Facility that results from actual or suspected intentional human action.,Nevada: Clark County;,2020.0,4.0,False,True
2700,2020,2020-04-05 02:30:00,2020-04-05 03:01:00,0.5166666666666667,0.0,0.0,TRE,Suspicious Activity,"Physical threat to its Facility excluding weather or natural disaster related threats, which has the potential to degrade the normal operation of the Facility. Or suspicious device or activity at its Facility.",Texas: Cameron County;,2020.0,4.0,True,True
2701,2020,2020-04-05 15:46:00,2020-04-05 17:35:00,1.8166666666666667,6814.0,7.0,WECC,Severe Weather,Electrical System Separation (Islanding) where part or parts of power grid remain(s) operational in an otherwise blacked out area or within the partial failure of an integrated electrical system.,California: Stanislaus County;,2020.0,4.0,True,True
2702,2020,2020-04-07 23:39:00,2020-04-07 23:46:00,0.11666666666666667,0.0,0.0,WECC,Transmission Interruption,"Unexpected Transmission loss within its area, contrary to design, of three or more Bulk Electric System Facilities caused by a common disturbance (excluding successful automatic reclosing).",Washington:,2020.0,4.0,True,True
2703,2020,2020-04-08 21:57:00,2020-04-09 08:59:00,11.033333333333333,78314.0,,RF,Severe Weather,"Loss of electric service to more than 50,000 customers for 1 hour or more.",Ohio: Kentucky:,2020.0,4.0,True,True
2704,2020,2020-04-08 22:03:00,2020-04-09 07:36:00,9.55,93000.0,,RF,Severe Weather,"Loss of electric service to more than 50,000 customers for 1 hour or more.",Indiana:,2020.0,4.0,True,True
2705,2020,2020-04-08 01:21:00,2020-04-08 03:56:00,2.5833333333333335,82509.0,,WECC,Severe Weather,"Loss of electric service to more than 50,000 customers for 1 hour or more.",Ohio:,2020.0,4.0,True,True
2706,2020,2020-04-09 19:25:00,2020-04-10 03:30:00,8.083333333333334,95000.0,,TRE,Severe Weather,"Loss of electric service to more than 50,000 customers for 1 hour or more.",Texas: Harris County;,2020.0,4.0,True,True
2707,2020,2020-04-09 19:40:00,2020-04-11 22:00:00,50.333333333333336,340000.0,,NPCC,Severe Weather,"Loss of electric service to more than 50,000 customers for 1 hour or more.",Maine:,2020.0,4.0,True,True
2708,2020,2020-04-09 07:34:00,2020-04-09 17:40:00,10.1,0.0,0.0,RF,System Operations,Unplanned evacuation from its Bulk Electric System control center facility for 30 continuous minutes or more.,Wisconsin: Dane County;,2020.0,4.0,True,True
2709,2020,2020-04-10 10:00:00,2020-04-10 16:19:00,6.316666666666666,0.0,0.0,NPCC,System Operations,Complete loss of monitoring or control capability at its staffed Bulk Electric System control center for 30 continuous minutes or more.,Maine:,2020.0,4.0,True,True
2710,2020,2020-04-10 16:00:00,,,0.0,0.0,WECC,Vandalism,Damage or destruction of its Facility that results from actual or suspected intentional human action.,Nevada: White Pine County;,2020.0,4.0,False,True
2711,2020,2020-04-11 11:24:00,2020-04-11 11:42:00,0.3,0.0,0.0,WECC,Transmission Interruption,"Unexpected Transmission loss within its area, contrary to design, of three or more Bulk Electric System Facilities caused by a common disturbance (excluding successful automatic reclosing).",Wyoming:,2020.0,4.0,True,True
2712,2020,2020-04-11 17:40:00,2020-04-11 17:51:00,0.18333333333333332,,,WECC,Suspicious Activity,Physical attack that could potentially impact electric power system adequacy or reliability; or vandalism which targets components of any security systems.,Utah: Salt Lake City,2020.0,4.0,True,False
2713,2020,2020-04-12 20:45:00,,,95318.0,,SPP RE,Severe Weather,"Loss of electric service to more than 50,000 customers for 1 hour or more.",Arkansas:,2020.0,4.0,False,True
2714,2020,2020-04-12 13:00:00,2020-04-12 19:27:00,6.45,37991.0,122.0,SERC,Severe Weather,Complete loss of monitoring or control capability at its staffed Bulk Electric System control center for 30 continuous minutes or more.,"Louisiana: Acadia Parish, Iberville Parish, Jefferson Davis Parish, Concordia Parish, Winn Parish, Catahoula Parish, Terrebonne Parish, St. Mary Parish;",2020.0,4.0,True,True
2715,2020,2020-04-12 20:30:00,2020-04-14 09:00:00,36.5,51000.0,,SPP RE,Severe Weather,"Loss of electric service to more than 50,000 customers for 1 hour or more.",Arkansas:,2020.0,4.0,True,True
2716,2020,2020-04-12 21:28:00,2020-04-15 12:00:00,62.53333333333333,104000.0,,RF,Severe Weather,"Loss of electric service to more than 50,000 customers for 1 hour or more.",Virginia: West Virginia:,2020.0,4.0,True,True
2717,2020,2020-04-12 17:00:00,2020-04-14 01:25:00,32.416666666666664,62828.0,448.0,SERC,Severe Weather,"Loss of electric service to more than 50,000 customers for 1 hour or more.",Mississippi: Alabama: Georgia:,2020.0,4.0,True,True
2718,2020,2020-04-12 18:13:00,2020-04-13 15:23:00,21.166666666666668,63289.0,,TRE,Severe Weather,"Loss of electric service to more than 50,000 customers for 1 hour or more.",Texas:,2020.0,4.0,True,True
2719,2020,2020-04-13 03:30:00,2020-04-14 18:18:00,38.8,216400.0,,SERC,Severe Weather,"Loss of electric service to more than 50,000 customers for 1 hour or more.",North Carolina: South Carolina:,2020.0,4.0,True,True
2720,2020,2020-04-13 00:45:00,2020-04-13 03:00:00,2.25,120000.0,,SERC,Severe Weather,"Loss of electric service to more than 50,000 customers for 1 hour or more.",Tennessee: Hamilton County;,2020.0,4.0,True,True
2721,2020,2020-04-13 08:08:00,,,72233.0,,SERC,Severe Weather,"Loss of electric service to more than 50,000 customers for 1 hour or more.",South Carolina:,2020.0,4.0,False,True
2722,2020,2020-04-13 10:25:00,2020-04-13 18:55:00,8.5,95000.0,,SERC,Severe Weather,"Loss of electric service to more than 50,000 customers for 1 hour or more.",North Carolina:,2020.0,4.0,True,True
2723,2020,2020-04-13 13:05:00,2020-04-14 16:00:00,26.916666666666668,68476.0,,NPCC,Severe Weather,"Loss of electric service to more than 50,000 customers for 1 hour or more.",Connecticut: Maine: Massachusetts: New Hampshire: Rhode Island: Vermont:,2020.0,4.0,True,True
2724,2020,2020-04-13 07:31:00,2020-04-13 14:00:00,6.483333333333333,,,SERC,Severe Weather,"Loss of electric service to more than 50,000 customers for 1 hour or more.",North Carolina: South Carolina:,2020.0,4.0,True,False
2725,2020,2020-04-16 11:30:00,2020-04-16 15:45:00,4.25,0.0,0.0,SERC,Vandalism,Damage or destruction of its Facility that results from actual or suspected intentional human action.,Georgia:,2020.0,4.0,True,True
2726,2020,2020-04-18 19:38:00,,,0.0,0.0,WECC,Vandalism,Damage or destruction of its Facility that results from actual or suspected intentional human action.,Nevada: Washoe County;,2020.0,4.0,False,True
2727,2020,2020-04-19 01:14:00,2020-04-20 11:42:00,34.46666666666667,0.0,0.0,MRO,Suspicious Activity,"Physical threat to its Facility excluding weather or natural disaster related threats, which has the potential to degrade the normal operation of the Facility. Or suspicious device or activity at its Facility.",North Dakota: Burleigh County;,2020.0,4.0,True,True
2728,2020,2020-04-20 12:42:00,2020-04-20 13:27:00,0.75,0.0,0.0,MRO,Vandalism,Damage or destruction of its Facility that results from actual or suspected intentional human action.,South Dakota: Deuel County;,2020.0,4.0,True,True
2729,2020,2020-04-20 00:59:00,2020-04-20 08:40:00,7.683333333333334,77341.0,552.0,SERC,Severe Weather,"Loss of electric service to more than 50,000 customers for 1 hour or more.",Alabama: Mississippi: Georgia: Florida:,2020.0,4.0,True,True
2730,2020,2020-04-23 04:30:00,2020-04-23 07:00:00,2.5,55184.0,,SERC,Severe Weather,"Loss of electric service to more than 50,000 customers for 1 hour or more.",Mississippi: Arkansas: Louisiana:,2020.0,4.0,True,True
2731,2020,2020-04-23 08:00:00,2020-04-23 23:40:00,15.666666666666666,52163.0,375.0,SERC,Severe Weather,"Loss of electric service to more than 50,000 customers for 1 hour or more.",Alabama: Georgia: Mississippi: Florida:,2020.0,4.0,True,True
2732,2020,2020-04-24 22:00:00,,,0.0,0.0,WECC,Vandalism,Damage or destruction of its Facility that results from actual or suspected intentional human action.,Nevada: White Pine County;,2020.0,4.0,False,True
2733,2020,2020-04-24 21:00:00,2020-04-24 21:33:00,0.55,945.0,5.0,WECC,System Operations,Electrical System Separation (Islanding) where part or parts of power grid remain(s) operational in an otherwise blacked out area or within the partial failure of an integrated electrical system.,"California: Placer County, Nevada County;",2020.0,4.0,True,True
2734,2020,2020-04-25 21:25:00,2020-04-25 21:56:00,0.5166666666666667,0.0,0.0,WECC,Vandalism,Damage or destruction of its Facility that results from actual or suspected intentional human action.,Oregon: Multnomah County;,2020.0,4.0,True,True
2735,2020,2020-04-26 01:38:00,,,49999.0,,FRCC,Severe Weather,"Loss of electric service to more than 50,000 customers for 1 hour or more.",Florida:,2020.0,4.0,False,True
2736,2020,2020-04-28 20:01:00,2020-04-28 23:21:00,3.3333333333333335,1.0,14.0,TRE,Transmission Interruption,"Unexpected Transmission loss within its area, contrary to design, of three or more Bulk Electric System Facilities caused by a common disturbance (excluding successful automatic reclosing).",Texas: Jefferson County;,2020.0,4.0,True,True
2737,2020,2020-04-29 06:00:00,2020-04-29 12:31:00,6.516666666666667,77933.0,,SERC,Severe Weather,"Loss of electric service to more than 50,000 customers for 1 hour or more.",Louisiana:,2020.0,4.0,True,True
2738,2020,2020-04-29 05:55:00,2020-04-29 19:00:00,13.083333333333334,146660.0,,TRE,Severe Weather,"Loss of electric service to more than 50,000 customers for 1 hour or more.",Texas: Harris County;,2020.0,4.0,True,True
2739,2020,2020-04-30 15:00:00,,,78007.0,,RF,Severe Weather,"Loss of electric service to more than 50,000 customers for 1 hour or more.","Pennsylvania: Bucks County, Chester County, Delaware County, Montgomery County, Philadelphia County, York County;",2020.0,4.0,False,True
2740,2020,2020-05-04 11:59:00,2020-05-07 20:00:00,80.01666666666667,130000.0,500.0,SERC,Severe Weather,"Loss of electric service to more than 50,000 customers for 1 hour or more.",Tennessee: Davidson County;,2020.0,5.0,True,True
2741,2020,2020-05-08 13:45:00,2020-05-08 13:46:00,0.016666666666666666,0.0,0.0,WECC,Vandalism,Damage or destruction of its Facility that results from actual or suspected intentional human action.,Nevada: Nye County;,2020.0,5.0,True,True
2742,2020,2020-05-13 23:16:00,2020-05-14 13:52:00,14.6,0.0,0.0,RF,System Operations,Unplanned evacuation from its Bulk Electric System control center facility for 30 continuous minutes or more.,Indiana: Hendricks County;,2020.0,5.0,True,True
2743,2020,2020-05-13 05:12:00,2020-05-13 14:07:00,8.916666666666666,0.0,0.0,WECC,Transmission Interruption,"Unexpected Transmission loss within its area, contrary to design, of three or more Bulk Electric System Facilities caused by a common disturbance (excluding successful automatic reclosing).",Washington:,2020.0,5.0,True,True
2744,2020,2020-05-14 11:23:00,2020-05-14 11:25:00,0.03333333333333333,0.0,0.0,WECC,Vandalism,Physical attack that could potentially impact electric power system adequacy or reliability; or vandalism which targets components of any security systems.,Oregon: Jackson County;,2020.0,5.0,True,True
2745,2020,2020-05-15 17:55:00,2020-05-17 18:00:00,48.083333333333336,52.0,,NPCC,Severe Weather,"Loss of electric service to more than 50,000 customers for 1 hour or more.",New York: Saratoga County;,2020.0,5.0,True,True
2746,2020,2020-05-16 00:00:00,2020-05-16 00:30:00,0.5,0.0,0.0,TRE,Suspicious Activity,"Physical threat to its Facility excluding weather or natural disaster related threats, which has the potential to degrade the normal operation of the Facility. Or suspicious device or activity at its Facility.",Texas: Cameron County;,2020.0,5.0,True,True
2747,2020,2020-05-18 23:51:00,2020-05-19 04:37:00,4.766666666666667,0.0,0.0,SERC,System Operations,Complete loss of monitoring or control capability at its staffed Bulk Electric System control center for 30 continuous minutes or more.,South Carolina:,2020.0,5.0,True,True
2748,2020,2020-05-18 09:27:00,2020-05-18 10:15:00,0.8,0.0,0.0,WECC,System Operations,Unplanned evacuation from its Bulk Electric System control center facility for 30 continuous minutes or more.,Oregon: Clackamas County;,2020.0,5.0,True,True
2749,2020,2020-05-19 20:04:00,2020-05-19 22:00:00,1.9333333333333333,6000.0,8.0,SERC,Vandalism,Damage or destruction of its Facility that results from actual or suspected intentional human action.,Alabama: Jefferson County;,2020.0,5.0,True,True
2750,2020,2020-05-19 08:17:00,2020-05-19 08:18:00,0.016666666666666666,0.0,0.0,WECC,Vandalism,Damage or destruction of its Facility that results from actual or suspected intentional human action.,Idaho: Bonneville County;,2020.0,5.0,True,True
2751,2020,2020-05-19 13:45:00,2020-05-19 13:46:00,0.016666666666666666,0.0,0.0,SPP RE,Suspicious Activity,"Physical threat to its Facility excluding weather or natural disaster related threats, which has the potential to degrade the normal operation of the Facility. Or suspicious device or activity at its Facility.",Arkansas:,2020.0,5.0,True,True
2752,2020,2020-05-20 11:41:00,,,0.0,0.0,WECC,Vandalism,Damage or destruction of its Facility that results from actual or suspected intentional human action.,Nevada: Clark County;,2020.0,5.0,False,True
2753,2020,2020-05-22 16:35:00,2020-05-23 15:29:00,22.9,108190.0,,SERC,Severe Weather,"Loss of electric service to more than 50,000 customers for 1 hour or more.",North Carolina: South Carolina:,2020.0,5.0,True,True
2754,2020,2020-05-24 16:45:00,,,54000.0,,SPP RE,Severe Weather,"Loss of electric service to more than 50,000 customers for 1 hour or more.",Central Oklahoma,2020.0,5.0,False,True
2755,2020,2020-05-25 10:58:00,2020-05-25 13:00:00,2.033333333333333,3745.0,8.0,TRE,Transmission Interruption,"Unexpected Transmission loss within its area, contrary to design, of three or more Bulk Electric System Facilities caused by a common disturbance (excluding successful automatic reclosing).",Texas: Kerr County;,2020.0,5.0,True,True
2756,2020,2020-05-27 17:15:00,2020-05-29 06:30:00,37.25,382000.0,,TRE,Severe Weather,"Loss of electric service to more than 50,000 customers for 1 hour or more.",Texas: Harris County;,2020.0,5.0,True,True
2757,2020,2020-05-27 17:20:00,,,273269.0,,TRE,Severe Weather,"Loss of electric service to more than 50,000 customers for 1 hour or more.",Texas:,2020.0,5.0,False,True
2758,2020,2020-05-29 17:01:00,2020-05-29 18:57:00,1.9333333333333333,0.0,0.0,RF,Transmission Interruption,"Unexpected Transmission loss within its area, contrary to design, of three or more Bulk Electric System Facilities caused by a common disturbance (excluding successful automatic reclosing).",Pennsylvania: Warren County;,2020.0,5.0,True,True
2759,2020,2020-05-29 17:30:00,2020-05-31 18:00:00,48.5,0.0,0.0,MRO,System Operations,"Physical threat to its Bulk Electric System control center, excluding weather or natural disaster related threats, which has the potential to degrade the normal operation of the control center. Or suspicious device or activity at its Bulk Electric System control center.",Minnesota: Hennepin County;,2020.0,5.0,True,True
2760,2020,2020-05-29 21:37:00,2020-05-30 04:29:00,6.866666666666666,0.0,0.0,RF,Vandalism,Damage or destruction of its Facility that results from actual or suspected intentional human action.,Ohio: Franklin County;,2020.0,5.0,True,True
2761,2020,2020-05-30 22:20:00,2020-05-30 23:00:00,0.6666666666666666,0.0,0.0,TRE,System Operations,Unplanned evacuation from its Bulk Electric System control center facility for 30 continuous minutes or more.,Texas: Bexar County;,2020.0,5.0,True,True
2762,2020,2020-05-31 21:30:00,2020-06-01 01:00:00,3.5,0.0,0.0,SERC,Vandalism,Damage or destruction of its Facility that results from actual or suspected intentional human action.,Alabama: Jefferson County;,2020.0,5.0,True,True
2763,2020,2020-05-31 00:15:00,,,0.0,0.0,RF,Vandalism,"Physical threat to its Bulk Electric System control center, excluding weather or natural disaster related threats, which has the potential to degrade the normal operation of the control center. Or suspicious device or activity at its Bulk Electric System control center.",Pennsylvania:,2020.0,5.0,False,True
2764,2020,2020-06-02 14:36:00,2020-06-02 14:37:00,0.016666666666666666,0.0,,WECC,Vandalism,Damage or destruction of its Facility that results from actual or suspected intentional human action.,"Idaho: Blaine County, Jerome County, Minidoka County, Power County;",2020.0,6.0,True,True
2765,2020,2020-06-03 13:00:00,2020-06-06 16:30:00,75.5,87000.0,80.0,RF,Severe Weather,"Loss of electric service to more than 50,000 customers for 1 hour or more.",New Jersey:,2020.0,6.0,True,True
2766,2020,2020-06-03 12:30:00,2020-06-03 18:00:00,5.5,708000.0,,RF,Severe Weather,"Loss of electric service to more than 50,000 customers for 1 hour or more.","Pennsylvania: Bucks County, Chester County, Delaware County, Montgomery County, Philadelphia County, York County;",2020.0,6.0,True,True
2767,2020,2020-06-03 16:57:00,2020-06-03 17:29:00,0.5333333333333333,0.0,0.0,MRO,System Operations,Complete loss of monitoring or control capability at its staffed Bulk Electric System control center for 30 continuous minutes or more.,North Dakota: Minnesota:,2020.0,6.0,True,True
2768,2020,2020-06-03 13:36:00,2020-06-03 16:30:00,2.9,78079.0,,RF,Severe Weather,"Loss of electric service to more than 50,000 customers for 1 hour or more.",New Jersey:,2020.0,6.0,True,True
2769,2020,2020-06-09 11:21:00,2020-06-09 12:01:00,0.6666666666666666,0.0,0.0,WECC,Transmission Interruption,"Unexpected Transmission loss within its area, contrary to design, of three or more Bulk Electric System Facilities caused by a common disturbance (excluding successful automatic reclosing).",Washington:,2020.0,6.0,True,True
2770,2020,2020-06-10 19:30:00,,,237000.0,,RF,Severe Weather,"Loss of electric service to more than 50,000 customers for 1 hour or more.","Michigan: Oakland County, Macomb County, Wayne County, Sanilac County, Tuscola County, Huron County, Lapeer County, Livingston County, Monroe County;",2020.0,6.0,False,True
2771,2020,2020-06-10 12:22:00,2020-06-10 17:00:00,4.633333333333334,270000.0,,RF,Severe Weather,"Loss of electric service to more than 50,000 customers for 1 hour or more.","Michigan: Gratiot County, Lake County, Missaukee County, Benzie County, Leelanau County, Manistee County, Wexford County, Montcalm County, Kent County, Ottawa County, Van Buren County, St. Joseph County, Arenac County, Saginaw County, Calhoun County, Branch County;",2020.0,6.0,True,True
2772,2020,2020-06-10 17:24:00,2020-06-11 18:00:00,24.6,85822.0,,RF,Severe Weather,"Loss of electric service to more than 50,000 customers for 1 hour or more.",Ohio: Indiana: Kentucky: West Virginia:,2020.0,6.0,True,True
2773,2020,2020-06-12 08:21:00,2020-06-12 08:22:00,0.016666666666666666,0.0,0.0,RF,Vandalism,Physical attack that could potentially impact electric power system adequacy or reliability; or vandalism which targets components of any security systems.,Michigan: Houghton County;,2020.0,6.0,True,True
2774,2020,2020-06-18 12:11:00,2020-06-22 08:11:00,92.0,0.0,0.0,WECC,Actual Physical Attack,"Physical threat to its Facility excluding weather or natural disaster related threats, which has the potential to degrade the normal operation of the Facility. Or suspicious device or activity at its Facility.",Colorado: El Paso County;,2020.0,6.0,True,True
2775,2020,2020-06-18 20:32:00,2020-06-18 20:35:00,0.05,0.0,0.0,SERC,Actual Physical Attack,Damage or destruction of its Facility that results from actual or suspected intentional human action.,Kentucky: Gallatin County;,2020.0,6.0,True,True
2776,2020,2020-06-21 01:16:00,2020-06-21 18:45:00,17.483333333333334,0.0,0.0,RF,Vandalism,Damage or destruction of its Facility that results from actual or suspected intentional human action.,Delaware: New Castle County;,2020.0,6.0,True,True
2777,2020,2020-06-22 11:44:00,2020-06-22 12:42:00,0.9666666666666667,0.0,0.0,RF,System Operations,Complete loss of monitoring or control capability at its staffed Bulk Electric System control center for 30 continuous minutes or more.,"Pennsylvania: Allegheny County, Beaver County;",2020.0,6.0,True,True
2778,2020,2020-06-25 09:40:00,2020-06-25 11:00:00,1.3333333333333333,0.0,,SERC,Suspicious Activity,"Physical threat to its Facility excluding weather or natural disaster related threats, which has the potential to degrade the normal operation of the Facility. Or suspicious device or activity at its Facility.",Kentucky: Madison County;,2020.0,6.0,True,True
2779,2020,2020-06-26 16:20:00,2020-06-29 15:00:00,70.66666666666667,0.0,0.0,MRO,Vandalism,Damage or destruction of its Facility that results from actual or suspected intentional human action.,North Dakota: Mountrail County;,2020.0,6.0,True,True
2780,2020,2020-06-26 12:47:00,2020-06-26 13:53:00,1.1,0.0,0.0,TRE,System Operations,Complete loss of monitoring or control capability at its staffed Bulk Electric System control center for 30 continuous minutes or more.,Texas: Travis County;,2020.0,6.0,True,True
2781,2020,2020-06-27 16:00:00,2020-06-28 02:27:00,10.45,78109.0,33480.0,SERC,Severe Weather,"Loss of electric service to more than 50,000 customers for 1 hour or more.",Alabama: Georgia:,2020.0,6.0,True,True
2782,2020,2020-06-29 14:32:00,2020-06-29 16:35:00,2.05,0.0,0.0,SPP RE,Transmission Interruption,"Unexpected Transmission loss within its area, contrary to design, of three or more Bulk Electric System Facilities caused by a common disturbance (excluding successful automatic reclosing).",Arkansas: Garland County;,2020.0,6.0,True,True
2783,2020,2020-06-30 10:28:00,2020-06-30 10:29:00,0.016666666666666666,0.0,0.0,WECC,Vandalism,"Physical threat to its Facility excluding weather or natural disaster related threats, which has the potential to degrade the normal operation of the Facility. Or suspicious device or activity at its Facility.",Oregon:,2020.0,6.0,True,True
2784,2020,2020-07-01 19:26:00,2020-07-01 19:44:00,0.3,2013.0,32.0,RF,Transmission Interruption,"Unexpected Transmission loss within its area, contrary to design, of three or more Bulk Electric System Facilities caused by a common disturbance (excluding successful automatic reclosing).",Pennsylvania:,2020.0,7.0,True,True
2785,2020,2020-07-02 20:30:00,,,0.0,0.0,WECC,Fuel Supply Deficiency,Fuel supply emergencies that could impact electric power system adequacy or reliability.,California: Butte County;,2020.0,7.0,False,True
2786,2020,2020-07-06 12:26:00,,,0.0,0.0,NPCC,Suspicious Activity,"Physical threat to its Facility excluding weather or natural disaster related threats, which has the potential to degrade the normal operation of the Facility. Or suspicious device or activity at its Facility.",New York: Kings County;,2020.0,7.0,False,True
2787,2020,2020-07-06 18:45:00,2020-07-06 19:42:00,0.95,0.0,0.0,RF,System Operations,Complete loss of monitoring or control capability at its staffed Bulk Electric System control center for 30 continuous minutes or more.,District of Columbia: Maryland:,2020.0,7.0,True,True
2788,2020,2020-07-07 11:38:00,2020-07-07 18:24:00,6.766666666666667,0.0,0.0,WECC,Transmission Interruption,"Unexpected Transmission loss within its area, contrary to design, of three or more Bulk Electric System Facilities caused by a common disturbance (excluding successful automatic reclosing).",California: Los Angeles County;,2020.0,7.0,True,True
2789,2020,2020-07-07 13:09:00,2020-07-08 08:17:00,19.133333333333333,0.0,0.0,WECC,Transmission Interruption,"Unexpected Transmission loss within its area, contrary to design, of three or more Bulk Electric System Facilities caused by a common disturbance (excluding successful automatic reclosing).",Colorado:,2020.0,7.0,True,True
2790,2020,2020-07-07 19:17:00,2020-07-07 23:49:00,4.533333333333333,,,RF,Severe Weather/Transmission Interruption,"Unexpected Transmission loss within its area, contrary to design, of three or more Bulk Electric System Facilities caused by a common disturbance (excluding successful automatic reclosing).",West Virginia: Wyoming County;,2020.0,7.0,True,False
2791,2020,2020-07-08 22:04:00,,,0.0,0.0,TRE,Actual Physical Attack,"Physical threat to its Facility excluding weather or natural disaster related threats, which has the potential to degrade the normal operation of the Facility. Or suspicious device or activity at its Facility.",Texas:,2020.0,7.0,False,True
2792,2020,2020-07-08 18:45:00,,,0.0,0.0,WECC,Fuel Supply Deficiency,Fuel supply emergencies that could impact electric power system adequacy or reliability.,California:,2020.0,7.0,False,True
2793,2020,2020-07-09 15:09:00,,,0.0,0.0,WECC,Suspicious Activity,"Physical threat to its Facility excluding weather or natural disaster related threats, which has the potential to degrade the normal operation of the Facility. Or suspicious device or activity at its Facility.",Washington: Thurston County;,2020.0,7.0,False,True
2794,2020,2020-07-11 23:30:00,2020-07-12 06:30:00,7.0,68000.0,,SPP RE,Severe Weather,"Loss of electric service to more than 50,000 customers for 1 hour or more.",Oklahoma: Arkansas:,2020.0,7.0,True,True
2795,2020,2020-07-11 21:30:00,,,94700.0,,SPP RE,Severe Weather,"Loss of electric service to more than 50,000 customers for 1 hour or more.",Oklahoma:,2020.0,7.0,False,True
2796,2020,2020-07-11 04:55:00,,,0.0,0.0,WECC,Fuel Supply Deficiency,Fuel supply emergencies that could impact electric power system adequacy or reliability.,California:,2020.0,7.0,False,True
2797,2020,2020-07-12 04:30:00,2020-07-13 05:00:00,24.5,48000.0,,TRE,Severe Weather,"Loss of electric service to more than 50,000 customers for 1 hour or more.","Texas: Collin County, Dallas County, Denton County, Rockwall County, Tarrant County;",2020.0,7.0,True,True
2798,2020,2020-07-12 14:08:00,2020-07-12 20:44:00,6.6,10000.0,36.0,WECC,Actual Physical Attack,Damage or destruction of its Facility that results from actual or suspected intentional human action.,Nevada: Washoe County;,2020.0,7.0,True,True
2799,2020,2020-07-13 16:30:00,2020-07-13 16:31:00,0.016666666666666666,0.0,0.0,SERC,Suspicious Activity,"Physical threat to its Facility excluding weather or natural disaster related threats, which has the potential to degrade the normal operation of the Facility. Or suspicious device or activity at its Facility.",Kentucky: Madison County;,2020.0,7.0,True,True
2800,2020,2020-07-14 14:16:00,2020-07-14 14:53:00,0.6166666666666667,0.0,0.0,WECC,System Operations,Complete loss of monitoring or control capability at its staffed Bulk Electric System control center for 30 continuous minutes or more.,California:,2020.0,7.0,True,True
2801,2020,2020-07-15 11:00:00,2020-07-15 11:20:00,0.3333333333333333,0.0,,SERC,Suspicious Activity,"Physical threat to its Facility excluding weather or natural disaster related threats, which has the potential to degrade the normal operation of the Facility. Or suspicious device or activity at its Facility.",Kentucky: Madison County;,2020.0,7.0,True,True
2802,2020,2020-07-16 08:49:00,2020-07-16 11:06:00,2.283333333333333,0.0,475.0,MRO,System Operations,Complete loss of monitoring or control capability at its staffed Bulk Electric System control center for 30 continuous minutes or more.,North Dakota: Minnesota:,2020.0,7.0,True,True
2803,2020,2020-07-17 23:00:00,2020-07-17 23:30:00,0.5,0.0,0.0,SPP RE,Vandalism,Damage or destruction of its Facility that results from actual or suspected intentional human action.,Oklahoma:,2020.0,7.0,True,True
2804,2020,2020-07-17 19:24:00,,,0.0,0.0,NPCC,Suspicious Activity,"Physical threat to its Facility excluding weather or natural disaster related threats, which has the potential to degrade the normal operation of the Facility. Or suspicious device or activity at its Facility.",New York:,2020.0,7.0,False,True
2805,2020,2020-07-19 14:30:00,2020-07-21 18:48:00,52.3,158500.0,,RF,Severe Weather,"Loss of electric service to more than 50,000 customers for 1 hour or more.",Michigan:,2020.0,7.0,True,True
2806,2020,2020-07-19 10:30:00,,,,675.0,NPCC,Fuel Supply Deficiency,Fuel supply emergencies that could impact electric power system adequacy or reliability.,New York: Niagara County,2020.0,7.0,False,False
2807,2020,2020-07-20 00:57:00,2020-07-20 02:34:00,1.6166666666666667,14096.0,21.0,TRE,Suspicious Activity,Damage or destruction of its Facility that results from actual or suspected intentional human action.,Texas: Travis County;,2020.0,7.0,True,True
2808,2020,2020-07-21 11:53:00,2020-07-21 13:00:00,1.1166666666666667,11000.0,19.0,WECC,Vandalism,Damage or destruction of its Facility that results from actual or suspected intentional human action.,Washington: Pierce County;,2020.0,7.0,True,True
2809,2020,2020-07-22 11:30:00,2020-07-22 14:19:00,2.816666666666667,0.0,0.0,RF,Transmission Interruption,"Unexpected Transmission loss within its area, contrary to design, of three or more Bulk Electric System Facilities caused by a common disturbance (excluding successful automatic reclosing).",West Virginia: Tucker County;,2020.0,7.0,True,True
2810,2020,2020-07-24 08:25:00,,,0.0,0.0,NPCC,Suspicious Activity,"Physical threat to its Facility excluding weather or natural disaster related threats, which has the potential to degrade the normal operation of the Facility. Or suspicious device or activity at its Facility.",New York: Bronx County;,2020.0,7.0,False,True
2811,2020,2020-07-25 21:00:00,2020-07-26 16:00:00,19.0,84000.0,125.0,TRE,Severe Weather,"Loss of electric service to more than 50,000 customers for 1 hour or more.","Texas: Hidalgo County, Cameron County, Starr County, Kenedy County, Willacy County, Brooks County, Jim Hogg County;",2020.0,7.0,True,True
2812,2020,2020-07-25 19:58:00,2020-07-27 19:00:00,47.03333333333333,201208.0,,TRE,Severe Weather,"Loss of electric service to more than 50,000 customers for 1 hour or more.","Texas: Nueces County, Kleberg County, Cameron County, Willacy County, Hidalgo County, Starr County, Kenedy County;",2020.0,7.0,True,True
2813,2020,2020-07-28 15:00:00,2020-07-28 23:00:00,8.0,0.0,0.0,RF,System Operations,Unplanned evacuation from its Bulk Electric System control center facility for 30 continuous minutes or more.,Michigan: Jackson County;,2020.0,7.0,True,True
2814,2020,2020-07-30 17:54:00,2020-07-30 20:18:00,2.4,0.0,0.0,MRO,Transmission Interruption,"Unexpected Transmission loss within its area, contrary to design, of three or more Bulk Electric System Facilities caused by a common disturbance (excluding successful automatic reclosing).",Nebraska: Scotts Bluff County;,2020.0,7.0,True,True
2815,2020,2020-08-01 11:14:00,2020-08-10 21:26:00,226.2,,,TRE,Severe Weather,Public appeal to reduce the use of electricity for purposes of maintaining the continuity of the Bulk Electric System.,"Texas: Cameron County, Willacy County, Hidalgo County, Starr County;",2020.0,8.0,True,False
2816,2020,2020-08-01 08:16:00,2020-08-01 09:15:00,0.9833333333333333,0.0,0.0,WECC,System Operations,Complete loss of monitoring or control capability at its staffed Bulk Electric System control center for 30 continuous minutes or more.,California: San Diego County;,2020.0,8.0,True,True
2817,2020,2020-08-01 00:00:00,2020-08-01 00:01:00,0.016666666666666666,,,TRE,Severe Weather,"Damage or destruction of a Facility within its Reliability Coordinator Area, Balancing Authority Area or Transmission Operator Area that results in action(s) to avoid a Bulk Electric System Emergency.","Texas: Cameron County, Hidalgo County, Starr County, Willacy County;",2020.0,8.0,True,False
2818,2020,2020-08-02 19:43:00,2020-08-02 22:27:00,2.7333333333333334,0.0,0.0,SERC,Transmission Interruption,"Unexpected Transmission loss within its area, contrary to design, of three or more Bulk Electric System Facilities caused by a common disturbance (excluding successful automatic reclosing).",Illinois: Rock Island County;,2020.0,8.0,True,True
2819,2020,2020-08-03 08:00:00,2020-08-03 13:00:00,5.0,0.0,0.0,TRE,Vandalism,Damage or destruction of its Facility that results from actual or suspected intentional human action.,Texas: Ector County;,2020.0,8.0,True,True
2820,2020,2020-08-03 23:15:00,2020-08-06 07:00:00,55.75,340000.0,,SERC,Severe Weather,"Loss of electric service to more than 50,000 customers for 1 hour or more.",North Carolina: South Carolina:,2020.0,8.0,True,True
2821,2020,2020-08-03 23:02:00,,,,,SERC,Severe Weather,Complete loss of off-site power (LOOP) affecting a nuclear generating station per the Nuclear Plant Interface Requirements.,North Carolina:,2020.0,8.0,False,False
2822,2020,2020-08-04 12:00:00,2020-08-07 06:00:00,66.0,160000.0,,NPCC,Severe Weather,"Loss of electric service to more than 50,000 customers for 1 hour or more.","New York: Rockland County, Orange County, Sullivan County; New Jersey: Bergen County, Passaic County, Sussex County;",2020.0,8.0,True,True
2823,2020,2020-08-04 13:00:00,2020-08-04 23:59:00,10.983333333333333,420000.0,3907.0,NPCC,Severe Weather,"Loss of electric service to more than 50,000 customers for 1 hour or more.","New York: Nassau County, Suffolk County, Queens County;",2020.0,8.0,True,True
2824,2020,2020-08-04 11:20:00,2020-08-07 10:55:00,71.58333333333333,75000.0,60.0,RF,Severe Weather,"Loss of electric service to more than 50,000 customers for 1 hour or more.",New Jersey:,2020.0,8.0,True,True
2825,2020,2020-08-04 09:00:00,2020-08-05 18:00:00,33.0,100000.0,,RF,Severe Weather,"Loss of electric service to more than 50,000 customers for 1 hour or more.",Delaware:,2020.0,8.0,True,True
2826,2020,2020-08-04 14:00:00,2020-08-08 12:00:00,94.0,116818.0,,NPCC,Severe Weather,"Loss of electric service to more than 50,000 customers for 1 hour or more.","New York: Dutchess County, Orange County, Ulster County;",2020.0,8.0,True,True
2827,2020,2020-08-04 04:41:00,2020-08-05 16:26:00,35.75,508000.0,,SERC,Severe Weather,"Loss of electric service to more than 50,000 customers for 1 hour or more.",Virginia:,2020.0,8.0,True,True
2828,2020,2020-08-04 12:18:00,2020-08-08 17:31:00,101.21666666666667,788000.0,,RF,Severe Weather,"Loss of electric service to more than 50,000 customers for 1 hour or more.",New Jersey:,2020.0,8.0,True,True
2829,2020,2020-08-04 14:35:00,2020-08-10 11:00:00,140.41666666666666,76120.0,,NPCC,Severe Weather,"Loss of electric service to more than 50,000 customers for 1 hour or more.",New York: Broome County;,2020.0,8.0,True,True
2830,2020,2020-08-04 15:15:00,2020-08-07 10:27:00,67.2,1188247.0,2000.0,NPCC,Severe Weather,"Loss of electric service to more than 50,000 customers for 1 hour or more.",Connecticut: Massachusetts: New Hampshire: Maine: Rhode Island: Vermont:,2020.0,8.0,True,True
2831,2020,2020-08-04 13:31:00,,,271119.0,,NPCC,Severe Weather,"Loss of electric service to more than 50,000 customers for 1 hour or more.","New York: Bronx County, Richmond County, Queens County, Kings County, Westchester County, New York County;",2020.0,8.0,False,True
2832,2020,2020-08-04 06:01:00,2020-08-06 15:30:00,57.483333333333334,125987.0,311.0,SERC,Severe Weather,"Loss of electric service to more than 50,000 customers for 1 hour or more.","North Carolina: Brunswick County, Columbus County, Pender County, Duplin County, Onslow County, Jones County, Craven County, Jones County, Beaufort County, Bertie County, Chowan County, Gates County, Perquimans County;",2020.0,8.0,True,True
2833,2020,2020-08-04 12:00:00,,,137103.0,,RF,Severe Weather,"Loss of electric service to more than 50,000 customers for 1 hour or more.","Pennsylvania: Bucks County, Chester County, Delaware County, Montgomery County, Philadelphia County, York County;",2020.0,8.0,False,True
2834,2020,2020-08-04 10:30:00,,,70000.0,,RF,Severe Weather,"Loss of electric service to more than 50,000 customers for 1 hour or more.",New Jersey:,2020.0,8.0,False,True
2835,2020,2020-08-04 14:35:00,,,76120.0,,NPCC,Severe Weather,"Loss of electric service to more than 50,000 customers for 1 hour or more.",New York:,2020.0,8.0,False,True
2836,2020,2020-08-05 17:58:00,2020-08-05 20:53:00,2.9166666666666665,19785.0,89.0,TRE,Transmission Interruption,"Unexpected Transmission loss within its area, contrary to design, of three or more Bulk Electric System Facilities caused by a common disturbance (excluding successful automatic reclosing).",Texas: Orange County;,2020.0,8.0,True,True
2837,2020,2020-08-07 05:13:00,,,187068.0,500.0,NPCC,Severe Weather,Uncontrolled loss of 300 Megawatts or more of firm system loads for 15 minutes or more from a single incident.,"New York: Queens County, New York County;",2020.0,8.0,False,True
2838,2020,2020-08-10 11:00:00,2020-08-10 16:00:00,5.0,,550.0,MRO,Severe Weather,"Uncontrolled loss of 200 Megawatts or more of firm system loads for 15 minutes or more from a single incident for entities with previous year's peak demand less than or equal to 3,000 Megawatts.","Iowa: Webster County, Greene County, Dallas County, Hamilton County, Boone County, Polk County, Hardin County, Story County, Jasper County, Grundy County, Marshall County, Tama County, Poweshiek County, Benton County, Iowa County, Linn County, Johnson County, Jones County, Cedar County, Muscatine County, Jackson County, Clinton County, Scott County;",2020.0,8.0,True,False
2839,2020,2020-08-10 16:00:00,2020-08-13 15:00:00,71.0,135000.0,,SERC,Severe Weather,"Loss of electric service to more than 50,000 customers for 1 hour or more.",Illinois: Missouri:,2020.0,8.0,True,True
2840,2020,2020-08-10 12:49:00,,,,,MRO,Severe Weather,Complete loss of off-site power (LOOP) affecting a nuclear generating station per the Nuclear Plant Interface Requirements.,Iowa:,2020.0,8.0,False,False
2841,2020,2020-08-10 22:39:00,2020-08-13 15:48:00,65.15,95300.0,,RF,Severe Weather,"Loss of electric service to more than 50,000 customers for 1 hour or more.",Indiana:,2020.0,8.0,True,True
2842,2020,2020-08-10 14:30:00,,,856000.0,,SERC,Severe Weather,"Loss of electric service to more than 50,000 customers for 1 hour or more.","Illinois: Cook County, Will County, DuPage County, Lake County, Kane County, Grundy County, LaSalle County, DeKalb County, McHenry County, Lee County;",2020.0,8.0,False,True
2843,2020,2020-08-10 22:25:00,2020-08-10 23:02:00,0.6166666666666667,0.0,0.0,NPCC,System Operations,Complete loss of monitoring or control capability at its staffed Bulk Electric System control center for 30 continuous minutes or more.,New York: Onondaga County;,2020.0,8.0,True,True
2844,2020,2020-08-10 12:38:00,,,250000.0,1400.0,MRO,Severe Weather,Uncontrolled loss of 300 Megawatts or more of firm system loads for 15 minutes or more from a single incident.,Iowa:,2020.0,8.0,False,True
2845,2020,2020-08-10 10:00:00,,,300000.0,950.0,MRO,Severe Weather,"Loss of electric service to more than 50,000 customers for 1 hour or more.","Iowa: Dallas County, Polk County, Warren County, Madison County, Johnson County, Scott County; Illinois: Rock Island County, Henry County, Mercer County;",2020.0,8.0,False,True
2846,2020,2020-08-13 13:51:00,2020-08-13 16:27:00,2.6,57060.0,218.0,TRE,System Operations,Firm load shedding of 100 Megawatts or more implemented under emergency operational policy.,Texas: El Paso County;,2020.0,8.0,True,True
2847,2020,2020-08-14 18:36:00,2020-08-14 20:42:00,2.1,220000.0,560.0,WECC,System Operations,Firm load shedding of 100 Megawatts or more implemented under emergency operational policy.,California:,2020.0,8.0,True,True
2848,2020,2020-08-14 16:39:00,2020-08-14 17:42:00,1.05,12671.0,101.0,SERC,Transmission Interruption,"Unexpected Transmission loss within its area, contrary to design, of three or more Bulk Electric System Facilities caused by a common disturbance (excluding successful automatic reclosing).",Louisiana: St. Charles Parish;,2020.0,8.0,True,True
2849,2020,2020-08-14 17:15:00,2020-08-15 21:00:00,27.75,,1120.0,WECC,Severe Weather,Firm load shedding of 100 Megawatts or more implemented under emergency operational policy.,California:,2020.0,8.0,True,False
2850,2020,2020-08-14 18:45:00,2020-08-14 21:12:00,2.45,132000.0,1419.0,WECC,System Operations,Firm load shedding of 100 Megawatts or more implemented under emergency operational policy.,"California: Kern County, Kings County, Los Angeles County, Orange County, Riverside County, San Bernardino County, Santa Barbara County, Tulare County, Ventura County;",2020.0,8.0,True,True
2851,2020,2020-08-14 20:00:00,2020-08-16 17:00:00,45.0,60000.0,,MRO,Severe Weather,"Loss of electric service to more than 50,000 customers for 1 hour or more.","Minnesota: Anoka County, Hennepin County, Ramsey County, Washington County;",2020.0,8.0,True,True
2852,2020,2020-08-15 18:25:00,2020-08-15 19:44:00,1.3166666666666667,220000.0,459.0,WECC,System Operations,Firm load shedding of 100 Megawatts or more implemented under emergency operational policy.,California:,2020.0,8.0,True,True
2853,2020,2020-08-15 14:53:00,2020-08-15 20:00:00,5.116666666666666,,795.0,WECC,Severe Weather,Firm load shedding of 100 Megawatts or more implemented under emergency operational policy.,California:,2020.0,8.0,True,False
2854,2020,2020-08-15 15:00:00,2020-08-15 19:45:00,4.75,70000.0,200.0,WECC,System Operations,Firm load shedding of 100 Megawatts or more implemented under emergency operational policy.,"California: Inyo County, Kern County, Los Angeles County, Orange County, Riverside County, San Bernardino County, Tulare County, Ventura County;",2020.0,8.0,True,True
2855,2020,2020-08-15 17:00:00,,,8.0,0.0,WECC,Vandalism,Physical attack that could potentially impact electric power system adequacy or reliability; or vandalism which targets components of any security systems.,Washington: Snohomish County;,2020.0,8.0,False,True
2856,2020,2020-08-15 17:41:00,2020-08-15 18:48:00,1.1166666666666667,0.0,0.0,NPCC,Suspicious Activity,"Physical threat to its Facility excluding weather or natural disaster related threats, which has the potential to degrade the normal operation of the Facility. Or suspicious device or activity at its Facility.",Connecticut: New Haven County[13];,2020.0,8.0,True,True
2857,2020,2020-08-16 20:00:00,2020-08-18 21:00:00,49.0,300000.0,,TRE,Severe Weather,"Loss of electric service to more than 50,000 customers for 1 hour or more.","Texas: Collin County, Dallas County, Denton County, Tarrant County, Ellis County, Kaufman County, Johnson County, Anderson County, Angelina County, Grayson County, Smith County, Wichita County;",2020.0,8.0,True,True
2858,2020,2020-08-16 03:44:00,2020-08-17 14:18:00,34.56666666666667,124266.0,409.0,WECC,Severe Weather,"Loss of electric service to more than 50,000 customers for 1 hour or more.",California:,2020.0,8.0,True,True
2859,2020,2020-08-16 17:30:00,2020-08-16 19:10:00,1.6666666666666667,,712.0,WECC,Severe Weather,Public appeal to reduce the use of electricity for purposes of maintaining the continuity of the Bulk Electric System.,California:,2020.0,8.0,True,False
2860,2020,2020-08-17 08:21:00,2020-08-17 09:01:00,0.6666666666666666,2.0,2.0,WECC,Severe Weather,Electrical System Separation (Islanding) where part or parts of power grid remain(s) operational in an otherwise blacked out area or within the partial failure of an integrated electrical system.,California: Yuba County;,2020.0,8.0,True,True
2861,2020,2020-08-17 15:05:00,2020-08-17 21:24:00,6.316666666666666,,829.0,WECC,Severe Weather,Public appeal to reduce the use of electricity for purposes of maintaining the continuity of the Bulk Electric System.,California:,2020.0,8.0,True,False
2862,2020,2020-08-18 19:00:00,2020-08-18 19:30:00,0.5,0.0,0.0,WECC,Potential Physical Attack,"Physical threat to its Bulk Electric System control center, excluding weather or natural disaster related threats, which has the potential to degrade the normal operation of the control center. Or suspicious device or activity at its Bulk Electric System control center.",California: Kings County;,2020.0,8.0,True,True
2863,2020,2020-08-18 14:00:00,2020-08-18 21:00:00,7.0,1400000.0,7800.0,WECC,Severe Weather,Public appeal to reduce the use of electricity for purposes of maintaining the continuity of the Bulk Electric System.,Nevada:,2020.0,8.0,True,True
2864,2020,2020-08-18 21:55:00,2020-08-18 22:10:00,0.25,0.0,0.0,WECC,System Operations,Unplanned evacuation from its Bulk Electric System control center facility for 30 continuous minutes or more.,California: Imperial County;,2020.0,8.0,True,True
2865,2020,2020-08-18 13:30:00,2020-08-18 20:30:00,7.0,,917.0,WECC,Severe Weather,Public appeal to reduce the use of electricity for purposes of maintaining the continuity of the Bulk Electric System.,California:,2020.0,8.0,True,False
2866,2020,2020-08-18 14:44:00,2020-08-18 15:14:00,0.5,238.0,205.0,TRE,Transmission Interruption,"Unexpected Transmission loss within its area, contrary to design, of three or more Bulk Electric System Facilities caused by a common disturbance (excluding successful automatic reclosing).","Texas: Culberson County, Reeves County;",2020.0,8.0,True,True
2867,2020,2020-08-18 14:30:00,,,,0.0,WECC,Severe Weather,Public appeal to reduce the use of electricity for purposes of maintaining the continuity of the Bulk Electric System.,Arizona:,2020.0,8.0,False,False
2868,2020,2020-08-19 01:27:00,2020-08-19 03:03:00,1.6,16107.0,22.0,RF,Transmission Interruption,"Unexpected Transmission loss within its area, contrary to design, of three or more Bulk Electric System Facilities caused by a common disturbance (excluding successful automatic reclosing).",Ohio: Trumbull County;,2020.0,8.0,True,True
2869,2020,2020-08-19 14:00:00,2020-08-19 21:00:00,7.0,0.0,1200.0,WECC,Severe Weather,Public appeal to reduce the use of electricity for purposes of maintaining the continuity of the Bulk Electric System.,Arizona: Maricopa County;,2020.0,8.0,True,True
2870,2020,2020-08-19 14:00:00,2020-08-19 21:00:00,7.0,1400000.0,7500.0,WECC,Severe Weather,Public appeal to reduce the use of electricity for purposes of maintaining the continuity of the Bulk Electric System.,Nevada:,2020.0,8.0,True,True
2871,2020,2020-08-19 12:00:00,2020-08-19 21:00:00,9.0,,,WECC,Severe Weather,Public appeal to reduce the use of electricity for purposes of maintaining the continuity of the Bulk Electric System.,California:,2020.0,8.0,True,False
2872,2020,2020-08-20 00:03:00,2020-08-20 14:05:00,14.033333333333333,0.0,0.0,NPCC,System Operations,Complete loss of monitoring or control capability at its staffed Bulk Electric System control center for 30 continuous minutes or more.,Maine:,2020.0,8.0,True,True
2873,2020,2020-08-20 09:17:00,2020-08-20 13:42:00,4.416666666666667,0.0,0.0,SERC,Vandalism,Damage or destruction of its Facility that results from actual or suspected intentional human action.,Mississippi: Jasper County;,2020.0,8.0,True,True
2874,2020,2020-08-20 15:29:00,2020-08-20 15:39:00,0.16666666666666666,,60.0,MRO,Transmission Interruption,"Unexpected Transmission loss within its area, contrary to design, of three or more Bulk Electric System Facilities caused by a common disturbance (excluding successful automatic reclosing).",Nebraska: Custer County;,2020.0,8.0,True,False
2875,2020,2020-08-23 22:12:00,2020-08-23 22:15:00,0.05,0.0,0.0,RF,Suspicious Activity,Damage or destruction of its Facility that results from actual or suspected intentional human action.,West Virginia: Putnam County;,2020.0,8.0,True,True
2876,2020,2020-08-23 10:30:00,,,,,TRE,Severe Weather,Public appeal to reduce the use of electricity for purposes of maintaining the continuity of the Bulk Electric System.,"Texas panhandle, SE NM",2020.0,8.0,False,False
2877,2020,2020-08-24 23:00:00,2020-08-24 23:59:00,0.9833333333333333,0.0,0.0,TRE,Potential Physical Attack,"Physical threat to its Facility excluding weather or natural disaster related threats, which has the potential to degrade the normal operation of the Facility. Or suspicious device or activity at its Facility.",Texas: Denton County;,2020.0,8.0,True,True
2878,2020,2020-08-25 02:43:00,2020-08-25 07:43:00,5.0,0.0,0.0,WECC,Vandalism,"Physical threat to its Bulk Electric System control center, excluding weather or natural disaster related threats, which has the potential to degrade the normal operation of the control center. Or suspicious device or activity at its Bulk Electric System control center.",Colorado: Jefferson County;,2020.0,8.0,True,True
2879,2020,2020-08-27 05:00:00,2020-09-03 12:00:00,175.0,50000.0,200.0,SERC,Severe Weather,"Loss of electric service to more than 50,000 customers for 1 hour or more.",Louisiana:,2020.0,8.0,True,True
2880,2020,2020-08-27 07:00:00,2020-08-30 19:00:00,84.0,,48.0,SERC,Severe Weather,Complete operational failure or shut-down of the transmission and/or distribution of electrical system.,Louisiana: Rapides Parish;,2020.0,8.0,True,False
2881,2020,2020-08-27 12:44:00,2020-08-27 23:00:00,10.266666666666667,,,TRE,Severe Weather,Public appeal to reduce the use of electricity for purposes of maintaining the continuity of the Bulk Electric System.,Texas:,2020.0,8.0,True,False
2882,2020,2020-08-27 12:06:00,2020-08-27 22:49:00,10.716666666666667,,581.0,TRE,Severe Weather,Firm load shedding of 100 Megawatts or more implemented under emergency operational policy.,Texas:,2020.0,8.0,True,False
2883,2020,2020-08-27 07:40:00,2020-08-31 07:40:00,96.0,130000.0,,SERC,Severe Weather,"Loss of electric service to more than 50,000 customers for 1 hour or more.",Louisiana: Texas:,2020.0,8.0,True,True
2884,2020,2020-08-27 01:15:00,,,615992.0,,TRE,Severe Weather,"Loss of electric service to more than 50,000 customers for 1 hour or more.",Texas: Louisiana:,2020.0,8.0,False,True
2885,2020,2020-08-27 07:40:00,2020-08-31 03:33:00,91.88333333333334,47927.0,,SERC,Severe Weather,"Loss of electric service to more than 50,000 customers for 1 hour or more.",Louisiana: Texas:,2020.0,8.0,True,True
2886,2020,2020-08-27 12:02:00,2020-08-27 22:54:00,10.866666666666667,,573.0,TRE,Severe Weather,Firm load shedding of 100 Megawatts or more implemented under emergency operational policy.,Texas:,2020.0,8.0,True,False
2887,2020,2020-08-27 12:29:00,2020-08-27 12:59:00,0.5,0.0,0.0,MRO,System Operations,Complete loss of monitoring or control capability at its staffed Bulk Electric System control center for 30 continuous minutes or more.,"Nebraska: Douglas County, Burt County, Washington County, Dodge County, Colfax County, Saunders County, Sarpy County, Cass County, Otoe County, Johnson County, Nemaha County, Pawnee County, Richardson County;",2020.0,8.0,True,True
2888,2020,2020-08-27 17:11:00,2020-08-28 10:00:00,16.816666666666666,60687.0,100.0,NPCC,Severe Weather,"Loss of electric service to more than 50,000 customers for 1 hour or more.",Connecticut: Massachusetts: New Hampshire: Maine: Rhode Island: Vermont:,2020.0,8.0,True,True
2889,2020,2020-08-27 13:24:00,,,,208.0,TRE,Severe Weather,Firm load shedding of 100 Megawatts or more implemented under emergency operational policy.,"Texas: Montgomery County, Liberty County;",2020.0,8.0,False,False
2890,2020,2020-08-27 12:06:00,,,,350.0,TRE,Severe Weather,Firm load shedding of 100 Megawatts or more implemented under emergency operational policy.,Texas:,2020.0,8.0,False,False
2891,2020,2020-08-27 06:00:00,2020-08-27 06:05:00,0.08333333333333333,,2900.0,RF,Suspicious Activity,"Physical threat to its Facility excluding weather or natural disaster related threats, which has the potential to degrade the normal operation of the Facility. Or suspicious device or activity at its Facility.",West Virginia: Putnam County;,2020.0,8.0,True,False
2892,2020,2020-08-27 03:14:00,,,,,SERC,Severe Weather,"Loss of electric service to more than 50,000 customers for 1 hour or more.","Louisiana: Calcasieu Parish, Beauregard Parish, Iberia Parish, Acadia Parish, Evangeline Parish, Rapides Parish, St. Landry Parish, Vernon Parish;",2020.0,8.0,False,False
2893,2020,2020-08-28 16:27:00,2020-08-28 19:26:00,2.9833333333333334,0.0,0.0,WECC,Severe Weather,"Total generation loss, within one minute of: greater than or equal to 2,000 Megawatts in the Eastern or Western Interconnection or greater than or equal to 1,400 Megawatts in the ERCOT Interconnection.",Washington: Oregon:,2020.0,8.0,True,True
2894,2020,2020-08-28 00:25:00,2020-08-28 01:00:00,0.5833333333333334,0.0,0.0,NPCC,System Operations,Complete loss of monitoring or control capability at its staffed Bulk Electric System control center for 30 continuous minutes or more.,Maine:,2020.0,8.0,True,True
2895,2020,2020-08-29 03:35:00,2020-08-29 05:45:00,2.1666666666666665,,,TRE,Severe Weather,Complete loss of monitoring or control capability at its staffed Bulk Electric System control center for 30 continuous minutes or more.,Texas:,2020.0,8.0,True,False
2896,2020,2020-08-31 09:00:00,2020-08-31 15:53:00,6.883333333333334,0.0,0.0,WECC,Vandalism,Damage or destruction of its Facility that results from actual or suspected intentional human action.,Washington:,2020.0,8.0,True,True
2897,2020,2020-09-01 13:04:00,2020-09-01 13:05:00,0.016666666666666666,0.0,0.0,WECC,Suspicious Activity,"Physical threat to its Facility excluding weather or natural disaster related threats, which has the potential to degrade the normal operation of the Facility. Or suspicious device or activity at its Facility.",California: Los Angeles County;,2020.0,9.0,True,True
2898,2020,2020-09-03 13:46:00,2020-09-03 22:47:00,9.016666666666667,,,WECC,Transmission Interruption,"Unexpected Transmission loss within its area, contrary to design, of three or more Bulk Electric System Facilities caused by a common disturbance (excluding successful automatic reclosing).",Washington:,2020.0,9.0,True,False
2899,2020,2020-09-04 01:07:00,2020-09-04 01:37:00,0.5,0.0,0.0,FRCC,System Operations,Unplanned evacuation from its Bulk Electric System control center facility for 30 continuous minutes or more.,Florida: Pinellas County;,2020.0,9.0,True,True
2900,2020,2020-09-05 17:20:00,2020-09-05 20:37:00,3.283333333333333,,986.0,WECC,Severe Weather,Public appeal to reduce the use of electricity for purposes of maintaining the continuity of the Bulk Electric System.,California:,2020.0,9.0,True,False
2901,2020,2020-09-05 17:25:00,2020-09-05 20:55:00,3.5,20000.0,100.0,WECC,Severe Weather,Firm load shedding of 100 Megawatts or more implemented under emergency operational policy.,California: Imperial County;,2020.0,9.0,True,True
2902,2020,2020-09-06 16:00:00,2020-09-06 21:00:00,5.0,1400000.0,8180.0,WECC,Severe Weather,Public appeal to reduce the use of electricity for purposes of maintaining the continuity of the Bulk Electric System.,Nevada:,2020.0,9.0,True,True
2903,2020,2020-09-06 16:30:00,2020-09-06 21:05:00,4.583333333333333,,1071.0,WECC,System Operations,Public appeal to reduce the use of electricity for purposes of maintaining the continuity of the Bulk Electric System.,California:,2020.0,9.0,True,False
2904,2020,2020-09-06 17:36:00,2020-09-06 19:27:00,1.85,0.0,0.0,WECC,System Operations,"Total generation loss, within one minute of: greater than or equal to 2,000 Megawatts in the Eastern or Western Interconnection or greater than or equal to 1,400 Megawatts in the ERCOT Interconnection.",Washington: Oregon: California:,2020.0,9.0,True,True
2905,2020,2020-09-06 17:00:00,2020-09-07 03:00:00,10.0,72000.0,,WECC,Severe Weather,"Loss of electric service to more than 50,000 customers for 1 hour or more.",California: Los Angeles County;,2020.0,9.0,True,True
2906,2020,2020-09-07 22:40:00,2020-09-09 17:24:00,42.733333333333334,172000.0,610.0,WECC,Transmission Interruption,"Loss of electric service to more than 50,000 customers for 1 hour or more.",California:,2020.0,9.0,True,True
2907,2020,2020-09-07 18:00:00,2020-09-08 18:00:00,24.0,71500.0,,WECC,Severe Weather,"Loss of electric service to more than 50,000 customers for 1 hour or more.","Washington: Kitsap County, King County, Pierce County;",2020.0,9.0,True,True
2908,2020,2020-09-07 09:13:00,2020-09-08 06:00:00,20.783333333333335,21000.0,80.0,WECC,Natural Disaster,Complete operational failure or shut-down of the transmission and/or distribution of electrical system.,Washington:,2020.0,9.0,True,True
2909,2020,2020-09-07 19:05:00,2020-09-08 22:00:00,26.916666666666668,103000.0,2859.0,WECC,Severe Weather,"Loss of electric service to more than 50,000 customers for 1 hour or more.","Oregon: Multnomah County, Washington County, Clackamas County, Marion County, Yamhill County, Polk County;",2020.0,9.0,True,True
2910,2020,2020-09-08 09:50:00,2020-09-08 10:56:00,1.1,0.0,265.0,RF,System Operations,Complete loss of monitoring or control capability at its staffed Bulk Electric System control center for 30 continuous minutes or more.,Michigan: Ingham County;,2020.0,9.0,True,True
2911,2020,2020-09-09 22:16:00,2020-09-11 08:17:00,34.016666666666666,0.0,0.0,MRO,Suspicious Activity,"Physical threat to its Facility excluding weather or natural disaster related threats, which has the potential to degrade the normal operation of the Facility. Or suspicious device or activity at its Facility.",Minnesota: Sherburne County;,2020.0,9.0,True,True
2912,2020,2020-09-09 11:22:00,2020-09-09 13:04:00,1.7,0.0,0.0,WECC,Natural Disaster,"Unexpected Transmission loss within its area, contrary to design, of three or more Bulk Electric System Facilities caused by a common disturbance (excluding successful automatic reclosing).",Idaho:,2020.0,9.0,True,True
2913,2020,2020-09-15 22:00:00,2020-09-20 15:00:00,113.0,34096.0,236.0,SERC,Severe Weather/Transmission Interruption,"Loss of electric service to more than 50,000 customers for 1 hour or more.",Alabama: Florida: Georgia: Mississippi:,2020.0,9.0,True,True
2914,2020,2020-09-15 15:04:00,2020-09-15 15:37:00,0.55,0.0,0.0,MRO,System Operations,Complete loss of monitoring or control capability at its staffed Bulk Electric System control center for 30 continuous minutes or more.,North Dakota: South Dakota: Montana:,2020.0,9.0,True,True
2915,2020,2020-09-16 07:00:00,2020-09-18 06:00:00,47.0,0.0,0.0,FRCC,System Operations,Unplanned evacuation from its Bulk Electric System control center facility for 30 continuous minutes or more.,Florida: Escambia County;,2020.0,9.0,True,True
2916,2020,2020-09-16 03:00:00,2020-09-21 08:00:00,125.0,77600.0,0.0,SERC,Severe Weather,"Loss of electric service to more than 50,000 customers for 1 hour or more.",Alabama: Baldwin County;,2020.0,9.0,True,True
2917,2020,2020-09-16 02:09:00,2020-09-16 02:20:00,0.18333333333333332,0.0,0.0,NPCC,Vandalism,Damage or destruction of its Facility that results from actual or suspected intentional human action.,Maine: Oxford County;,2020.0,9.0,True,True
2918,2020,2020-09-20 20:01:00,2020-09-21 15:44:00,19.716666666666665,,0.0,SPP RE,Actual Physical Attack,Damage or destruction of its Facility that results from actual or suspected intentional human action.,Oklahoma: Canadian County;,2020.0,9.0,True,False
2919,2020,2020-09-22 10:02:00,2020-09-22 12:58:00,2.933333333333333,4350.0,8.0,WECC,System Operations,Electrical System Separation (Islanding) where part or parts of power grid remain(s) operational in an otherwise blacked out area or within the partial failure of an integrated electrical system.,California:,2020.0,9.0,True,True
2920,2020,2020-09-23 12:00:00,2020-09-23 13:00:00,1.0,0.0,0.0,RF,Vandalism,Damage or destruction of its Facility that results from actual or suspected intentional human action.,New Jersey:,2020.0,9.0,True,True
2921,2020,2020-09-26 05:17:00,2020-09-26 05:41:00,0.4,13000.0,26.0,WECC,Actual Physical Attack,"Physical threat to its Facility excluding weather or natural disaster related threats, which has the potential to degrade the normal operation of the Facility. Or suspicious device or activity at its Facility.",Nevada: Clark County;,2020.0,9.0,True,True
2922,2020,2020-09-27 18:27:00,2020-09-28 15:17:00,20.833333333333332,102267.0,337.0,WECC,Natural Disaster,"Loss of electric service to more than 50,000 customers for 1 hour or more.",California:,2020.0,9.0,True,True
2923,2020,2020-09-30 05:55:00,2020-09-30 23:30:00,17.583333333333332,155000.0,,NPCC,Severe Weather,"Loss of electric service to more than 50,000 customers for 1 hour or more.",Connecticut: Maine: Rhode Island: Massachusetts: New Hampshire: Vermont:,2020.0,9.0,True,True
2924,2020,2020-10-02 19:30:00,2020-10-04 06:30:00,35.0,0.0,0.0,SERC,Suspicious Activity,"Physical threat to its Facility excluding weather or natural disaster related threats, which has the potential to degrade the normal operation of the Facility. Or suspicious device or activity at its Facility.",Virginia: Hanover County;,2020.0,10.0,True,True
2925,2020,2020-10-07 13:45:00,2020-10-07 13:59:00,0.23333333333333334,39089.0,183.0,SERC,Transmission Interruption,"Unexpected Transmission loss within its area, contrary to design, of three or more Bulk Electric System Facilities caused by a common disturbance (excluding successful automatic reclosing).",Louisiana: Orleans Parish;,2020.0,10.0,True,True
2926,2020,2020-10-07 16:00:00,,,7500.0,,NPCC,Severe Weather,"Loss of electric service to more than 50,000 customers for 1 hour or more.",New York: Onondaga County;,2020.0,10.0,False,True
2927,2020,2020-10-07 18:50:00,2020-10-09 15:00:00,44.166666666666664,186600.0,,NPCC,Severe Weather,"Loss of electric service to more than 50,000 customers for 1 hour or more.",Connecticut: Massachusetts: Maine: New Hampshire: Rhode Island: Vermont:,2020.0,10.0,True,True
2928,2020,2020-10-09 10:44:00,2020-10-09 22:25:00,11.683333333333334,0.0,0.0,WECC,Transmission Interruption,"Unexpected Transmission loss within its area, contrary to design, of three or more Bulk Electric System Facilities caused by a common disturbance (excluding successful automatic reclosing).",Colorado:,2020.0,10.0,True,True
2929,2020,2020-10-09 20:00:00,2020-10-15 07:00:00,131.0,50000.0,200.0,SERC,Severe Weather,"Loss of electric service to more than 50,000 customers for 1 hour or more.",Louisiana:,2020.0,10.0,True,True
2930,2020,2020-10-09 19:50:00,2020-10-11 15:09:00,43.31666666666667,132200.0,,SERC,Severe Weather,"Loss of electric service to more than 50,000 customers for 1 hour or more.","Louisiana: Acadia Parish, Beauregard Parish, Calcasieu Parish, Evangeline Parish, Iberia Parish, Rapides Parish, Vernon Parish, Avoyelles Parish, Grant Parish, Natchitoches Parish, St. Landry Parish, St. Mary Parish, St. Tammany Parish;",2020.0,10.0,True,True
2931,2020,2020-10-09 17:30:00,2020-10-10 18:00:00,24.5,477966.0,,SERC,Severe Weather,"Loss of electric service to more than 50,000 customers for 1 hour or more.",Louisiana: Texas: Arkansas: Mississippi:,2020.0,10.0,True,True
2932,2020,2020-10-09 20:00:00,2020-10-10 06:00:00,10.0,50000.0,,SERC,Severe Weather,"Loss of electric service to more than 50,000 customers for 1 hour or more.",Louisiana: Lafayette Parish;,2020.0,10.0,True,True
2933,2020,2020-10-10 23:10:00,2020-10-10 23:15:00,0.08333333333333333,0.0,0.0,WECC,Transmission Interruption,"Unexpected Transmission loss within its area, contrary to design, of three or more Bulk Electric System Facilities caused by a common disturbance (excluding successful automatic reclosing).",Washington: Oregon:,2020.0,10.0,True,True
2934,2020,2020-10-10 08:05:00,2020-10-10 12:00:00,3.9166666666666665,0.0,0.0,WECC,System Operations,Unplanned evacuation from its Bulk Electric System control center facility for 30 continuous minutes or more.,Oregon: Clackamas County;,2020.0,10.0,True,True
2935,2020,2020-10-10 02:22:00,2020-10-10 05:00:00,2.6333333333333333,,,SERC,Severe Weather,Complete loss of monitoring or control capability at its staffed Bulk Electric System control center for 30 continuous minutes or more.,Louisiana: Lafayette Parish;,2020.0,10.0,True,False
2936,2020,2020-10-12 04:06:00,2020-10-12 04:07:00,0.016666666666666666,0.0,0.0,FRCC,Transmission Interruption,"Unexpected Transmission loss within its area, contrary to design, of three or more Bulk Electric System Facilities caused by a common disturbance (excluding successful automatic reclosing).",Florida: Polk County;,2020.0,10.0,True,True
2937,2020,2020-10-13 13:14:00,2020-10-14 14:00:00,24.766666666666666,76000.0,,WECC,Severe Weather,"Loss of electric service to more than 50,000 customers for 1 hour or more.","Washington: Whatcom County, King County, Pierce County, Thurston County, Kittitas County, Kitsap County;",2020.0,10.0,True,True
2938,2020,2020-10-14 18:26:00,2020-10-15 13:11:00,18.75,,18.0,TRE,Transmission Interruption,"Unexpected Transmission loss within its area, contrary to design, of three or more Bulk Electric System Facilities caused by a common disturbance (excluding successful automatic reclosing).",Texas: Pecos County;,2020.0,10.0,True,False
2939,2020,2020-10-15 23:43:00,,,0.0,0.0,WECC,Vandalism,Damage or destruction of its Facility that results from actual or suspected intentional human action.,Washington: Walla Walla County;,2020.0,10.0,False,True
2940,2020,2020-10-15 16:50:00,,,0.0,0.0,RF,System Operations,Unplanned evacuation from its Bulk Electric System control center facility for 30 continuous minutes or more.,Michigan:,2020.0,10.0,False,True
2941,2020,2020-10-16 14:00:00,2020-10-16 16:00:00,2.0,0.0,62.0,SERC,Vandalism,Damage or destruction of its Facility that results from actual or suspected intentional human action.,Kentucky:,2020.0,10.0,True,True
2942,2020,2020-10-20 18:48:00,2020-10-20 18:49:00,0.016666666666666666,0.0,0.0,SERC,Transmission Interruption,"Unexpected Transmission loss within its area, contrary to design, of three or more Bulk Electric System Facilities caused by a common disturbance (excluding successful automatic reclosing).",Illinois: Massac County;,2020.0,10.0,True,True
2943,2020,2020-10-22 08:00:00,2020-10-22 08:01:00,0.016666666666666666,0.0,0.0,WECC,Suspicious Activity,"Physical threat to its Facility excluding weather or natural disaster related threats, which has the potential to degrade the normal operation of the Facility. Or suspicious device or activity at its Facility.",Idaho:,2020.0,10.0,True,True
2944,2020,2020-10-22 22:48:00,2020-10-22 23:34:00,0.7666666666666667,0.0,0.0,FRCC,System Operations,Unplanned evacuation from its Bulk Electric System control center facility for 30 continuous minutes or more.,Florida: Pinellas County;,2020.0,10.0,True,True
2945,2020,2020-10-23 15:42:00,2020-10-23 23:11:00,7.483333333333333,,,RF,Transmission Interruption,"Unexpected Transmission loss within its area, contrary to design, of three or more Bulk Electric System Facilities caused by a common disturbance (excluding successful automatic reclosing).",Ohio:,2020.0,10.0,True,False
2946,2020,2020-10-23 15:46:00,2020-10-23 23:03:00,7.283333333333333,55506.0,,TRE,Severe Weather,"Loss of electric service to more than 50,000 customers for 1 hour or more.",Texas: Harris County;,2020.0,10.0,True,True
2947,2020,2020-10-24 20:13:00,2020-10-24 22:52:00,2.65,4.0,1.0,MRO,Transmission Interruption,"Unexpected Transmission loss within its area, contrary to design, of three or more Bulk Electric System Facilities caused by a common disturbance (excluding successful automatic reclosing).",Minnesota: Hennepin County;,2020.0,10.0,True,True
2948,2020,2020-10-25 14:32:00,2020-10-27 18:00:00,51.46666666666667,370000.0,1218.0,WECC,Severe Weather,"Loss of electric service to more than 50,000 customers for 1 hour or more.",California:,2020.0,10.0,True,True
2949,2020,2020-10-25 03:25:00,2020-10-25 03:45:00,0.3333333333333333,0.0,0.0,MRO,Suspicious Activity,Damage or destruction of its Facility that results from actual or suspected intentional human action.,Wisconsin: Milwaukee County; Michigan:,2020.0,10.0,True,True
2950,2020,2020-10-26 13:00:00,2020-11-07 19:00:00,294.0,447000.0,,SPP RE,Severe Weather,"Loss of electric service to more than 50,000 customers for 1 hour or more.","Oklahoma: Oklahoma County, Canadian County, Logan County, Cleveland County, Pottawatomie County;",2020.0,10.0,True,True
2951,2020,2020-10-26 11:24:00,2020-10-27 16:43:00,29.316666666666666,136833.0,,WECC,Severe Weather,"Loss of electric service to more than 50,000 customers for 1 hour or more.","California: Los Angeles County, Riverside County, San Bernardino County, Orange County, Kern County, Ventura County;",2020.0,10.0,True,True
2952,2020,2020-10-26 09:28:00,2020-10-26 12:20:00,2.8666666666666667,13000.0,75.0,WECC,Transmission Interruption,"Unexpected Transmission loss within its area, contrary to design, of three or more Bulk Electric System Facilities caused by a common disturbance (excluding successful automatic reclosing).",Colorado:,2020.0,10.0,True,True
2953,2020,2020-10-26 10:00:00,2020-10-26 10:15:00,0.25,0.0,64.0,SERC,Vandalism,Damage or destruction of its Facility that results from actual or suspected intentional human action.,Kentucky:,2020.0,10.0,True,True
2954,2020,2020-10-27 17:50:00,,,235000.0,,SPP RE,Severe Weather,"Loss of electric service to more than 50,000 customers for 1 hour or more.",Oklahoma:,2020.0,10.0,False,True
2955,2020,2020-10-28 21:37:00,2020-11-02 19:30:00,117.88333333333334,35478.0,253.0,SERC,Severe Weather,"Loss of electric service to more than 50,000 customers for 1 hour or more.",Alabama: Florida: Mississippi: Georgia:,2020.0,10.0,True,True
2956,2020,2020-10-28 18:00:00,2020-10-29 01:15:00,7.25,481268.0,,SERC,Severe Weather,"Loss of electric service to more than 50,000 customers for 1 hour or more.",Louisiana:,2020.0,10.0,True,True
2957,2020,2020-10-28 11:53:00,2020-10-28 15:26:00,3.55,,,TRE,Transmission Interruption,"Unexpected Transmission loss within its area, contrary to design, of three or more Bulk Electric System Facilities caused by a common disturbance (excluding successful automatic reclosing).",Texas:,2020.0,10.0,True,False
2958,2020,2020-10-28 10:28:00,2020-10-28 10:29:00,0.016666666666666666,,,TRE,Severe Weather,Electrical System Separation (Islanding) where part or parts of power grid remain(s) operational in an otherwise blacked out area or within the partial failure of an integrated electrical system.,Texas:,2020.0,10.0,True,False
2959,2020,2020-10-28 17:12:00,2020-10-29 16:30:00,23.3,72707.0,,SERC,Severe Weather,"Loss of electric service to more than 50,000 customers for 1 hour or more.","Louisiana: St. Tammany Parish, St. Mary Parish;",2020.0,10.0,True,True
2960,2020,2020-10-29 08:15:00,2020-10-31 18:45:00,58.5,461580.0,,SERC,Severe Weather,"Loss of electric service to more than 50,000 customers for 1 hour or more.",North Carolina: South Carolina:,2020.0,10.0,True,True
2961,2020,2020-10-29 11:58:00,2020-10-29 13:10:00,1.2,0.0,0.0,NPCC,System Operations,Complete loss of monitoring or control capability at its staffed Bulk Electric System control center for 30 continuous minutes or more.,Maine:,2020.0,10.0,True,True
2962,2020,2020-10-29 02:00:00,2020-10-31 09:00:00,55.0,90000.0,0.0,SERC,Severe Weather,"Loss of electric service to more than 50,000 customers for 1 hour or more.","Alabama: Baldwin County, Butler County, Clarke County, Conecuh County, Escambia County, Lee County, Lowndes County, Macon County, Montgomery County, Pike County, Russell County, Tallapoosa County, Talladega County, Washington County, Monroe County; Florida: Escambia County, Okaloosa County, Walton County, Santa Rosa County;",2020.0,10.0,True,True
2963,2020,2020-11-01 18:00:00,2020-11-01 18:09:00,0.15,85677.0,,RF,Severe Weather,"Loss of electric service to more than 50,000 customers for 1 hour or more.",Ohio:,2020.0,11.0,True,True
2964,2020,2020-11-01 12:31:00,2020-11-01 12:35:00,0.06666666666666667,0.0,0.0,WECC,Suspicious Activity,"Physical threat to its Facility excluding weather or natural disaster related threats, which has the potential to degrade the normal operation of the Facility. Or suspicious device or activity at its Facility.",California: Placer County;,2020.0,11.0,True,True
2965,2020,2020-11-02 11:12:00,2020-11-02 11:21:00,0.15,0.0,0.0,FRCC,Suspicious Activity,"Physical threat to its Facility excluding weather or natural disaster related threats, which has the potential to degrade the normal operation of the Facility. Or suspicious device or activity at its Facility.",Florida:,2020.0,11.0,True,True
2966,2020,2020-11-07 17:40:00,2020-11-07 22:10:00,4.5,0.0,0.0,WECC,Transmission Interruption,"Unexpected Transmission loss within its area, contrary to design, of three or more Bulk Electric System Facilities caused by a common disturbance (excluding successful automatic reclosing).",Colorado:,2020.0,11.0,True,True
2967,2020,2020-11-09 12:00:00,2020-11-10 09:45:00,21.75,0.0,0.0,NPCC,Vandalism,Damage or destruction of its Facility that results from actual or suspected intentional human action.,New Hampshire: Coos County;,2020.0,11.0,True,True
2968,2020,2020-11-10 10:42:00,2020-11-10 12:45:00,2.05,0.0,0.0,WECC,System Operations,Complete loss of monitoring or control capability at its staffed Bulk Electric System control center for 30 continuous minutes or more.,Arizona: Maricopa County;,2020.0,11.0,True,True
2969,2020,2020-11-13 00:20:00,2020-11-13 08:00:00,7.666666666666667,0.0,0.0,WECC,System Operations,Cyber event that could potentially impact electric power system adequacy or reliability.,Washington: Snohomish County;,2020.0,11.0,True,True
2970,2020,2020-11-14 07:40:00,,,0.0,0.0,WECC,Fuel Supply Deficiency,Fuel supply emergencies that could impact electric power system adequacy or reliability.,California: San Bernardino County;,2020.0,11.0,False,True
2971,2020,2020-11-15 15:08:00,2020-11-15 22:30:00,7.366666666666666,123361.0,,RF,Severe Weather,"Loss of electric service to more than 50,000 customers for 1 hour or more.",Ohio:,2020.0,11.0,True,True
2972,2020,2020-11-15 14:52:00,2020-11-16 05:59:00,15.116666666666667,96809.0,,RF,Severe Weather,"Loss of electric service to more than 50,000 customers for 1 hour or more.",Ohio:,2020.0,11.0,True,True
2973,2020,2020-11-15 12:30:00,2020-11-18 09:44:00,69.23333333333333,150000.0,,RF,Severe Weather,"Loss of electric service to more than 50,000 customers for 1 hour or more.","Michigan: Huron County, Livingston County, Macomb County, Monroe County, Wayne County, Washtenaw County, Tuscola County, St. Clair County, Lapeer County, Oakland County;",2020.0,11.0,True,True
2974,2020,2020-11-15 15:37:00,2020-11-17 12:15:00,44.63333333333333,57327.0,,RF,Severe Weather,"Loss of electric service to more than 50,000 customers for 1 hour or more.","Michigan: Iosco County, Oscoda County, Ogemaw County, Livingston County, Ionia County, Barry County;",2020.0,11.0,True,True
2975,2020,2020-11-15 23:05:00,2020-11-16 05:00:00,5.916666666666667,62408.0,,NPCC,Severe Weather,"Loss of electric service to more than 50,000 customers for 1 hour or more.",Connecticut: Massachusetts: Maine: New Hampshire: Rhode Island: Vermont:,2020.0,11.0,True,True
2976,2020,2020-11-15 11:30:00,2020-11-16 03:25:00,15.916666666666666,75000.0,,RF,Severe Weather,"Loss of electric service to more than 50,000 customers for 1 hour or more.",Ohio: West Virginia: Virginia: Indiana:,2020.0,11.0,True,True
2977,2020,2020-11-18 08:30:00,2020-11-18 10:50:00,2.3333333333333335,0.0,0.0,SERC,System Operations,Complete loss of monitoring or control capability at its staffed Bulk Electric System control center for 30 continuous minutes or more.,Missouri: Jackson County;,2020.0,11.0,True,True
2978,2020,2020-11-18 10:20:00,2020-11-18 11:18:00,0.9666666666666667,0.0,0.0,NPCC,System Operations,Complete loss of monitoring or control capability at its staffed Bulk Electric System control center for 30 continuous minutes or more.,Maine:,2020.0,11.0,True,True
2979,2020,2020-11-20 09:10:00,2020-11-20 09:22:00,0.2,,0.0,TRE,System Operations,Cyber event that causes interruptions of electrical system operations.,Texas: Kentucky: Arizona: New Mexico: Oregon: Washington:,2020.0,11.0,True,False
2980,2020,2020-11-21 11:59:00,2020-11-21 12:59:00,1.0,577.0,21.0,WECC,Actual Physical Attack,"Physical threat to its Facility excluding weather or natural disaster related threats, which has the potential to degrade the normal operation of the Facility. Or suspicious device or activity at its Facility.",Nevada: Clark County;,2020.0,11.0,True,True
2981,2020,2020-11-23 05:50:00,2020-11-23 07:27:00,1.6166666666666667,0.0,0.0,MRO,System Operations,Complete loss of monitoring or control capability at its staffed Bulk Electric System control center for 30 continuous minutes or more.,Wisconsin: Dane County;,2020.0,11.0,True,True
2982,2020,2020-11-30 14:33:00,2020-11-30 17:20:00,2.783333333333333,0.0,0.0,TRE,Transmission Interruption,"Unexpected Transmission loss within its area, contrary to design, of three or more Bulk Electric System Facilities caused by a common disturbance (excluding successful automatic reclosing).",Texas: El Paso County;,2020.0,11.0,True,True
2983,2020,2020-11-30 16:24:00,2020-12-01 14:25:00,22.016666666666666,116000.0,,NPCC,Severe Weather,"Loss of electric service to more than 50,000 customers for 1 hour or more.",Massachusetts: Maine: Connecticut: Rhode Island: Vermont: New Hampshire:,2020.0,11.0,True,True
2984,2020,2020-12-01 12:32:00,2020-12-01 22:50:00,10.3,170190.0,,RF,Severe Weather,"Loss of electric service to more than 50,000 customers for 1 hour or more.",Ohio:,2020.0,12.0,True,True
2985,2020,2020-12-03 09:01:00,2020-12-03 09:03:00,0.03333333333333333,0.0,89.0,WECC,Transmission Interruption,"Unexpected Transmission loss within its area, contrary to design, of three or more Bulk Electric System Facilities caused by a common disturbance (excluding successful automatic reclosing).",Colorado:,2020.0,12.0,True,True
2986,2020,2020-12-03 00:44:00,2020-12-05 11:03:00,58.31666666666667,73000.0,93.0,WECC,Severe Weather,"Loss of electric service to more than 50,000 customers for 1 hour or more.",California: San Diego County;,2020.0,12.0,True,True
2987,2020,2020-12-03 10:57:00,2020-12-04 15:02:00,28.083333333333332,51686.0,132.0,WECC,Severe Weather,"Loss of electric service to more than 50,000 customers for 1 hour or more.","California: Kern County, Los Angeles County, Orange County, Riverside County, San Bernardino County, San Diego County, Tulare County, Ventura County;",2020.0,12.0,True,True
2988,2020,2020-12-05 16:40:00,,,271231.0,,NPCC,Severe Weather,"Loss of electric service to more than 50,000 customers for 1 hour or more.",Connecticut: Massachusetts: Maine: New Hampshire: Rhode Island: Vermont:,2020.0,12.0,False,True
2989,2020,2020-12-06 09:45:00,2020-12-06 17:00:00,7.25,0.0,0.0,RF,System Operations,Unplanned evacuation from its Bulk Electric System control center facility for 30 continuous minutes or more.,Pennsylvania:,2020.0,12.0,True,True
2990,2020,2020-12-07 18:10:00,2020-12-08 21:09:00,26.983333333333334,76234.0,286.0,WECC,Severe Weather,"Loss of electric service to more than 50,000 customers for 1 hour or more.","California: Kern County, Los Angeles County, Orange County, Riverside County, San Bernardino County, Ventura County, Tulare County;",2020.0,12.0,True,True
2991,2020,2020-12-08 09:43:00,2020-12-08 10:33:00,0.8333333333333334,0.0,0.0,RF,System Operations,Complete loss of monitoring or control capability at its staffed Bulk Electric System control center for 30 continuous minutes or more.,Michigan: Wayne County;,2020.0,12.0,True,True
2992,2020,2020-12-09 13:20:00,2020-12-09 14:30:00,1.1666666666666667,0.0,0.0,MRO,System Operations,Complete loss of monitoring or control capability at its staffed Bulk Electric System control center for 30 continuous minutes or more.,Missouri: Kansas:,2020.0,12.0,True,True
2993,2020,2020-12-10 16:30:00,2020-12-12 05:00:00,36.5,0.0,0.0,WECC,System Operations,Unplanned evacuation from its Bulk Electric System control center facility for 30 continuous minutes or more.,Washington: King County;,2020.0,12.0,True,True
2994,2020,2020-12-11 22:51:00,2020-12-11 23:57:00,1.1,0.0,0.0,TRE,System Operations,Complete loss of monitoring or control capability at its staffed Bulk Electric System control center for 30 continuous minutes or more.,Texas: Harris County;,2020.0,12.0,True,True
2995,2020,2020-12-13 06:47:00,2020-12-13 07:36:00,0.8166666666666667,159239.0,298.0,WECC,System Operations,"Uncontrolled loss of 200 Megawatts or more of firm system loads for 15 minutes or more from a single incident for entities with previous year's peak demand less than or equal to 3,000 Megawatts.",California:,2020.0,12.0,True,True
2996,2020,2020-12-14 11:00:00,,,0.0,0.0,WECC,Cyber Event,Cyber event that could potentially impact electric power system adequacy or reliability.,Idaho: Oregon:,2020.0,12.0,False,True
2997,2020,2020-12-14 17:01:00,2020-12-14 17:34:00,0.55,0.0,0.0,WECC,System Operations,Complete loss of monitoring or control capability at its staffed Bulk Electric System control center for 30 continuous minutes or more.,California:,2020.0,12.0,True,True
2998,2020,2020-12-14 01:30:00,,,0.0,0.0,RF,Cyber Event,Cyber event that could potentially impact electric power system adequacy or reliability.,New Jersey: Pennsylvania: Maryland: Illinois: Delaware: District of Columbia:,2020.0,12.0,False,True
2999,2020,2020-12-16 23:20:00,2020-12-17 07:20:00,8.0,,,MRO,Transmission Interruption,"Unexpected Transmission loss within its area, contrary to design, of three or more Bulk Electric System Facilities caused by a common disturbance (excluding successful automatic reclosing).",Oklahoma:,2020.0,12.0,True,False
3000,2020,2020-12-17 08:07:00,2020-12-17 08:32:00,0.4166666666666667,17000.0,35.0,WECC,Severe Weather,Electrical System Separation (Islanding) where part or parts of power grid remain(s) operational in an otherwise blacked out area or within the partial failure of an integrated electrical system.,California:,2020.0,12.0,True,True
3001,2020,2020-12-17 16:19:00,2020-12-17 16:57:00,0.6333333333333333,0.0,0.0,RF,System Operations,Complete loss of monitoring or control capability at its staffed Bulk Electric System control center for 30 continuous minutes or more.,Michigan: Wayne County;,2020.0,12.0,True,True
3002,2020,2020-12-18 06:34:00,2020-12-18 09:51:00,3.283333333333333,0.0,0.0,WECC,Suspicious Activity,"Physical threat to its Facility excluding weather or natural disaster related threats, which has the potential to degrade the normal operation of the Facility. Or suspicious device or activity at its Facility.",Oregon: Clackamas County;,2020.0,12.0,True,True
3003,2020,2020-12-20 05:06:00,2020-12-20 05:22:00,0.26666666666666666,0.0,0.0,WECC,Cyber Event,Cyber event that could potentially impact electric power system adequacy or reliability.,California: Los Angeles County;,2020.0,12.0,True,True
3004,2020,2020-12-22 02:20:00,2020-12-22 02:21:00,0.016666666666666666,2000.0,0.0,WECC,Vandalism,"Physical threat to its Facility excluding weather or natural disaster related threats, which has the potential to degrade the normal operation of the Facility. Or suspicious device or activity at its Facility.",Washington: Pierce County;,2020.0,12.0,True,True
3005,2020,2020-12-24 23:40:00,,,68114.0,,RF,Severe Weather/Distribution Interruption,"Loss of electric service to more than 50,000 customers for 1 hour or more.","Pennsylvania: Bucks County, Chester County, Delaware County, Montgomery County, Philadelphia County, York County;",2020.0,12.0,False,True
3006,2020,2020-12-25 03:51:00,2020-12-25 03:52:00,0.016666666666666666,0.0,0.0,WECC,Vandalism,Damage or destruction of its Facility that results from actual or suspected intentional human action.,California:,2020.0,12.0,True,True
3007,2020,2020-12-25 18:51:00,2020-12-25 19:24:00,0.55,0.0,0.0,RF,Suspicious Activity,"Physical threat to its Facility excluding weather or natural disaster related threats, which has the potential to degrade the normal operation of the Facility. Or suspicious device or activity at its Facility.",Ohio: Kentucky:,2020.0,12.0,True,True
3008,2020,2020-12-25 07:55:00,2020-12-25 16:45:00,8.833333333333334,19000.0,,NPCC,Severe Weather,"Loss of electric service to more than 50,000 customers for 1 hour or more.",Connecticut: Maine: New Hampshire: Massachusetts: Rhode Island: Vermont:,2020.0,12.0,True,True
3009,2020,2020-12-28 17:31:00,2020-12-29 13:31:00,20.0,0.0,0.0,SERC,Vandalism,Damage or destruction of its Facility that results from actual or suspected intentional human action.,Virginia:,2020.0,12.0,True,True
3010,2021,2021-01-01 07:04:00,2021-01-01 07:05:00,0.016666666666666666,0.0,0.0,WECC,Vandalism,Physical attack that could potentially impact electric power system adequacy or reliability; or vandalism which targets components of any security systems.,California: Alameda County;,2021.0,1.0,True,True
3011,2021,2021-01-02 10:28:00,2021-01-02 10:29:00,0.016666666666666666,5803.0,8.0,WECC,System Operations,Electrical System Separation (Islanding) where part or parts of power grid remain(s) operational in an otherwise blacked out area or within the partial failure of an integrated electrical system.,California: Butte County;,2021.0,1.0,True,True
3012,2021,2021-01-04 10:34:00,2021-01-04 10:49:00,0.25,3825.0,6.0,RF,Transmission Interruption,"Unexpected Transmission loss within its area, contrary to design, of three or more Bulk Electric System Facilities caused by a common disturbance (excluding successful automatic reclosing).",Pennsylvania:,2021.0,1.0,True,True
3013,2021,2021-01-08 01:26:00,2021-01-08 02:45:00,1.3166666666666667,1908.0,,SERC,Sabotage,Damage or destruction of its Facility that results from actual or suspected intentional human action.,Arkansas: Prairie County;,2021.0,1.0,True,True
3014,2021,2021-01-10 22:44:00,2021-01-13 16:00:00,65.26666666666667,188000.0,,TRE,Severe Weather,"Loss of electric service to more than 50,000 customers for 1 hour or more.","Texas: Anderson County, Angelina County, Dallas County, Freestone County, Henderson County, Houston County, Leon County, Nacogdoches County, Smith County, Tarrant County;",2021.0,1.0,True,True
3015,2021,2021-01-11 05:00:00,2021-01-11 14:22:00,9.366666666666667,58000.0,,SERC,Severe Weather/Distribution Interruption,"Loss of electric service to more than 50,000 customers for 1 hour or more.",Louisiana: Texas:,2021.0,1.0,True,True
3016,2021,2021-01-12 23:50:00,2021-01-15 13:00:00,61.166666666666664,320000.0,100.0,WECC,Severe Weather,Electrical System Separation (Islanding) where part or parts of power grid remain(s) operational in an otherwise blacked out area or within the partial failure of an integrated electrical system.,"Washington: Kitsap County, Thurston County, King County, Pierce County, Skagit County, Whatcom County;",2021.0,1.0,True,True
3017,2021,2021-01-12 20:46:00,2021-01-13 16:00:00,19.233333333333334,94231.0,,WECC,Severe Weather,"Loss of electric service to more than 50,000 customers for 1 hour or more.","Oregon: Clackamas County, Multnomah County, Washington County;",2021.0,1.0,True,True
3018,2021,2021-01-12 23:49:00,2021-01-14 14:00:00,38.18333333333333,70000.0,150.0,WECC,Severe Weather/Distribution Interruption,"Loss of electric service to more than 50,000 customers for 1 hour or more.",Washington:,2021.0,1.0,True,True
3019,2021,2021-01-12 20:30:00,,,62000.0,200.0,WECC,Severe Weather/Transmission Interruption,"Loss of electric service to more than 50,000 customers for 1 hour or more.",Washington: Snohomish County;,2021.0,1.0,False,True
3020,2021,2021-01-13 03:43:00,2021-01-13 16:00:00,12.283333333333333,70417.0,185.0,WECC,Severe Weather,"Loss of electric service to more than 50,000 customers for 1 hour or more.",Washington: Idaho:,2021.0,1.0,True,True
3021,2021,2021-01-13 13:05:00,2021-01-13 13:06:00,0.016666666666666666,0.0,0.0,SERC,Vandalism,Damage or destruction of its Facility that results from actual or suspected intentional human action.,Georgia: Houston County;,2021.0,1.0,True,True
3022,2021,2021-01-15 17:48:00,2021-01-15 18:55:00,1.1166666666666667,0.0,0.0,SERC,System Operations,Complete loss of monitoring or control capability at its staffed Bulk Electric System control center for 30 continuous minutes or more.,Missouri:,2021.0,1.0,True,True
3023,2021,2021-01-18 14:07:00,2021-01-18 14:42:00,0.5833333333333334,0.0,0.0,NPCC,System Operations,Complete loss of monitoring or control capability at its staffed Bulk Electric System control center for 30 continuous minutes or more.,Connecticut:,2021.0,1.0,True,True
3024,2021,2021-01-19 09:31:00,2021-01-21 14:36:00,53.083333333333336,173746.0,,WECC,Severe Weather,"Loss of electric service to more than 50,000 customers for 1 hour or more.","California: Kern County, Los Angeles County, Riverside County, San Bernardino County, Ventura County, Orange County;",2021.0,1.0,True,True
3025,2021,2021-01-19 02:48:00,2021-01-20 11:41:00,32.88333333333333,124888.0,411.0,WECC,Severe Weather,"Loss of electric service to more than 50,000 customers for 1 hour or more.",California:,2021.0,1.0,True,True
3026,2021,2021-01-21 00:00:00,2021-02-03 16:55:00,328.9166666666667,0.0,0.0,TRE,Vandalism,Damage or destruction of its Facility that results from actual or suspected intentional human action.,Texas: Louisiana: Arkansas: Pulaski County; Mississippi:,2021.0,1.0,True,True
3027,2021,2021-01-23 07:00:00,2021-01-27 13:45:00,102.75,,29.0,SERC,Cyber Event,"Physical threat to its Facility excluding weather or natural disaster related threats, which has the potential to degrade the normal operation of the Facility. Or suspicious device or activity at its Facility.",Georgia: Laurens County;,2021.0,1.0,True,False
3028,2021,2021-01-23 07:45:00,2021-01-23 08:00:00,0.25,0.0,45.0,WECC,Suspicious Activity,"Physical threat to its Facility excluding weather or natural disaster related threats, which has the potential to degrade the normal operation of the Facility. Or suspicious device or activity at its Facility.","California: Placer County, Nevada County;",2021.0,1.0,True,True
3029,2021,2021-01-26 20:49:00,2021-01-28 21:14:00,48.416666666666664,255715.0,841.0,WECC,Severe Weather,"Loss of electric service to more than 50,000 customers for 1 hour or more.",California:,2021.0,1.0,True,True
3030,2021,2021-01-27 12:30:00,2021-01-27 16:18:00,3.8,0.0,0.0,NPCC,Vandalism,Damage or destruction of its Facility that results from actual or suspected intentional human action.,New Hampshire: Hillsborough County;,2021.0,1.0,True,True
3031,2021,2021-01-28 10:15:00,2021-01-28 16:46:00,6.516666666666667,0.0,0.0,NPCC,Vandalism,Damage or destruction of its Facility that results from actual or suspected intentional human action.,New Hampshire: Hillsborough County;,2021.0,1.0,True,True
3032,2021,2021-02-01 23:25:00,2021-02-02 01:12:00,1.7833333333333334,6102.0,13.0,TRE,Transmission Interruption,"Unexpected Transmission loss within its area, contrary to design, of three or more Bulk Electric System Facilities caused by a common disturbance (excluding successful automatic reclosing).",Texas: Kleberg County;,2021.0,2.0,True,True
3033,2021,2021-02-02 12:34:00,2021-02-02 15:43:00,3.15,4.0,5.0,MRO,Severe Weather/Transmission Interruption,Electrical System Separation (Islanding) where part or parts of power grid remain(s) operational in an otherwise blacked out area or within the partial failure of an integrated electrical system.,South Dakota: Hughes County;,2021.0,2.0,True,True
3034,2021,2021-02-02 09:25:00,2021-02-03 11:38:00,26.216666666666665,3.0,5.0,MRO,Severe Weather/Transmission Interruption,Electrical System Separation (Islanding) where part or parts of power grid remain(s) operational in an otherwise blacked out area or within the partial failure of an integrated electrical system.,South Dakota: Hughes County;,2021.0,2.0,True,True
3035,2021,2021-02-03 14:22:00,2021-02-04 22:32:00,32.166666666666664,1400.0,7.0,MRO,Transmission Interruption,"Unexpected Transmission loss within its area, contrary to design, of three or more Bulk Electric System Facilities caused by a common disturbance (excluding successful automatic reclosing).","North Dakota: Logan County, Emmons County, McIntosh County;",2021.0,2.0,True,True
3036,2021,2021-02-05 09:43:00,2021-02-05 11:19:00,1.6,0.0,0.0,SERC,Vandalism,Damage or destruction of its Facility that results from actual or suspected intentional human action.,Arkansas: Arkansas County;,2021.0,2.0,True,True
3037,2021,2021-02-06 06:50:00,2021-02-06 14:43:00,7.883333333333334,0.0,0.0,RF,Transmission Interruption,"Unexpected Transmission loss within its area, contrary to design, of three or more Bulk Electric System Facilities caused by a common disturbance (excluding successful automatic reclosing).",Ohio: Kentucky:,2021.0,2.0,True,True
3038,2021,2021-02-07 06:57:00,2021-02-07 07:34:00,0.6166666666666667,0.0,0.0,TRE,Suspicious Activity,"Physical threat to its Facility excluding weather or natural disaster related threats, which has the potential to degrade the normal operation of the Facility. Or suspicious device or activity at its Facility.",Texas: Cameron County;,2021.0,2.0,True,True
3039,2021,2021-02-08 07:04:00,2021-02-08 14:10:00,7.1,0.0,0.0,MRO,Transmission Interruption,"Unexpected Transmission loss within its area, contrary to design, of three or more Bulk Electric System Facilities caused by a common disturbance (excluding successful automatic reclosing).",Minnesota: St. Louis County;,2021.0,2.0,True,True
3040,2021,2021-02-08 18:19:00,2021-02-08 18:29:00,0.16666666666666666,0.0,0.0,NPCC,System Operations,Unplanned evacuation from its Bulk Electric System control center facility for 30 continuous minutes or more.,New Hampshire: Hillsborough County;,2021.0,2.0,True,True
3041,2021,2021-02-09 13:00:00,2021-02-10 14:21:00,25.35,0.0,0.0,WECC,Vandalism,Damage or destruction of its Facility that results from actual or suspected intentional human action.,Oregon: Tillamook County;,2021.0,2.0,True,True
3042,2021,2021-02-09 10:51:00,,,0.0,0.0,SERC,Transmission Interruption,"Unexpected Transmission loss within its area, contrary to design, of three or more Bulk Electric System Facilities caused by a common disturbance (excluding successful automatic reclosing).",North Carolina:,2021.0,2.0,False,True
3043,2021,2021-02-10 15:00:00,2021-02-23 15:00:00,312.0,2000000.0,,TRE,Severe Weather,"Loss of electric service to more than 50,000 customers for 1 hour or more.",Texas:,2021.0,2.0,True,True
3044,2021,2021-02-11 08:30:00,2021-02-22 09:00:00,264.5,,,SERC,Fuel Supply Deficiency,Fuel supply emergencies that could impact electric power system adequacy or reliability.,Illinois: Scott County;,2021.0,2.0,True,False
3045,2021,2021-02-11 19:21:00,2021-02-11 21:20:00,1.9833333333333334,0.0,0.0,WECC,Transmission Interruption,"Unexpected Transmission loss within its area, contrary to design, of three or more Bulk Electric System Facilities caused by a common disturbance (excluding successful automatic reclosing).",Colorado: Morgan County;,2021.0,2.0,True,True
3046,2021,2021-02-11 13:00:00,,,0.0,0.0,MRO,Fuel Supply Deficiency,Fuel supply emergencies that could impact electric power system adequacy or reliability.,Kansas:,2021.0,2.0,False,True
3047,2021,2021-02-12 21:00:00,2021-02-20 17:15:00,188.25,300187.0,,WECC,Severe Weather,"Loss of electric service to more than 50,000 customers for 1 hour or more.","Oregon: Clackamas County, Marion County, Polk County, Multnomah County, Washington County, Yamhill County;",2021.0,2.0,True,True
3048,2021,2021-02-12 15:30:00,2021-02-22 07:30:00,232.0,,,TRE,Fuel Supply Deficiency,Fuel supply emergencies that could impact electric power system adequacy or reliability.,Texas:,2021.0,2.0,True,False
3049,2021,2021-02-13 09:56:00,2021-02-13 11:01:00,1.0833333333333333,37583.0,164.0,WECC,Severe Weather,"Loss of electric service to more than 50,000 customers for 1 hour or more.",Washington: Lewis County;,2021.0,2.0,True,True
3050,2021,2021-02-13 13:30:00,2021-02-20 08:00:00,162.5,,,TRE,Severe Weather,Public appeal to reduce the use of electricity for purposes of maintaining the continuity of the Bulk Electric System.,Texas:,2021.0,2.0,True,False
3051,2021,2021-02-13 13:30:00,2021-02-19 21:00:00,151.5,55097.0,,RF,Severe Weather,"Loss of electric service to more than 50,000 customers for 1 hour or more.",West Virginia: Virginia:,2021.0,2.0,True,True
3052,2021,2021-02-13 08:32:00,2021-02-14 15:00:00,30.466666666666665,129000.0,,SERC,Severe Weather,"Loss of electric service to more than 50,000 customers for 1 hour or more.",South Carolina: North Carolina:,2021.0,2.0,True,True
3053,2021,2021-02-14 08:30:00,2021-02-19 18:00:00,129.5,,7214.0,TRE,Severe Weather,Public appeal to reduce the use of electricity for purposes of maintaining the continuity of the Bulk Electric System.,Texas:,2021.0,2.0,True,False
3054,2021,2021-02-14 08:30:00,2021-02-19 18:00:00,129.5,,,TRE,Severe Weather,Public appeal to reduce the use of electricity for purposes of maintaining the continuity of the Bulk Electric System.,Texas:,2021.0,2.0,True,False
3055,2021,2021-02-14 05:30:00,2021-02-18 10:00:00,100.5,,,MRO,Severe Weather,Public appeal to reduce the use of electricity for purposes of maintaining the continuity of the Bulk Electric System.,Oklahoma:,2021.0,2.0,True,False
3056,2021,2021-02-14 20:21:00,2021-02-18 09:30:00,85.15,125484.0,461.0,SERC,Severe Weather,Public appeal to reduce the use of electricity for purposes of maintaining the continuity of the Bulk Electric System.,Arkansas: Louisiana: Texas: Oklahoma:,2021.0,2.0,True,True
3057,2021,2021-02-14 20:00:00,2021-02-18 09:28:00,85.46666666666667,,3000.0,MRO,Severe Weather,Firm load shedding of 100 Megawatts or more implemented under emergency operational policy.,North Dakota: South Dakota: Nebraska: Kansas: Oklahoma: Texas:,2021.0,2.0,True,False
3058,2021,2021-02-14 19:05:00,,,,,SERC,Severe Weather,Public appeal to reduce the use of electricity for purposes of maintaining the continuity of the Bulk Electric System.,Missouri: Kansas:,2021.0,2.0,False,False
3059,2021,2021-02-14 20:32:00,,,0.0,0.0,MRO,Severe Weather,Public appeal to reduce the use of electricity for purposes of maintaining the continuity of the Bulk Electric System.,Nebraska: Lancaster County;,2021.0,2.0,False,True
3060,2021,2021-02-14 18:00:00,2021-02-16 22:00:00,52.0,0.0,0.0,SERC,Severe Weather,Public appeal to reduce the use of electricity for purposes of maintaining the continuity of the Bulk Electric System.,Missouri: Jasper County;,2021.0,2.0,True,True
3061,2021,2021-02-15 01:20:00,2021-02-18 00:42:00,71.36666666666666,,,TRE,Severe Weather,Firm load shedding of 100 Megawatts or more implemented under emergency operational policy.,"Texas: Hidalgo County, Cameron County;",2021.0,2.0,True,False
3062,2021,2021-02-15 01:20:00,2021-02-18 00:02:00,70.7,1390000.0,4966.0,TRE,Severe Weather,Firm load shedding of 100 Megawatts or more implemented under emergency operational policy.,Texas: Harris County;,2021.0,2.0,True,True
3063,2021,2021-02-15 16:00:00,2021-02-15 18:34:00,2.566666666666667,0.0,0.0,TRE,System Operations,Complete loss of monitoring or control capability at its staffed Bulk Electric System control center for 30 continuous minutes or more.,Texas: Travis County;,2021.0,2.0,True,True
3064,2021,2021-02-15 00:00:00,,,,500.0,TRE,Severe Weather,Firm load shedding of 100 Megawatts or more implemented under emergency operational policy.,Texas:,2021.0,2.0,False,False
3065,2021,2021-02-15 05:36:00,,,,300.0,TRE,Severe Weather,Firm load shedding of 100 Megawatts or more implemented under emergency operational policy.,Texas:,2021.0,2.0,False,False
3066,2021,2021-02-15 13:00:00,2021-02-20 10:00:00,117.0,175000.0,,TRE,Severe Weather,Firm load shedding of 100 Megawatts or more implemented under emergency operational policy.,Texas:,2021.0,2.0,True,True
3067,2021,2021-02-15 01:54:00,2021-02-17 23:56:00,70.03333333333333,,524.0,TRE,Severe Weather,Firm load shedding of 100 Megawatts or more implemented under emergency operational policy.,Texas:,2021.0,2.0,True,False
3068,2021,2021-02-15 01:20:00,2021-02-19 09:00:00,103.66666666666667,,7214.0,TRE,Severe Weather,Firm load shedding of 100 Megawatts or more implemented under emergency operational policy.,Texas:,2021.0,2.0,True,False
3069,2021,2021-02-15 15:00:00,2021-02-19 10:00:00,91.0,,,SERC,Severe Weather,Public appeal to reduce the use of electricity for purposes of maintaining the continuity of the Bulk Electric System.,Louisiana:,2021.0,2.0,True,False
3070,2021,2021-02-15 02:51:00,2021-02-19 09:00:00,102.15,219306.0,,TRE,Severe Weather,"Loss of electric service to more than 50,000 customers for 1 hour or more.",Texas: Travis County;,2021.0,2.0,True,True
3071,2021,2021-02-15 01:54:00,2021-02-19 09:00:00,103.1,,724.0,TRE,Severe Weather,Firm load shedding of 100 Megawatts or more implemented under emergency operational policy.,Texas: Travis County;,2021.0,2.0,True,False
3072,2021,2021-02-15 03:06:00,,,154000.0,,TRE,Severe Weather,"Loss of electric service to more than 50,000 customers for 1 hour or more.",Texas: Bexar County;,2021.0,2.0,False,True
3073,2021,2021-02-15 05:27:00,2021-02-18 08:18:00,74.85,,,TRE,Severe Weather,"Total generation loss, within one minute of: greater than or equal to 2,000 Megawatts in the Eastern or Western Interconnection or greater than or equal to 1,400 Megawatts in the ERCOT Interconnection.",Texas:,2021.0,2.0,True,False
3074,2021,2021-02-15 01:23:00,2021-02-19 05:30:00,100.11666666666666,,,TRE,Severe Weather,Firm load shedding of 100 Megawatts or more implemented under emergency operational policy.,Texas:,2021.0,2.0,True,False
3075,2021,2021-02-15 08:50:00,2021-02-18 09:30:00,72.66666666666667,,,MRO,Severe Weather,Public appeal to reduce the use of electricity for purposes of maintaining the continuity of the Bulk Electric System.,Kansas:,2021.0,2.0,True,False
3076,2021,2021-02-15 07:00:00,2021-02-18 09:00:00,74.0,0.0,0.0,MRO,Fuel Supply Deficiency,Fuel supply emergencies that could impact electric power system adequacy or reliability.,Oklahoma:,2021.0,2.0,True,True
3077,2021,2021-02-15 19:48:00,2021-02-18 10:30:00,62.7,,0.0,MRO,Fuel Supply Deficiency,Fuel supply emergencies that could impact electric power system adequacy or reliability.,Oklahoma: Kay County;,2021.0,2.0,True,False
3078,2021,2021-02-15 10:24:00,2021-02-18 09:52:00,71.46666666666667,29942.0,116.0,TRE,Severe Weather,Public appeal to reduce the use of electricity for purposes of maintaining the continuity of the Bulk Electric System.,Texas: Lubbock County;,2021.0,2.0,True,True
3079,2021,2021-02-15 18:00:00,2021-02-15 23:55:00,5.916666666666667,,,TRE,Severe Weather,Public appeal to reduce the use of electricity for purposes of maintaining the continuity of the Bulk Electric System.,Texas:,2021.0,2.0,True,False
3080,2021,2021-02-15 05:40:00,2021-02-16 13:11:00,31.516666666666666,,800.0,TRE,Severe Weather,Firm load shedding of 100 Megawatts or more implemented under emergency operational policy.,Texas:,2021.0,2.0,True,False
3081,2021,2021-02-15 06:45:00,,,,,TRE,Severe Weather,"Loss of electric service to more than 50,000 customers for 1 hour or more.",Texas: Arkansas:,2021.0,2.0,False,False
3082,2021,2021-02-15 05:00:00,2021-02-17 16:00:00,59.0,,,SERC,Severe Weather,Public appeal to reduce the use of electricity for purposes of maintaining the continuity of the Bulk Electric System.,Arkansas: Pulaski County;,2021.0,2.0,True,False
3083,2021,2021-02-15 17:00:00,2021-02-15 22:59:00,5.983333333333333,,,SERC,Severe Weather,Public appeal to reduce the use of electricity for purposes of maintaining the continuity of the Bulk Electric System.,Mississippi:,2021.0,2.0,True,False
3084,2021,2021-02-15 07:52:00,2021-02-17 14:15:00,54.38333333333333,25000.0,107.0,TRE,Severe Weather,Firm load shedding of 100 Megawatts or more implemented under emergency operational policy.,"Texas: Austin County, Bastrop County, Burleson County, Caldwell County, Colorado County, Fayette County, Gonzales County, Guadalupe County, Hays County, Lee County, Milam County, Travis County, Washington County, Williamson County;",2021.0,2.0,True,True
3085,2021,2021-02-15 06:51:00,2021-02-16 13:19:00,30.466666666666665,200000.0,350.0,MRO,Severe Weather,Firm load shedding of 100 Megawatts or more implemented under emergency operational policy.,Oklahoma:,2021.0,2.0,True,True
3086,2021,2021-02-15 18:00:00,2021-02-15 23:59:00,5.983333333333333,,,SERC,System Operations,Public appeal to reduce the use of electricity for purposes of maintaining the continuity of the Bulk Electric System.,Louisiana:,2021.0,2.0,True,False
3087,2021,2021-02-15 18:00:00,2021-02-15 23:59:00,5.983333333333333,,,TRE,Severe Weather,Public appeal to reduce the use of electricity for purposes of maintaining the continuity of the Bulk Electric System.,Texas:,2021.0,2.0,True,False
3088,2021,2021-02-15 14:00:00,2021-02-15 18:00:00,4.0,,,SERC,Fuel Supply Deficiency,Fuel supply emergencies that could impact electric power system adequacy or reliability.,Louisiana:,2021.0,2.0,True,False
3089,2021,2021-02-15 01:20:00,,,72000.0,360.0,TRE,Severe Weather,"Loss of electric service to more than 50,000 customers for 1 hour or more.",Texas:,2021.0,2.0,False,True
3090,2021,2021-02-15 12:18:00,2021-02-15 13:22:00,1.0666666666666667,,,SERC,Severe Weather,Firm load shedding of 100 Megawatts or more implemented under emergency operational policy.,Missouri: Kansas:,2021.0,2.0,True,False
3091,2021,2021-02-15 10:00:00,,,,613.0,MRO,Fuel Supply Deficiency,Fuel supply emergencies that could impact electric power system adequacy or reliability.,Nebraska: Lancaster County;,2021.0,2.0,False,False
3092,2021,2021-02-15 09:10:00,,,0.0,0.0,TRE,Severe Weather,Public appeal to reduce the use of electricity for purposes of maintaining the continuity of the Bulk Electric System.,Texas: Randall County;,2021.0,2.0,False,True
3093,2021,2021-02-15 05:36:00,,,,300.0,TRE,Severe Weather,Firm load shedding of 100 Megawatts or more implemented under emergency operational policy.,Texas:,2021.0,2.0,False,False
3094,2021,2021-02-15 00:00:00,,,,500.0,TRE,Severe Weather,Firm load shedding of 100 Megawatts or more implemented under emergency operational policy.,Texas:,2021.0,2.0,False,False
3095,2021,2021-02-16 07:03:00,2021-02-20 22:00:00,110.95,222000.0,,MRO,Severe Weather,Firm load shedding of 100 Megawatts or more implemented under emergency operational policy.,Kansas: Missouri:,2021.0,2.0,True,True
3096,2021,2021-02-16 18:19:00,,,,,SERC,Transmission Interruption,"Unexpected Transmission loss within its area, contrary to design, of three or more Bulk Electric System Facilities caused by a common disturbance (excluding successful automatic reclosing).",Arkansas:,2021.0,2.0,False,False
3097,2021,2021-02-16 17:45:00,2021-02-16 19:15:00,1.5,0.0,0.0,TRE,System Operations,Unplanned evacuation from its Bulk Electric System control center facility for 30 continuous minutes or more.,Texas: Travis County;,2021.0,2.0,True,True
3098,2021,2021-02-16 06:48:00,,,,360.0,SERC,Severe Weather,Firm load shedding of 100 Megawatts or more implemented under emergency operational policy.,Louisiana:,2021.0,2.0,False,False
3099,2021,2021-02-16 18:35:00,2021-02-17 01:00:00,6.416666666666667,,,TRE,Fuel Supply Deficiency,Public appeal to reduce the use of electricity for purposes of maintaining the continuity of the Bulk Electric System.,Texas:,2021.0,2.0,True,False
3100,2021,2021-02-16 23:28:00,,,0.0,0.0,TRE,System Operations,Unplanned evacuation from its Bulk Electric System control center facility for 30 continuous minutes or more.,Texas:,2021.0,2.0,False,True
3101,2021,2021-02-16 16:40:00,2021-02-20 00:00:00,79.33333333333333,,,SERC,Severe Weather,Public appeal to reduce the use of electricity for purposes of maintaining the continuity of the Bulk Electric System.,Missouri:,2021.0,2.0,True,False
3102,2021,2021-02-16 17:35:00,2021-02-17 00:00:00,6.416666666666667,,,SERC,Severe Weather,Public appeal to reduce the use of electricity for purposes of maintaining the continuity of the Bulk Electric System.,Mississippi:,2021.0,2.0,True,False
3103,2021,2021-02-16 07:20:00,2021-02-16 10:02:00,2.7,81100.0,126.0,MRO,Severe Weather,Firm load shedding of 100 Megawatts or more implemented under emergency operational policy.,"Nebraska: Douglas County, Burt County, Washington County, Dodge County, Colfax County, Saunders County, Sarpy County, Cass County, Otoe County, Johnson County, Nemaha County, Pawnee County, Richardson County;",2021.0,2.0,True,True
3104,2021,2021-02-16 05:30:00,2021-02-16 14:00:00,8.5,,1420.0,SERC,Severe Weather,Firm load shedding of 100 Megawatts or more implemented under emergency operational policy.,Louisiana: Texas: Illinois:,2021.0,2.0,True,False
3105,2021,2021-02-16 19:43:00,2021-02-16 21:41:00,1.9666666666666666,,700.0,SERC,Severe Weather,Firm load shedding of 100 Megawatts or more implemented under emergency operational policy.,Louisiana: Arkansas: Texas: Mississippi:,2021.0,2.0,True,False
3106,2021,2021-02-16 19:40:00,2021-02-17 01:00:00,5.333333333333333,,538.0,TRE,Severe Weather,Firm load shedding of 100 Megawatts or more implemented under emergency operational policy.,Texas:,2021.0,2.0,True,False
3107,2021,2021-02-16 07:17:00,2021-02-16 10:08:00,2.85,840000.0,168.0,TRE,Severe Weather,Public appeal to reduce the use of electricity for purposes of maintaining the continuity of the Bulk Electric System.,Texas:,2021.0,2.0,True,True
3108,2021,2021-02-16 18:35:00,2021-02-17 01:00:00,6.416666666666667,,,SERC,System Operations,Public appeal to reduce the use of electricity for purposes of maintaining the continuity of the Bulk Electric System.,Louisiana:,2021.0,2.0,True,False
3109,2021,2021-02-16 10:20:00,2021-02-16 13:20:00,3.0,0.0,0.0,WECC,System Operations,Unplanned evacuation from its Bulk Electric System control center facility for 30 continuous minutes or more.,Oregon: Multnomah County;,2021.0,2.0,True,True
3110,2021,2021-02-16 09:31:00,2021-02-16 10:27:00,0.9333333333333333,,31.0,MRO,Transmission Interruption,"Unexpected Transmission loss within its area, contrary to design, of three or more Bulk Electric System Facilities caused by a common disturbance (excluding successful automatic reclosing).",Nebraska: Custer County;,2021.0,2.0,True,False
3111,2021,2021-02-16 17:35:00,2021-02-17 00:00:00,6.416666666666667,,,SERC,Severe Weather,Public appeal to reduce the use of electricity for purposes of maintaining the continuity of the Bulk Electric System.,Louisiana: Lafayette Parish;,2021.0,2.0,True,False
3112,2021,2021-02-16 06:24:00,2021-02-16 10:41:00,4.283333333333333,18150.0,100.0,SERC,System Operations,Firm load shedding of 100 Megawatts or more implemented under emergency operational policy.,Louisiana:,2021.0,2.0,True,True
3113,2021,2021-02-16 01:00:00,2021-02-16 21:28:00,20.466666666666665,54167.0,,SERC,Severe Weather,"Loss of electric service to more than 50,000 customers for 1 hour or more.",Kentucky:,2021.0,2.0,True,True
3114,2021,2021-02-16 06:10:00,,,,130.0,SERC,Severe Weather/Transmission Interruption,Firm load shedding of 100 Megawatts or more implemented under emergency operational policy.,Missouri:,2021.0,2.0,False,False
3115,2021,2021-02-16 07:00:00,,,0.0,,RF,Cyber Event,Cyber event that could potentially impact electric power system adequacy or reliability.,New Jersey: Pennsylvania: Texas: California: Illinois: Colorado:,2021.0,2.0,False,True
3116,2021,2021-02-16 07:22:00,2021-02-16 08:00:00,0.6333333333333333,,153.0,SERC,Severe Weather,Firm load shedding of 100 Megawatts or more implemented under emergency operational policy.,"Louisiana: Allen Parish, St. Landry Parish, Evangeline Parish;",2021.0,2.0,True,False
3117,2021,2021-02-16 06:48:00,,,,402.0,SERC,Severe Weather,Firm load shedding of 100 Megawatts or more implemented under emergency operational policy.,Louisiana: Texas:,2021.0,2.0,False,False
3118,2021,2021-02-16 04:26:00,,,,300.0,TRE,Severe Weather,Firm load shedding of 100 Megawatts or more implemented under emergency operational policy.,Texas:,2021.0,2.0,False,False
3119,2021,2021-02-17 18:00:00,2021-02-17 23:00:00,5.0,,,SERC,System Operations,Public appeal to reduce the use of electricity for purposes of maintaining the continuity of the Bulk Electric System.,Louisiana:,2021.0,2.0,True,False
3120,2021,2021-02-17 18:00:00,2021-02-17 23:00:00,5.0,,,TRE,Severe Weather,Public appeal to reduce the use of electricity for purposes of maintaining the continuity of the Bulk Electric System.,Texas:,2021.0,2.0,True,False
3121,2021,2021-02-17 09:00:00,2021-02-19 09:00:00,48.0,,,MRO,Fuel Supply Deficiency,Fuel supply emergencies that could impact electric power system adequacy or reliability.,Kansas:,2021.0,2.0,True,False
3122,2021,2021-02-17 17:00:00,2021-02-17 22:00:00,5.0,,,SERC,Severe Weather,Public appeal to reduce the use of electricity for purposes of maintaining the continuity of the Bulk Electric System.,Mississippi:,2021.0,2.0,True,False
3123,2021,2021-02-17 10:30:00,2021-02-17 18:04:00,7.566666666666666,0.0,0.0,SERC,Transmission Interruption,"Unexpected Transmission loss within its area, contrary to design, of three or more Bulk Electric System Facilities caused by a common disturbance (excluding successful automatic reclosing).",North Carolina:,2021.0,2.0,True,True
3124,2021,2021-02-17 17:00:00,2021-02-17 22:00:00,5.0,67000.0,400.0,SERC,Severe Weather,Public appeal to reduce the use of electricity for purposes of maintaining the continuity of the Bulk Electric System.,Louisiana: Lafayette Parish;,2021.0,2.0,True,True
3125,2021,2021-02-17 06:38:00,2021-02-17 08:37:00,1.9833333333333334,0.0,0.0,TRE,System Operations,Complete loss of monitoring or control capability at its staffed Bulk Electric System control center for 30 continuous minutes or more.,Texas: Travis County;,2021.0,2.0,True,True
3126,2021,2021-02-19 06:48:00,,,,402.0,SERC,Severe Weather,Firm load shedding of 100 Megawatts or more implemented under emergency operational policy.,Louisiana: Texas:,2021.0,2.0,False,False
3127,2021,2021-02-19 21:00:00,2021-02-20 13:00:00,16.0,0.0,,TRE,Cyber Event,Cyber event that causes interruptions of electrical system operations.,Texas:,2021.0,2.0,True,True
3128,2021,2021-02-19 12:01:00,2021-02-19 12:41:00,0.6666666666666666,0.0,0.0,NPCC,System Operations,Complete loss of monitoring or control capability at its staffed Bulk Electric System control center for 30 continuous minutes or more.,New York: Broome County;,2021.0,2.0,True,True
3129,2021,2021-02-27 06:02:00,2021-02-27 09:51:00,3.816666666666667,0.0,,WECC,System Operations,Unplanned evacuation from its Bulk Electric System control center facility for 30 continuous minutes or more.,"Oregon: Multnomah County, Clackamas County;",2021.0,2.0,True,True
3130,2021,2021-02-28 12:42:00,2021-02-28 13:22:00,0.6666666666666666,0.0,0.0,TRE,System Operations,Complete loss of monitoring or control capability at its staffed Bulk Electric System control center for 30 continuous minutes or more.,Texas:,2021.0,2.0,True,True
3131,2021,2021-03-01 10:06:00,2021-03-09 12:00:00,193.9,0.0,0.0,NPCC,Cyber Event,Cyber event that could potentially impact electric power system adequacy or reliability.,New York: Greene County;,2021.0,3.0,True,True
3132,2021,2021-03-01 22:45:00,2021-03-02 18:35:00,19.833333333333332,69260.0,,NPCC,Severe Weather,"Loss of electric service to more than 50,000 customers for 1 hour or more.",Connecticut: Massachusetts: New Hampshire: Maine: Rhode Island: Vermont:,2021.0,3.0,True,True
3133,2021,2021-03-01 13:06:00,2021-03-01 13:07:00,0.016666666666666666,0.0,0.0,TRE,Vandalism,Damage or destruction of its Facility that results from actual or suspected intentional human action.,Texas: Nueces County;,2021.0,3.0,True,True
3134,2021,2021-03-02 13:03:00,2021-03-02 13:38:00,0.5833333333333334,0.0,0.0,SERC,System Operations,Complete loss of monitoring or control capability at its staffed Bulk Electric System control center for 30 continuous minutes or more.,Kentucky:,2021.0,3.0,True,True
3135,2021,2021-03-05 14:30:00,2021-03-05 15:00:00,0.5,0.0,0.0,RF,System Operations,Complete loss of monitoring or control capability at its staffed Bulk Electric System control center for 30 continuous minutes or more.,Indiana: Hamilton County;,2021.0,3.0,True,True
3136,2021,2021-03-06 03:21:00,2021-03-06 04:07:00,0.7666666666666667,24000.0,22.0,WECC,Severe Weather,Electrical System Separation (Islanding) where part or parts of power grid remain(s) operational in an otherwise blacked out area or within the partial failure of an integrated electrical system.,California: Tuolumne County;,2021.0,3.0,True,True
3137,2021,2021-03-08 04:36:00,2021-03-08 04:37:00,0.016666666666666666,0.0,0.0,WECC,Vandalism,Damage or destruction of its Facility that results from actual or suspected intentional human action.,Washington: Yakima County;,2021.0,3.0,True,True
3138,2021,2021-03-08 08:54:00,2021-03-08 08:55:00,0.016666666666666666,0.0,0.0,WECC,Suspicious Activity,"Physical threat to its Facility excluding weather or natural disaster related threats, which has the potential to degrade the normal operation of the Facility. Or suspicious device or activity at its Facility.",Oregon: Multnomah County;,2021.0,3.0,True,True
3139,2021,2021-03-11 08:10:00,2021-03-11 13:00:00,4.833333333333333,0.0,0.0,WECC,Vandalism,Damage or destruction of its Facility that results from actual or suspected intentional human action.,Washington:,2021.0,3.0,True,True
3140,2021,2021-03-17 06:27:00,2021-03-17 08:27:00,2.0,7381.0,43.0,RF,Transmission Interruption,"Unexpected Transmission loss within its area, contrary to design, of three or more Bulk Electric System Facilities caused by a common disturbance (excluding successful automatic reclosing).",Pennsylvania:,2021.0,3.0,True,True
3141,2021,2021-03-17 06:15:00,2021-03-18 12:00:00,29.75,148000.0,,TRE,Severe Weather,"Loss of electric service to more than 50,000 customers for 1 hour or more.","Texas: Dallas County, Tarrant County;",2021.0,3.0,True,True
3142,2021,2021-03-18 21:08:00,2021-03-19 22:31:00,25.383333333333333,916.0,4.0,WECC,Vandalism,Damage or destruction of its Facility that results from actual or suspected intentional human action.,Washington: Okanogan County;,2021.0,3.0,True,True
3143,2021,2021-03-19 10:30:00,2021-03-19 12:00:00,1.5,4200.0,,SERC,Vandalism,Damage or destruction of its Facility that results from actual or suspected intentional human action.,Louisiana: Lafourche Parish;,2021.0,3.0,True,True
3144,2021,2021-03-19 19:11:00,2021-03-19 19:59:00,0.8,,,RF,System Operations,Complete loss of monitoring or control capability at its staffed Bulk Electric System control center for 30 continuous minutes or more.,New Jersey:,2021.0,3.0,True,False
3145,2021,2021-03-19 08:59:00,2021-03-19 10:04:00,1.0833333333333333,0.0,0.0,NPCC,System Operations,Complete loss of monitoring or control capability at its staffed Bulk Electric System control center for 30 continuous minutes or more.,Maine:,2021.0,3.0,True,True
3146,2021,2021-03-21 04:01:00,2021-03-22 09:37:00,29.6,0.0,0.0,MRO,Suspicious Activity,"Physical threat to its Facility excluding weather or natural disaster related threats, which has the potential to degrade the normal operation of the Facility. Or suspicious device or activity at its Facility.",Minnesota: Hennepin County;,2021.0,3.0,True,True
3147,2021,2021-03-29 11:06:00,,,70000.0,,NPCC,Severe Weather,"Loss of electric service to more than 50,000 customers for 1 hour or more.",Connecticut: Massachusetts: Maine: Vermont: Rhode Island: New Hampshire:,2021.0,3.0,False,True
3148,2021,2021-03-29 10:30:00,,,0.0,,WECC,Vandalism,Damage or destruction of its Facility that results from actual or suspected intentional human action.,New Mexico:,2021.0,3.0,False,True
3149,2021,2021-03-30 16:18:00,2021-03-30 20:21:00,4.05,0.0,0.0,TRE,Transmission Interruption,"Unexpected Transmission loss within its area, contrary to design, of three or more Bulk Electric System Facilities caused by a common disturbance (excluding successful automatic reclosing).",Texas: Hidalgo County;,2021.0,3.0,True,True
3150,2021,2021-04-06 08:49:00,2021-04-06 08:50:00,0.016666666666666666,0.0,0.0,SERC,Vandalism,Physical attack that could potentially impact electric power system adequacy or reliability; or vandalism which targets components of any security systems.,Florida: Alachua County;,2021.0,4.0,True,True
3151,2021,2021-04-07 17:42:00,2021-04-07 22:09:00,4.45,0.0,0.0,RF,Suspicious Activity,"Physical threat to its Facility excluding weather or natural disaster related threats, which has the potential to degrade the normal operation of the Facility. Or suspicious device or activity at its Facility.",Ohio: Lake County;,2021.0,4.0,True,True
3152,2021,2021-04-07 10:18:00,2021-04-07 11:20:00,1.0333333333333334,0.0,0.0,TRE,System Operations,Complete loss of monitoring or control capability at its staffed Bulk Electric System control center for 30 continuous minutes or more.,Texas:,2021.0,4.0,True,True
3153,2021,2021-04-08 04:51:00,2021-04-10 20:00:00,63.15,0.0,0.0,WECC,Suspicious Activity,"Physical threat to its Facility excluding weather or natural disaster related threats, which has the potential to degrade the normal operation of the Facility. Or suspicious device or activity at its Facility.",California:,2021.0,4.0,True,True
3154,2021,2021-04-09 13:20:00,2021-04-10 00:40:00,11.333333333333334,0.0,0.0,TRE,Vandalism,Damage or destruction of its Facility that results from actual or suspected intentional human action.,Texas: Denton County;,2021.0,4.0,True,True
3155,2021,2021-04-12 00:44:00,2021-04-12 17:45:00,17.016666666666666,0.0,0.0,WECC,Actual Physical Attack,Damage or destruction of its Facility that results from actual or suspected intentional human action.,Colorado: Larimer County;,2021.0,4.0,True,True
3156,2021,2021-04-13 09:00:00,2021-04-13 10:00:00,1.0,0.0,0.0,TRE,Suspicious Activity,"Physical threat to its Facility excluding weather or natural disaster related threats, which has the potential to degrade the normal operation of the Facility. Or suspicious device or activity at its Facility.",Texas: Cameron County;,2021.0,4.0,True,True
3157,2021,2021-04-13 16:49:00,2021-04-13 20:30:00,3.683333333333333,0.0,0.0,TRE,Severe Weather,Public appeal to reduce the use of electricity for purposes of maintaining the continuity of the Bulk Electric System.,Texas:,2021.0,4.0,True,True
3158,2021,2021-04-13 00:37:00,2021-04-13 04:19:00,3.7,0.0,0.0,MRO,System Operations,Complete loss of monitoring or control capability at its staffed Bulk Electric System control center for 30 continuous minutes or more.,Wisconsin: Eau Claire County;,2021.0,4.0,True,True
3159,2021,2021-04-14 10:19:00,2021-04-14 11:39:00,1.3333333333333333,0.0,0.0,RF,System Operations,Complete loss of monitoring or control capability at its staffed Bulk Electric System control center for 30 continuous minutes or more.,District of Columbia: Delaware: Maryland: New Jersey: Pennsylvania:,2021.0,4.0,True,True
3160,2021,2021-04-21 20:31:00,2021-04-21 21:35:00,1.0666666666666667,0.0,0.0,MRO,Transmission Interruption,"Unexpected Transmission loss within its area, contrary to design, of three or more Bulk Electric System Facilities caused by a common disturbance (excluding successful automatic reclosing).",Minnesota: Dakota County;,2021.0,4.0,True,True
3161,2021,2021-04-21 13:13:00,2021-04-21 14:10:00,0.95,0.0,0.0,TRE,System Operations,Complete loss of monitoring or control capability at its staffed Bulk Electric System control center for 30 continuous minutes or more.,Texas: Travis County;,2021.0,4.0,True,True
3162,2021,2021-04-22 16:43:00,2021-04-22 17:14:00,0.5166666666666667,0.0,0.0,MRO,System Operations,Complete loss of monitoring or control capability at its staffed Bulk Electric System control center for 30 continuous minutes or more.,Wisconsin: Dane County;,2021.0,4.0,True,True
3163,2021,2021-04-22 05:15:00,,,0.0,0.0,WECC,Fuel Supply Deficiency,Fuel supply emergencies that could impact electric power system adequacy or reliability.,California:,2021.0,4.0,False,True
3164,2021,2021-04-24 22:08:00,2021-04-24 23:41:00,1.55,0.0,0.0,TRE,Suspicious Activity,"Physical threat to its Facility excluding weather or natural disaster related threats, which has the potential to degrade the normal operation of the Facility. Or suspicious device or activity at its Facility.",Texas: Cameron County;,2021.0,4.0,True,True
3165,2021,2021-04-24 21:00:00,2021-04-25 10:43:00,13.716666666666667,18860.0,137.0,SERC,Severe Weather,"Loss of electric service to more than 50,000 customers for 1 hour or more.",Alabama: Calhoun County; Georgia:,2021.0,4.0,True,True
3166,2021,2021-04-25 08:20:00,,,0.0,0.0,SERC,Vandalism,Damage or destruction of its Facility that results from actual or suspected intentional human action.,Tennessee: Davidson County;,2021.0,4.0,False,True
3167,2021,2021-04-26 11:18:00,2021-04-26 13:00:00,1.7,0.0,0.0,NPCC,System Operations,Complete loss of monitoring or control capability at its staffed Bulk Electric System control center for 30 continuous minutes or more.,Maine: Kennebec County;,2021.0,4.0,True,True
3168,2021,2021-05-02 19:58:00,2021-05-02 20:22:00,0.4,0.0,0.0,NPCC,System Operations,Unplanned evacuation from its Bulk Electric System control center facility for 30 continuous minutes or more.,New Hampshire: Hillsborough County;,2021.0,5.0,True,True
3169,2021,2021-05-03 11:21:00,2021-05-03 11:53:00,0.5333333333333333,0.0,0.0,MRO,System Operations,"Complete loss of monitoring or control capability at its staffed Bulk Electric System control center for 30 
                continuous minutes or more.",Oklahoma: Oklahoma County;,2021.0,5.0,True,True
3170,2021,2021-05-03 07:52:00,2021-05-03 07:53:00,0.016666666666666666,0.0,0.0,SERC,Suspicious Activity,"Physical threat to its Facility excluding weather or natural disaster related threats, which has the potential to degrade the normal operation of the Facility. Or suspicious device or activity at its Facility.",South Carolina: Cherokee County;,2021.0,5.0,True,True
3171,2021,2021-05-04 15:45:00,2021-05-05 10:00:00,18.25,104027.0,,SERC,Severe Weather,"Loss of electric service to more than 50,000 customers for 1 hour or more.",Arkansas:,2021.0,5.0,True,True
3172,2021,2021-05-04 18:06:00,2021-05-05 17:48:00,23.7,24457.0,175.0,SERC,Severe Weather,"Loss of electric service to more than 50,000 customers for 1 hour or more.",Mississippi: Alabama: Georgia:,2021.0,5.0,True,True
3173,2021,2021-05-05 11:50:00,2021-05-08 11:50:00,72.0,0.0,0.0,RF,Vandalism,Physical attack that could potentially impact electric power system adequacy or reliability; or vandalism which targets components of any security systems.,Michigan: Huron County;,2021.0,5.0,True,True
3174,2021,2021-05-06 17:00:00,2021-05-06 17:15:00,0.25,0.0,0.0,SERC,System Operations,Public appeal to reduce the use of electricity for purposes of maintaining the continuity of the Bulk Electric System.,Missouri: Jasper County;,2021.0,5.0,True,True
3175,2021,2021-05-10 02:28:00,2021-05-10 03:21:00,0.8833333333333333,0.0,0.0,RF,System Operations,"Complete loss of monitoring or control capability at its staffed Bulk Electric System control center for 30 
                continuous minutes or more.",Pennsylvania:,2021.0,5.0,True,True
3176,2021,2021-05-10 12:17:00,2021-05-10 12:54:00,0.6166666666666667,0.0,0.0,RF,System Operations,"Complete loss of monitoring or control capability at its staffed Bulk Electric System control center for 30 
                continuous minutes or more.","Indiana: Vanderburgh County, Warrick County, Posey County, Daviess County, Gibson County, Knox County, Spencer County;",2021.0,5.0,True,True
3177,2021,2021-05-11 23:01:00,2021-05-12 08:29:00,9.466666666666667,0.0,0.0,TRE,Vandalism,Physical attack that could potentially impact electric power system adequacy or reliability; or vandalism which targets components of any security systems.,Texas: Kinney County;,2021.0,5.0,True,True
3178,2021,2021-05-11 09:32:00,2021-05-11 10:38:00,1.1,0.0,0.0,MRO,System Operations,"Complete loss of monitoring or control capability at its staffed Bulk Electric System control center for 30 
                continuous minutes or more.",Wisconsin: Iowa:,2021.0,5.0,True,True
3179,2021,2021-05-14 22:00:00,2021-05-17 06:00:00,56.0,0.0,0.0,WECC,Vandalism,Damage or destruction of its Facility that results from actual or suspected intentional human action.,Idaho:,2021.0,5.0,True,True
3180,2021,2021-05-14 08:30:00,2021-05-14 16:00:00,7.5,0.0,0.0,RF,Suspicious Activity,"Physical threat to its Facility excluding weather or natural disaster related threats, which has the potential to degrade the normal operation of the Facility. Or suspicious device or activity at its Facility.",Pennsylvania: Montgomery County;,2021.0,5.0,True,True
3181,2021,2021-05-18 23:25:00,2021-05-19 20:30:00,21.083333333333332,125000.0,,TRE,Severe Weather,"Loss of electric service to more than 50,000 customers for 1 hour or more.",Texas: Harris County;,2021.0,5.0,True,True
3182,2021,2021-05-18 12:15:00,2021-05-18 20:18:00,8.05,0.0,0.0,RF,Vandalism,Damage or destruction of its Facility that results from actual or suspected intentional human action.,Delaware: New Castle County;,2021.0,5.0,True,True
3183,2021,2021-05-20 10:06:00,2021-05-20 13:45:00,3.65,35000.0,0.0,SERC,Transmission Interruption,"Unexpected Transmission loss within its area, contrary to design, of three or more Bulk Electric System Facilities caused by a common disturbance (excluding successful automatic reclosing).",Florida: Brevard County;,2021.0,5.0,True,True
3184,2021,2021-05-20 07:25:00,2021-05-20 07:26:00,0.016666666666666666,0.0,0.0,WECC,Vandalism,Physical attack that could potentially impact electric power system adequacy or reliability; or vandalism which targets components of any security systems.,California: Imperial County;,2021.0,5.0,True,True
3185,2021,2021-05-24 13:14:00,2021-05-24 13:15:00,0.016666666666666666,0.0,0.0,WECC,Vandalism,Physical attack that could potentially impact electric power system adequacy or reliability; or vandalism which targets components of any security systems.,Utah: San Juan County;,2021.0,5.0,True,True
3186,2021,2021-05-25 12:56:00,2021-05-25 13:41:00,0.75,0.0,0.0,RF,System Operations,Unplanned evacuation from its Bulk Electric System control center facility for 30 continuous minutes or more.,Ohio:,2021.0,5.0,True,True
3187,2021,2021-05-27 18:51:00,2021-05-28 15:56:00,21.083333333333332,0.0,0.0,WECC,Transmission Interruption,"Unexpected Transmission loss within its area, contrary to design, of three or more Bulk Electric System Facilities caused by a common disturbance (excluding successful automatic reclosing).",California: Nevada:,2021.0,5.0,True,True
3188,2021,2021-05-27 00:05:00,2021-05-27 00:45:00,0.6666666666666666,0.0,0.0,WECC,System Operations,Unplanned evacuation from its Bulk Electric System control center facility for 30 continuous minutes or more.,Oregon: Multnomah County;,2021.0,5.0,True,True
3189,2021,2021-05-28 21:24:00,2021-05-28 21:25:00,0.016666666666666666,10000.0,1850.0,SERC,Transmission Interruption,"Unexpected Transmission loss within its area, contrary to design, of three or more Bulk Electric System Facilities caused by a common disturbance (excluding successful automatic reclosing).",Florida: Duval County;,2021.0,5.0,True,True
3190,2021,2021-05-28 20:00:00,2021-05-28 21:29:00,1.4833333333333334,655.0,0.0,WECC,Actual Physical Attack,"Physical threat to its Facility excluding weather or natural disaster related threats, which has the potential to degrade the normal operation of the Facility. Or suspicious device or activity at its Facility.",California: Riverside County;,2021.0,5.0,True,True
3191,2021,2021-05-28 22:13:00,2021-05-28 23:34:00,1.35,0.0,0.0,MRO,System Operations,Unplanned evacuation from its Bulk Electric System control center facility for 30 continuous minutes or more.,Minnesota: St. Louis County;,2021.0,5.0,True,True
3192,2021,2021-06-06 14:57:00,2021-06-06 16:00:00,1.05,0.0,,RF,Transmission Interruption,"Unexpected Transmission loss within its area, contrary to design, of three or more Bulk Electric System Facilities caused by a common disturbance (excluding successful automatic reclosing).",Indiana: Clay County;,2021.0,6.0,True,True
3193,2021,2021-06-07 22:27:00,2021-06-08 00:33:00,2.1,1.0,23.0,MRO,Severe Weather/Transmission Interruption,"Unexpected Transmission loss within its area, contrary to design, of three or more Bulk Electric System Facilities caused by a common disturbance (excluding successful automatic reclosing).",Minnesota: North Dakota:,2021.0,6.0,True,True
3194,2021,2021-06-07 13:26:00,2021-06-07 13:27:00,0.016666666666666666,0.0,1435.0,TRE,Generation Inadequacy,"Total generation loss, within one minute of: greater than or equal to 2,000 Megawatts in the Eastern or Western Interconnection or greater than or equal to 1,400 Megawatts in the ERCOT Interconnection.","Texas: Somervell County, Ellis County;",2021.0,6.0,True,True
3195,2021,2021-06-07 15:19:00,2021-06-07 18:22:00,3.05,0.0,0.0,WECC,System Operations,Complete loss of monitoring or control capability at its staffed Bulk Electric System control center for 30 continuous minutes or more.,New Mexico: San Juan County;,2021.0,6.0,True,True
3196,2021,2021-06-08 15:00:00,2021-06-08 15:01:00,0.016666666666666666,0.0,0.0,TRE,Vandalism,Damage or destruction of its Facility that results from actual or suspected intentional human action.,Texas: Liberty County;,2021.0,6.0,True,True
3197,2021,2021-06-09 19:09:00,2021-06-09 20:50:00,1.6833333333333333,0.0,0.0,WECC,System Operations,Complete loss of monitoring or control capability at its staffed Bulk Electric System control center for 30 continuous minutes or more.,New Mexico: San Juan County;,2021.0,6.0,True,True
3198,2021,2021-06-10 22:28:00,2021-06-10 23:07:00,0.65,9800.0,90.0,MRO,Transmission Interruption,"Unexpected Transmission loss within its area, contrary to design, of three or more Bulk Electric System Facilities caused by a common disturbance (excluding successful automatic reclosing).",Kansas: Wyandotte County;,2021.0,6.0,True,True
3199,2021,2021-06-11 03:26:00,2021-06-11 03:48:00,0.36666666666666664,0.0,0.0,MRO,Severe Weather/Transmission Interruption,"Unexpected Transmission loss within its area, contrary to design, of three or more Bulk Electric System Facilities caused by a common disturbance (excluding successful automatic reclosing).",South Dakota: Brown County;,2021.0,6.0,True,True
3200,2021,2021-06-14 12:55:00,2021-06-18 19:00:00,102.08333333333333,,,TRE,System Operations,Public appeal to reduce the use of electricity for purposes of maintaining the continuity of the Bulk Electric System.,Texas:,2021.0,6.0,True,False
3201,2021,2021-06-14 12:15:00,2021-06-18 19:00:00,102.75,,,TRE,System Operations,Public appeal to reduce the use of electricity for purposes of maintaining the continuity of the Bulk Electric System.,Texas:,2021.0,6.0,True,False
3202,2021,2021-06-14 02:10:00,2021-06-14 02:11:00,0.016666666666666666,0.0,0.0,WECC,Suspicious Activity,"Physical threat to its Facility excluding weather or natural disaster related threats, which has the potential to degrade the normal operation of the Facility. Or suspicious device or activity at its Facility.",Utah: Salt Lake County;,2021.0,6.0,True,True
3203,2021,2021-06-15 11:55:00,2021-06-15 21:17:00,9.366666666666667,,,TRE,Cyber Event,Cyber event that could potentially impact electric power system adequacy or reliability.,Texas:,2021.0,6.0,True,False
3204,2021,2021-06-15 11:30:00,2021-06-15 13:35:00,2.0833333333333335,0.0,0.0,MRO,System Operations,Complete loss of monitoring or control capability at its staffed Bulk Electric System control center for 30 continuous minutes or more.,Kansas: Wyandotte County;,2021.0,6.0,True,True
3205,2021,2021-06-16 10:40:00,2021-06-16 10:43:00,0.05,1841.0,7.0,SERC,Transmission Interruption,"Unexpected Transmission loss within its area, contrary to design, of three or more Bulk Electric System Facilities caused by a common disturbance (excluding successful automatic reclosing).",Louisiana: West Baton Rouge Parish;,2021.0,6.0,True,True
3206,2021,2021-06-16 04:10:00,2021-06-16 06:39:00,2.4833333333333334,0.0,0.0,NPCC,System Operations,Complete loss of monitoring or control capability at its staffed Bulk Electric System control center for 30 continuous minutes or more.,Maine:,2021.0,6.0,True,True
3207,2021,2021-06-16 10:25:00,2021-06-16 15:16:00,4.85,0.0,0.0,SERC,Vandalism,Physical attack that could potentially impact electric power system adequacy or reliability; or vandalism which targets components of any security systems.,Florida: Alachua County;,2021.0,6.0,True,True
3208,2021,2021-06-19 18:54:00,2021-06-19 21:01:00,2.1166666666666667,51806.0,93.0,WECC,System Operations,"Loss of electric service to more than 50,000 customers for 1 hour or more.",California: Alameda County;,2021.0,6.0,True,True
3209,2021,2021-06-21 15:50:00,2021-06-21 16:50:00,1.0,0.0,0.0,SERC,Suspicious Activity,"Physical threat to its Facility excluding weather or natural disaster related threats, which has the potential to degrade the normal operation of the Facility. Or suspicious device or activity at its Facility.",Arkansas: Benton County;,2021.0,6.0,True,True
3210,2021,2021-06-21 05:14:00,2021-06-21 19:00:00,13.766666666666667,151852.0,,RF,Severe Weather,"Loss of electric service to more than 50,000 customers for 1 hour or more.",Michigan:,2021.0,6.0,True,True
3211,2021,2021-06-23 15:47:00,2021-06-23 16:44:00,0.95,0.0,0.0,SERC,System Operations,Complete loss of monitoring or control capability at its staffed Bulk Electric System control center for 30 continuous minutes or more.,Missouri: Boone County;,2021.0,6.0,True,True
3212,2021,2021-06-24 03:34:00,2021-06-24 05:07:00,1.55,7621.0,36.0,WECC,Transmission Interruption,Electrical System Separation (Islanding) where part or parts of a power grid remain(s) operational in an otherwise blacked out area or within the partial failure of an integrated electrical system.,California: Plumas County;,2021.0,6.0,True,True
3213,2021,2021-06-24 07:07:00,2021-06-24 13:48:00,6.683333333333334,0.0,0.0,SERC,Vandalism,Damage or destruction of its Facility that results from actual or suspected intentional human action.,Washington: Kittitas County;,2021.0,6.0,True,True
3214,2021,2021-06-27 20:10:00,2021-06-27 21:30:00,1.3333333333333333,1003.0,4.0,MRO,Vandalism,Damage or destruction of its Facility that results from actual or suspected intentional human action.,North Dakota: Morton County;,2021.0,6.0,True,True
3215,2021,2021-06-27 02:27:00,2021-06-27 03:30:00,1.05,982.0,,NPCC,Vandalism,Damage or destruction of its Facility that results from actual or suspected intentional human action.,New York: Jefferson County;,2021.0,6.0,True,True
3216,2021,2021-06-28 13:20:00,,,,44.0,WECC,Severe Weather,Public appeal to reduce the use of electricity for purposes of maintaining the continuity of the Bulk Electric System.,"Washington: Spokane County, Stevens County, Lincoln County, Adams County, Whitman County; Idaho: Kootenai County, Bonner County, Shoshone County, Boundary County, Benewah County, Latah County, Nez Perce County;",2021.0,6.0,False,False
3217,2021,2021-06-28 11:22:00,,,0.0,0.0,SERC,Transmission Interruption,"Unexpected Transmission loss within its area, contrary to design, of three or more Bulk Electric System Facilities caused by a common disturbance (excluding successful automatic reclosing).",North Carolina:,2021.0,6.0,False,True
3218,2021,2021-06-29 16:00:00,,,53000.0,,RF,Severe Weather,"Loss of electric service to more than 50,000 customers for 1 hour or more.","Michigan: Oakland County, Macomb County, Wayne County;",2021.0,6.0,False,True
3219,2021,2021-06-30 18:50:00,,,53103.0,,NPCC,Severe Weather,"Loss of electric service to more than 50,000 customers for 1 hour or more.",Connecticut: Massachusetts: Rhode Island: Vermont: New Hampshire: Maine:,2021.0,6.0,False,True
3220,2021,2021-07-03 23:08:00,2021-07-04 02:16:00,3.1333333333333333,34509.0,45.0,WECC,Vandalism,Damage or destruction of its Facility that results from actual or suspected intentional human action. - 17. Facility Physical Threat,New Mexico: Bernalillo County;,2021.0,7.0,True,True
3221,2021,2021-07-04 15:33:00,2021-07-04 20:32:00,4.983333333333333,0.0,0.0,WECC,Natural Disaster,"Unexpected Transmission loss within its area, contrary to design, of three or more Bulk Electric System Facilities caused by a common disturbance (excluding successful automatic reclosing).",Washington: Chelan County;,2021.0,7.0,True,True
3222,2021,2021-07-05 05:32:00,2021-07-05 08:58:00,3.433333333333333,0.0,0.0,NPCC,Transmission Interruption,"Unexpected Transmission loss within its area, contrary to design, of three or more Bulk Electric System Facilities caused by a common disturbance (excluding successful automatic reclosing).",New York:,2021.0,7.0,True,True
3223,2021,2021-07-05 14:04:00,2021-07-05 14:41:00,0.6166666666666667,0.0,0.0,RF/SERC,Transmission Interruption,Unplanned evacuation from its Bulk Electric System control center facility for 30 continuous minutes or more.,Ohio: Kentucky:,2021.0,7.0,True,True
3224,2021,2021-07-06 19:41:00,2021-07-06 21:50:00,2.15,136827.0,,RF,Severe Weather/Transmisison Interruption,"Loss of electric service to more than 50,000 customers for 1 hour or more",Ohio:,2021.0,7.0,True,True
3225,2021,2021-07-07 00:02:00,2021-07-07 00:20:00,0.3,0.0,450.0,SERC,Transmission Interruption,"Unexpected Transmission loss within its area, contrary to design, of three or more Bulk Electric System Facilities caused by a common disturbance (excluding successful automatic reclosing).",Florida: Polk County;,2021.0,7.0,True,True
3226,2021,2021-07-07 15:30:00,,,90000.0,,RF,Severe Weather,"Loss of electric service to more than 50,000 customers for 1 hour or more","Michigan: Macomb County, Oakland County, Monroe County, Livingston County, St. Clair County, Washtenaw County, Wayne County;",2021.0,7.0,False,True
3227,2021,2021-07-08 17:01:00,2021-07-08 17:24:00,0.38333333333333336,0.0,0.0,NPCC,Severe Weather/Transmisison Interruption,"Unexpected Transmission loss within its area, contrary to design, of three or more Bulk Electric System Facilities caused by a common disturbance (excluding successful automatic reclosing).",New York:,2021.0,7.0,True,True
3228,2021,2021-07-08 20:29:00,2021-07-08 20:33:00,0.06666666666666667,0.0,88.0,MRO,Severe Weather/Transmisison Interruption,"Unexpected Transmission loss within its area, contrary to design, of three or more Bulk Electric System Facilities caused by a common disturbance (excluding successful automatic reclosing).",North Dakota: Stark County;,2021.0,7.0,True,True
3229,2021,2021-07-09 17:44:00,2021-07-09 21:05:00,3.35,,810.0,WECC,Fuel Supply Deficiency,Public appeal to reduce the use of electricity for purposes of maintaining the continuity of the Bulk Electric System,California:,2021.0,7.0,True,False
3230,2021,2021-07-09 20:25:00,2021-07-10 21:00:00,24.583333333333332,47000.0,230.0,WECC,Severe Weather,Public appeal to reduce the use of electricity for purposes of maintaining the continuity of the Bulk Electric System,California: Shasta County;,2021.0,7.0,True,True
3231,2021,2021-07-10 00:30:00,2021-07-10 05:00:00,4.5,211500.0,,MRO/SERC,Severe Weather/Transmisison Interruption,"Loss of electric service to more than 50,000 customers for 1 hour or more",Nebraska: Missouri:,2021.0,7.0,True,True
3232,2021,2021-07-10 00:00:00,2021-07-11 16:00:00,40.0,188000.0,,MRO,Severe Weather,"Loss of electric service to more than 50,000 customers for 1 hour or more",Nebraska:,2021.0,7.0,True,True
3233,2021,2021-07-10 01:55:00,2021-07-10 01:56:00,0.016666666666666666,52000.0,,SERC,Severe Weather,"Loss of electric service to more than 50,000 customers for 1 hour or more",Missouri:,2021.0,7.0,True,True
3234,2021,2021-07-10 18:00:00,2021-07-10 21:00:00,3.0,1300000.0,9000.0,WECC,Transmission Interruption,Public appeal to reduce the use of electricity for purposes of maintaining the continuity of the Bulk Electric System,"Nevada: Clark County, Washoe County;",2021.0,7.0,True,True
3235,2021,2021-07-10 00:30:00,2021-07-10 05:00:00,4.5,212500.0,,MRO/SERC,Severe Weather/Transmisison Interruption,"Loss of electric service to more than 50,000 customers for 1 hour or more",Missouri: Nebraska:,2021.0,7.0,True,True
3236,2021,2021-07-11 18:00:00,2021-07-11 21:00:00,3.0,1300000.0,9000.0,WECC,Transmission Interruption,Public appeal to reduce the use of electricity for purposes of maintaining the continuity of the Bulk Electric System,"Nevada: Clark County, Washoe County;",2021.0,7.0,True,True
3237,2021,2021-07-12 15:51:00,2021-07-13 17:00:00,25.15,0.0,0.0,WECC,Sabotage,Damage or destruction of its Facility that results from actual or suspected intentional human action.,Colorado: Pueblo County;,2021.0,7.0,True,True
3238,2021,2021-07-14 14:15:00,2021-07-14 14:16:00,0.016666666666666666,11000.0,35.0,WECC,Severe Weather/Transmisison Interruption,Electrical System Separation (Islanding) where part or parts of a power grid remain(s) operational in an otherwise blacked out area or within the partial failure of an integrated electrical system,California: Plumas County;,2021.0,7.0,True,True
3239,2021,2021-07-18 04:00:00,2021-07-18 09:46:00,5.766666666666667,0.0,0.0,RF,Transmission Interruption,"Unexpected Transmission loss within its area, contrary to design, of three or more Bulk Electric System Facilities caused by a common disturbance (excluding successful automatic reclosing).",Illinois: Cook County;,2021.0,7.0,True,True
3240,2021,2021-07-20 16:21:00,2021-07-20 17:00:00,0.65,0.0,0.0,RF,System Operations,Complete loss of monitoring or control capability at its staffed Bulk Electric System control center for 30 continuous minutes or more.,Ohio:,2021.0,7.0,True,True
3241,2021,2021-07-21 14:45:00,2021-07-22 12:00:00,21.25,81503.0,,RF,Severe Weather,"Loss of electric service to more than 50,000 customers for 1 hour or more","Pennsylvania: Bucks County, Chester County, Delaware County, Montgomery County, Philadelphia County, York County;",2021.0,7.0,True,True
3242,2021,2021-07-22 14:00:00,2021-07-22 14:40:00,0.6666666666666666,0.0,220.0,WECC,System Operations,Complete loss of monitoring or control capability at its staffed Bulk Electric System control center for 30 continuous minutes or more.,California: Shasta County;,2021.0,7.0,True,True
3243,2021,2021-07-23 08:09:00,2021-07-23 08:30:00,0.35,3500.0,15.0,MRO/RF,System Operations,"Unexpected Transmission loss within its area, contrary to design, of three or more Bulk Electric System Facilities caused by a common disturbance (excluding successful automatic reclosing).",Minnesota: Hennepin County;,2021.0,7.0,True,True
3244,2021,2021-07-23 08:20:00,2021-07-23 10:45:00,2.4166666666666665,0.0,0.0,RF/SERC,System Operations,Complete loss of monitoring or control capability at its staffed Bulk Electric System control center for 30 continuous minutes or more.,Virginia: West Virginia:,2021.0,7.0,True,True
3245,2021,2021-07-24 20:30:00,,,225949.0,,RF,Severe Weather,"Loss of electric service to more than 50,000 customers for 1 hour or more","Michigan: Wayne County, Oakland County, Livingston County, Macomb County;",2021.0,7.0,False,True
3246,2021,2021-07-26 07:54:00,,,0.0,0.0,WECC,Vandalism,Damage or destruction of its Facility that results from actual or suspected intentional human action.,Nevada: Clark County;,2021.0,7.0,False,True
3247,2021,2021-07-28 12:54:00,2021-07-28 15:42:00,2.8,0.0,0.0,NPCC,System Operations,Complete loss of monitoring or control capability at its staffed Bulk Electric System control center for 30 continuous minutes or more.,Maine:,2021.0,7.0,True,True
3248,2021,2021-07-30 08:02:00,2021-07-30 09:34:00,1.5333333333333334,0.0,0.0,MRO,Cyber Event,Complete loss of monitoring or control capability at its staffed Bulk Electric System control center for 30 continuous minutes or more.,Wisconsin:,2021.0,7.0,True,True
3249,2021,2021-08-01 09:00:00,2021-08-04 09:00:00,72.0,0.0,0.0,WECC,Vandalism,Physical attack that could potentially impact electric power system adequacy or reliability; or vandalism which targets components of any security systems,Nevada: Clark County;,2021.0,8.0,True,True
3250,2021,2021-08-01 23:37:00,2021-08-02 00:00:00,0.38333333333333336,65888.0,95.0,WECC,Severe Weather,Electrical System Separation (Islanding) where part or parts of a power grid remain(s) operational in an otherwise blacked out area or within the partial failure of an integrated electrical system,"California: Humboldt County, Trinity County;",2021.0,8.0,True,True
3251,2021,2021-08-02 06:23:00,2021-08-02 15:55:00,9.533333333333333,19000.0,43.0,TRE,Severe Weather/Transmission Interruption,"Unexpected Transmission loss within its area, contrary to design, of three or more Bulk Electric System Facilities caused by a common disturbance (excluding successful automatic reclosing).",Texas: Hays County;,2021.0,8.0,True,True
3252,2021,2021-08-02 00:18:00,2021-08-02 10:47:00,10.483333333333333,9400.0,24.0,TRE,Severe Weather/Transmission Interruption,"Unexpected Transmission loss within its area, contrary to design, of three or more Bulk Electric System Facilities caused by a common disturbance (excluding successful automatic reclosing).",Texas: Hays County;,2021.0,8.0,True,True
3253,2021,2021-08-03 07:05:00,2021-08-03 07:32:00,0.45,0.0,0.0,TRE,Suspicious Activity,"Physical threat to its Facility excluding weather or natural disaster related threats, which has the potential to degrade the normal operation of the Facility. Or suspicious device or activity at its Facility.",Texas: Cameron County;,2021.0,8.0,True,True
3254,2021,2021-08-03 04:35:00,2021-08-03 05:28:00,0.8833333333333333,,4.0,WECC,System Operations,"Unexpected Transmission loss within its area, contrary to design, of three or more Bulk Electric System Facilities caused by a common disturbance (excluding successful automatic reclosing).",Oregon: Linn County;,2021.0,8.0,True,False
3255,2021,2021-08-10 22:30:00,2021-08-13 16:38:00,66.13333333333334,372600.0,,RF,Severe Weather,"Loss of electric service to more than 50,000 customers for 1 hour or more","Michigan: Allegan County, Antrim County, Barry County, Benzie County, Branch County, Calhoun County, Clare County, Clinton County, Crawford County, Eaton County, Genesee County, Gladwin County, Grand Traverse County, Gratiot County, Hillsdale County, Ingham County, Ionia County, Isabella County, Jackson County, Kalamazoo County, Kalkaska County, Kent County, Lake County, Leelanau County, Manistee County, Mason County, Mecosta County, Midland County, Missaukee County, Montcalm County, Muskegon County, Newaygo County, Oakland County, Oceana County, Ogemaw County, Osceola County, Oscoda County, Otsego County, Ottawa County, Roscommon County, Saginaw County, Shiawassee County, St. Joseph County, Van Buren County, Wexford County;",2021.0,8.0,True,True
3256,2021,2021-08-10 20:30:00,2021-08-11 19:00:00,22.5,318761.0,,RF/SERC,Severe Weather,"Loss of electric service to more than 50,000 customers for 1 hour or more",Illinois:,2021.0,8.0,True,True
3257,2021,2021-08-10 20:00:00,,,233000.0,,RF/SERC,Severe Weather,"Loss of electric service to more than 50,000 customers for 1 hour or more","Wisconsin: Waukesha County, Milwaukee County, Kenosha County, Racine County, Washington County, Ozaukee County;",2021.0,8.0,False,True
3258,2021,2021-08-11 15:35:00,,,700000.0,,RF,Severe Weather,"Loss of electric service to more than 50,000 customers for 1 hour or more","Michigan: Huron County, Macomb County, Lapeer County, Macomb County, Monroe County, Oakland County, St. Clair County, Tuscola County, Wayne County, Washtenaw County, Livingston County;",2021.0,8.0,False,True
3259,2021,2021-08-11 19:12:00,2021-08-11 21:49:00,2.6166666666666667,92109.0,,RF,Severe Weather,"Loss of electric service to more than 50,000 customers for 1 hour or more",Ohio:,2021.0,8.0,True,True
3260,2021,2021-08-12 18:57:00,2021-08-13 06:00:00,11.05,101000.0,,RF/SERC,Severe Weather,"Loss of electric service to more than 50,000 customers for 1 hour or more",Illinois: Missouri:,2021.0,8.0,True,True
3261,2021,2021-08-12 22:03:00,2021-08-12 22:44:00,0.6833333333333333,0.0,0.0,NPCC,System Operations,Unplanned evacuation from its Bulk Electric System control center facility for 30 continuous minutes or more.,Massachusetts:,2021.0,8.0,True,True
3262,2021,2021-08-15 17:17:00,2021-08-16 03:30:00,10.216666666666667,0.0,0.0,WECC,Actual Physical Attack,Physical attack that could potentially impact electric power system adequacy or reliability; or vandalism which targets components of any security systems,California: Solano County;,2021.0,8.0,True,True
3263,2021,2021-08-16 16:11:00,2021-08-16 16:31:00,0.3333333333333333,0.0,0.0,WECC,Vandalism,Damage or destruction of its Facility that results from actual or suspected intentional human action.,Montana: Flathead County;,2021.0,8.0,True,True
3264,2021,2021-08-17 19:15:00,2021-08-18 17:45:00,22.5,71000.0,234.0,WECC,Severe Weather,"Loss of electric service to more than 50,000 customers for 1 hour or more","California: Butte County, Colusa County, Glenn County, Lake County, Lassen County, Mendocino County, Napa County, Plumas County, Shasta County, Sierra County, Solano County, Sonoma County, Tehama County, Trinity County, Yolo County;",2021.0,8.0,True,True
3265,2021,2021-08-17 14:00:00,2021-08-18 14:00:00,24.0,0.0,,WECC,Vandalism,Damage or destruction of its Facility that results from actual or suspected intentional human action.,California: Kern County;,2021.0,8.0,True,True
3266,2021,2021-08-18 11:40:00,2021-08-18 12:13:00,0.55,0.0,0.0,TRE,System Operations,Complete loss of monitoring or control capability at its staffed Bulk Electric System control center for 30 continuous minutes or more.,Texas:,2021.0,8.0,True,True
3267,2021,2021-08-20 15:35:00,2021-08-20 16:35:00,1.0,0.0,0.0,WECC,Vandalism,Damage or destruction of its Facility that results from actual or suspected intentional human action.,California: Nevada County;,2021.0,8.0,True,True
3268,2021,2021-08-20 02:00:00,2021-08-20 03:00:00,1.0,0.0,0.0,WECC,Vandalism,"Physical threat to its Facility excluding weather or natural disaster related threats, which has the potential to degrade the normal operation of the Facility. Or suspicious device or activity at its Facility.",Oregon: Washington: Idaho: Utah: Salt Lake County; Wyoming:,2021.0,8.0,True,True
3269,2021,2021-08-21 10:14:00,2021-08-21 10:52:00,0.6333333333333333,418.0,0.0,WECC,Severe Weather,Electrical System Separation (Islanding) where part or parts of a power grid remain(s) operational in an otherwise blacked out area or within the partial failure of an integrated electrical system,Idaho: Elmore County;,2021.0,8.0,True,True
3270,2021,2021-08-22 12:11:00,2021-08-23 16:30:00,28.316666666666666,28134.0,,NPCC,Severe Weather,"Loss of electric service to more than 50,000 customers for 1 hour or more",Connecticut: Massachusetts: Maine: Rhode Island: Vermont:,2021.0,8.0,True,True
3271,2021,2021-08-24 21:37:00,,,65000.0,,RF,Severe Weather,"Loss of electric service to more than 50,000 customers for 1 hour or more","Michigan: Huron County, Lapeer County, Macomb County, Monroe County, Oakland County, St. Clair County, Wayne County, Washtenaw County;",2021.0,8.0,False,True
3272,2021,2021-08-24 17:00:00,2021-08-26 14:07:00,45.11666666666667,84987.0,,RF,Severe Weather,"Loss of electric service to more than 50,000 customers for 1 hour or more","Michigan: Arenac County, Bay County, Clare County, Genesee County, Gladwin County, Gratiot County, Isabella County, Iosco County, Kalamazoo County, Kent County, Barry County, Missaukee County, Montcalm County, Muskegon County, Newaygo County, Mecosta County, Midland County, Saginaw County, Ottawa County, Van Buren County;",2021.0,8.0,True,True
3273,2021,2021-08-27 06:16:00,2021-08-27 10:14:00,3.966666666666667,0.0,0.0,SERC,Suspicious Activity,"Physical threat to its Facility excluding weather or natural disaster related threats, which has the potential to degrade the normal operation of the Facility. Or suspicious device or activity at its Facility.",Arkansas: Pulaski County;,2021.0,8.0,True,True
3274,2021,2021-08-29 11:30:00,,,,,SERC,Severe Weather,"Loss of electric service to more than 50,000 customers for 1 hour or more",Louisiana:,2021.0,8.0,False,False
3275,2021,2021-08-29 18:04:00,2021-08-31 22:36:00,52.53333333333333,,,SERC,Severe Weather,Complete loss of off-site power (LOOP) affecting a nuclear generating station per the Nuclear Plant Interface Requirements.,Louisiana: St. Charles Parish;,2021.0,8.0,True,False
3276,2021,2021-08-29 18:00:00,2021-09-03 13:41:00,115.68333333333334,91315.0,,SERC,Severe Weather,"Loss of electric service to more than 50,000 customers for 1 hour or more",Louisiana:,2021.0,8.0,True,True
3277,2021,2021-08-29 22:39:00,2021-09-03 08:38:00,105.98333333333333,50000.0,,SERC,Severe Weather,"Loss of electric service to more than 50,000 customers for 1 hour or more",Louisiana:,2021.0,8.0,True,True
3278,2021,2021-08-29 20:25:00,,,0.0,796.0,NPCC,Transmission Interruption,"Unexpected Transmission loss within its area, contrary to design, of three or more Bulk Electric System Facilities caused by a common disturbance (excluding successful automatic reclosing).",New York:,2021.0,8.0,False,True
3279,2021,2021-08-29 09:32:00,2021-08-29 21:32:00,12.0,,,SERC,Transmission Interruption,"Unexpected Transmission loss within its area, contrary to design, of three or more Bulk Electric System Facilities caused by a common disturbance (excluding successful automatic reclosing).",Louisiana: Pointe Coupee Parish;,2021.0,8.0,True,False
3280,2021,2021-08-29 17:53:00,,,,,SERC,Severe Weather,Electrical System Separation (Islanding) where part or parts of a power grid remain(s) operational in an otherwise blacked out area or within the partial failure of an integrated electrical system,Louisiana:,2021.0,8.0,False,False
3281,2021,2021-08-30 21:17:00,2021-09-01 15:19:00,42.03333333333333,0.0,0.0,SERC,Actual Physical Attack,Damage or destruction of its Facility that results from actual or suspected intentional human action.,Florida: Leon County;,2021.0,8.0,True,True
3282,2021,2021-09-01 06:22:00,2021-09-01 15:56:00,9.566666666666666,0.0,0.0,WECC,Vandalism,Physical attack that could potentially impact electric power system adequacy or reliability; or vandalism which targets components of any security systems,California: Santa Clara County;,2021.0,9.0,True,True
3283,2021,2021-09-01 17:30:00,2021-09-02 02:00:00,8.5,252740.0,,RF,Severe Weather,"Loss of electric service to more than 50,000 customers for 1 hour or more","Pennsylvania: Bucks County, Chester County, Delaware County, Montgomery County, Philadelphia County, York County;",2021.0,9.0,True,True
3284,2021,2021-09-02 14:07:00,2021-09-02 14:10:00,0.05,0.0,0.0,TRE,Suspicious Activity,"Physical threat to its Facility excluding weather or natural disaster related threats, which has the potential to degrade the normal operation of the Facility. Or suspicious device or activity at its Facility.",Texas: Williamson County;,2021.0,9.0,True,True
3285,2021,2021-09-07 17:30:00,2021-09-09 09:00:00,39.5,80000.0,,RF,Severe Weather,"Loss of electric service to more than 50,000 customers for 1 hour or more","Michigan: Osceola County, Kalamazoo County, Van Buren County, Saginaw County, Arenac County, Lake County, Clare County, Mecosta County;",2021.0,9.0,True,True
3286,2021,2021-09-07 20:00:00,2021-09-09 07:00:00,35.0,60000.0,,RF,Severe Weather,"Loss of electric service to more than 50,000 customers for 1 hour or more",Michigan: Wayne County;,2021.0,9.0,True,True
3287,2021,2021-09-08 12:15:00,2021-09-08 12:38:00,0.38333333333333336,1.0,37.0,MRO,Transmission Interruption,"Unexpected Transmission loss within its area, contrary to design, of three or more Bulk Electric System Facilities caused by a common disturbance (excluding successful automatic reclosing).",North Dakota: Cass County;,2021.0,9.0,True,True
3288,2021,2021-09-09 16:00:00,2021-09-09 17:30:00,1.5,0.0,0.0,WECC,Vandalism,Damage or destruction of its Facility that results from actual or suspected intentional human action.,California:,2021.0,9.0,True,True
3289,2021,2021-09-09 17:00:00,2021-09-09 20:00:00,3.0,1300000.0,8000.0,WECC,System Operations,Public appeal to reduce the use of electricity for purposes of maintaining the continuity of the Bulk Electric System,"Nevada: Clark County, Washoe County;",2021.0,9.0,True,True
3290,2021,2021-09-10 11:17:00,2021-09-10 11:19:00,0.03333333333333333,1.0,6.0,MRO,Transmission Interruption,"Unexpected Transmission loss within its area, contrary to design, of three or more Bulk Electric System Facilities caused by a common disturbance (excluding successful automatic reclosing).",North Dakota: McKenzie County;,2021.0,9.0,True,True
3291,2021,2021-09-10 14:05:00,,,0.0,0.0,MRO,Vandalism,Damage or destruction of its Facility that results from actual or suspected intentional human action.,Iowa: Polk County;,2021.0,9.0,False,True
3292,2021,2021-09-10 07:20:00,2021-09-10 09:05:00,1.75,59649.0,89.0,WECC,Severe Weather,"Loss of electric service to more than 50,000 customers for 1 hour or more",California:,2021.0,9.0,True,True
3293,2021,2021-09-10 01:55:00,2021-09-10 02:04:00,0.15,,75.0,SERC,Severe Weather,"Unexpected Transmission loss within its area, contrary to design, of three or more Bulk Electric System Facilities caused by a common disturbance (excluding successful automatic reclosing).",Florida: Citrus County;,2021.0,9.0,True,False
3294,2021,2021-09-11 08:32:00,,,0.0,0.0,TRE/SERC,Actual Physical Attack,Physical attack that could potentially impact electric power system adequacy or reliability; or vandalism which targets components of any security systems,Texas: Austin County; California: Los Angeles County;,2021.0,9.0,False,True
3295,2021,2021-09-13 12:18:00,2021-09-13 13:15:00,0.95,0.0,0.0,WECC,Transmission Interruption,"Unexpected Transmission loss within its area, contrary to design, of three or more Bulk Electric System Facilities caused by a common disturbance (excluding successful automatic reclosing).",Washington: Skagit County;,2021.0,9.0,True,True
3296,2021,2021-09-13 23:59:00,,,204280.0,,TRE,Severe Weather,"Loss of electric service to more than 50,000 customers for 1 hour or more",Texas: Harris County;,2021.0,9.0,False,True
3297,2021,2021-09-13 13:10:00,,,0.0,0.0,TRE,Transmission Interruption,Damage or destruction of its Facility that results from actual or suspected intentional human action.,Texas: Midland County;,2021.0,9.0,False,True
3298,2021,2021-09-13 18:00:00,2021-09-14 00:49:00,6.816666666666666,66589.0,,TRE,Severe Weather,"Loss of electric service to more than 50,000 customers for 1 hour or more",Texas: Harris County;,2021.0,9.0,True,True
3299,2021,2021-09-14 00:35:00,2021-09-18 19:20:00,114.75,705415.0,1905.0,TRE,Severe Weather,"Loss of electric service to more than 50,000 customers for 1 hour or more",Texas: Harris County;,2021.0,9.0,True,True
3300,2021,2021-09-14 07:36:00,2021-09-15 01:48:00,18.2,,0.0,TRE,Severe Weather,Electrical System Separation (Islanding) where part or parts of a power grid remain(s) operational in an otherwise blacked out area or within the partial failure of an integrated electrical system,Texas:,2021.0,9.0,True,False
3301,2021,2021-09-14 07:52:00,2021-09-14 22:44:00,14.866666666666667,,0.0,TRE,Severe Weather,Electrical System Separation (Islanding) where part or parts of a power grid remain(s) operational in an otherwise blacked out area or within the partial failure of an integrated electrical system,Texas:,2021.0,9.0,True,False
3302,2021,2021-09-15 22:42:00,2021-09-16 00:37:00,1.9166666666666667,0.0,0.0,TRE/SERC/WECC,System Operations,Unplanned evacuation from its Bulk Electric System control center facility for 30 continuous minutes or more.,Texas: Kentucky: Arizona: New Mexico: Oregon: Washington:,2021.0,9.0,True,True
3303,2021,2021-09-16 14:49:00,2021-09-16 20:02:00,5.216666666666667,4000.0,100.0,MRO/SERC,Transmission Interruption,"Unexpected Transmission loss within its area, contrary to design, of three or more Bulk Electric System Facilities caused by a common disturbance (excluding successful automatic reclosing).",Oklahoma:,2021.0,9.0,True,True
3304,2021,2021-09-16 14:49:00,2021-09-16 20:02:00,5.216666666666667,4000.0,100.0,MRO/SERC,Transmission Interruption,"Unexpected Transmission loss within its area, contrary to design, of three or more Bulk Electric System Facilities caused by a common disturbance (excluding successful automatic reclosing).",Oklahoma:,2021.0,9.0,True,True
3305,2021,2021-09-17 23:00:00,2021-09-19 12:00:00,37.0,87000.0,,WECC,Severe Weather/Transmission Interruption,"Loss of electric service to more than 50,000 customers for 1 hour or more","Washington: Pierce County, Whatcom County, Skagit County, King County;",2021.0,9.0,True,True
3306,2021,2021-09-17 03:50:00,2021-09-18 04:08:00,24.3,0.0,0.0,RF,Suspicious Activity,"Physical threat to its Facility excluding weather or natural disaster related threats, which has the potential to degrade the normal operation of the Facility. Or suspicious device or activity at its Facility.",Indiana:,2021.0,9.0,True,True
3307,2021,2021-09-17 03:00:00,2021-09-18 22:00:00,43.0,82000.0,,MRO,Severe Weather,"Loss of electric service to more than 50,000 customers for 1 hour or more",Minnesota:,2021.0,9.0,True,True
3308,2021,2021-09-18 04:30:00,2021-09-18 06:00:00,1.5,0.0,0.0,RF,Suspicious Activity,"Physical threat to its Facility excluding weather or natural disaster related threats, which has the potential to degrade the normal operation of the Facility. Or suspicious device or activity at its Facility.",Indiana: Hamilton County;,2021.0,9.0,True,True
3309,2021,2021-09-22 17:17:00,,,136000.0,,RF,Severe Weather,"Loss of electric service to more than 50,000 customers for 1 hour or more","Michigan: Lenawee County, Livingston County, Genesee County, Tuscola County, Huron County, Sanilac County, Lapeer County, St. Clair County, Macomb County, Oakland County, Washtenaw County, Wayne County, Monroe County;",2021.0,9.0,False,True
3310,2021,2021-09-22 09:36:00,2021-09-23 11:45:00,26.15,0.0,1.0,WECC,Vandalism,Damage or destruction of its Facility that results from actual or suspected intentional human action.,California: Los Angeles County;,2021.0,9.0,True,True
3311,2021,2021-09-28 13:44:00,2021-09-28 13:56:00,0.2,5000.0,20.0,SERC,Transmission Interruption,Electrical System Separation (Islanding) where part or parts of a power grid remain(s) operational in an otherwise blacked out area or within the partial failure of an integrated electrical system,Kentucky: Henderson County;,2021.0,9.0,True,True
3312,2021,2021-09-29 11:48:00,2021-09-29 12:21:00,0.55,0.0,150.0,MRO/SERC,System Operations,Complete loss of monitoring or control capability at its staffed Bulk Electric System control center for 30 continuous minutes or more.,Missouri: Jackson County;,2021.0,9.0,True,True
3313,2021,2021-10-03 10:40:00,2021-10-03 11:54:00,1.2333333333333334,0.0,0.0,TRE,Suspicious Activity,"Physical threat to its Facility excluding weather or natural disaster related threats, which has the potential to degrade the normal operation of the Facility. Or suspicious device or activity at its Facility.",Texas: Cameron County;,2021.0,10.0,True,True
3314,2021,2021-10-04 07:00:00,2021-10-04 08:00:00,1.0,0.0,,WECC,Vandalism,Damage or destruction of its Facility that results from actual or suspected intentional human action.,Utah: Uintah County;,2021.0,10.0,True,True
3315,2021,2021-10-05 11:31:00,2021-10-05 11:32:00,0.016666666666666666,0.0,0.0,WECC,Vandalism,Physical attack that could potentially impact electric power system adequacy or reliability; or vandalism which targets components of any security systems,California: Santa Clara County;,2021.0,10.0,True,True
3316,2021,2021-10-05 11:31:00,2021-10-05 11:32:00,0.016666666666666666,0.0,0.0,WECC,Vandalism,Physical attack that could potentially impact electric power system adequacy or reliability; or vandalism which targets components of any security systems,California: Santa Clara County;,2021.0,10.0,True,True
3317,2021,2021-10-07 17:15:00,2021-10-09 18:15:00,49.0,0.0,0.0,RF,Vandalism,Damage or destruction of its Facility that results from actual or suspected intentional human action.,Maryland: Baltimore County;,2021.0,10.0,True,True
3318,2021,2021-10-08 06:30:00,2021-10-08 10:00:00,3.5,0.0,0.0,WECC,Vandalism,Damage or destruction of its Facility that results from actual or suspected intentional human action.,California: Contra Costa County;,2021.0,10.0,True,True
3319,2021,2021-10-08 14:30:00,2021-10-08 18:32:00,4.033333333333333,0.0,210.0,RF,System Operations,Complete loss of monitoring or control capability at its staffed Bulk Electric System control center for 30 continuous minutes or more.,Ohio: Cuyahoga County;,2021.0,10.0,True,True
3320,2021,2021-10-09 17:01:00,2021-10-10 06:30:00,13.483333333333333,0.0,0.0,SERC,System Operations,Unplanned evacuation from its Bulk Electric System control center facility for 30 continuous minutes or more.,North Carolina:,2021.0,10.0,True,True
3321,2021,2021-10-10 22:15:00,2021-10-12 17:00:00,42.75,110000.0,,TRE,Severe Weather,"Loss of electric service to more than 50,000 customers for 1 hour or more","Texas: Collin County, Dallas County, Denton County, Ellis County, Hunt County, Johnson County, Palo Pinto County, Tarrant County, Wichita County;",2021.0,10.0,True,True
3322,2021,2021-10-11 14:22:00,2021-10-11 20:30:00,6.133333333333334,84000.0,126.0,WECC,Severe Weather,"Loss of electric service to more than 50,000 customers for 1 hour or more",California:,2021.0,10.0,True,True
3323,2021,2021-10-12 20:08:00,2021-10-12 20:09:00,0.016666666666666666,0.0,0.0,RF,Suspicious Activity,"Physical threat to its Facility excluding weather or natural disaster related threats, which has the potential to degrade the normal operation of the Facility. Or suspicious device or activity at its Facility.",Illinois: Cook County;,2021.0,10.0,True,True
3324,2021,2021-10-16 14:16:00,2021-10-16 18:41:00,4.416666666666667,,,WECC,Transmission Interruption,"Unexpected Transmission loss within its area, contrary to design, of three or more Bulk Electric System Facilities caused by a common disturbance (excluding successful automatic reclosing).",Oregon: Lane County;,2021.0,10.0,True,False
3325,2021,2021-10-18 22:18:00,2021-10-18 23:30:00,1.2,0.0,0.0,RF,System Operations,Complete loss of monitoring or control capability at its staffed Bulk Electric System control center for 30 continuous minutes or more.,Pennsylvania:,2021.0,10.0,True,True
3326,2021,2021-10-18 23:26:00,2021-10-19 15:00:00,15.566666666666666,0.0,0.0,RF,Suspicious Activity,"Physical threat to its Bulk Electric System control center, excluding weather or natural disaster related threats, which has the potential to degrade the normal operation of the control center. Or suspicious device or activity at its Bulk Electric System control center.",Pennsylvania: Montgomery County;,2021.0,10.0,True,True
3327,2021,2021-10-18 23:27:00,2021-10-19 10:05:00,10.633333333333333,0.0,0.0,SERC,Suspicious Activity,"Physical threat to its Bulk Electric System control center, excluding weather or natural disaster related threats, which has the potential to degrade the normal operation of the control center. Or suspicious device or activity at its Bulk Electric System control center.",Georgia: DeKalb County;,2021.0,10.0,True,True
3328,2021,2021-10-18 22:26:00,2021-10-19 08:19:00,9.883333333333333,0.0,0.0,SERC/MRO,Suspicious Activity,"Physical threat to its Facility excluding weather or natural disaster related threats, which has the potential to degrade the normal operation of the Facility. Or suspicious device or activity at its Facility.",Missouri: Boone County;,2021.0,10.0,True,True
3329,2021,2021-10-18 11:47:00,2021-10-18 11:48:00,0.016666666666666666,0.0,0.0,SERC,Vandalism,Damage or destruction of its Facility that results from actual or suspected intentional human action.,Florida: Putnam County;,2021.0,10.0,True,True
3330,2021,2021-10-19 15:34:00,2021-10-19 16:26:00,0.8666666666666667,1.0,42.0,RF,System Operations,"Unexpected Transmission loss within its area, contrary to design, of three or more Bulk Electric System Facilities caused by a common disturbance (excluding successful automatic reclosing).",Ohio: Summit County;,2021.0,10.0,True,True
3331,2021,2021-10-20 23:00:00,2021-10-21 01:20:00,2.3333333333333335,0.0,0.0,MRO/RF,System Operations,Complete loss of monitoring or control capability at its staffed Bulk Electric System control center for 30 continuous minutes or more.,Wisconsin: Eau Claire County;,2021.0,10.0,True,True
3332,2021,2021-10-22 19:55:00,2021-10-23 05:55:00,10.0,0.0,132.0,SERC,System Operations,Complete loss of monitoring or control capability at its staffed Bulk Electric System control center for 30 continuous minutes or more.,Louisiana: Lafayette Parish;,2021.0,10.0,True,True
3333,2021,2021-10-24 08:55:00,2021-10-25 18:15:00,33.333333333333336,59000.0,116.0,WECC,Severe Weather,"Loss of electric service to more than 50,000 customers for 1 hour or more",California:,2021.0,10.0,True,True
3334,2021,2021-10-24 07:00:00,2021-10-26 21:30:00,62.5,233000.0,,WECC,Severe Weather,"Loss of electric service to more than 50,000 customers for 1 hour or more","Washington: King County, Pierce County, Skagit County, Thurston County;",2021.0,10.0,True,True
3335,2021,2021-10-27 17:57:00,2021-10-28 16:49:00,22.866666666666667,0.0,0.0,SERC,System Operations,"Unexpected Transmission loss within its area, contrary to design, of three or more Bulk Electric System Facilities caused by a common disturbance (excluding successful automatic reclosing).",Louisiana: Ascension Parish;,2021.0,10.0,True,True
3336,2021,2021-10-27 02:25:00,2021-10-29 08:37:00,54.2,169000.0,,NPCC,Severe Weather,"Loss of electric service to more than 50,000 customers for 1 hour or more",Connecticut: Maine: Massachusetts: New Hampshire: Rhode Island: Vermont:,2021.0,10.0,True,True
3337,2021,2021-10-28 12:47:00,2021-10-28 13:05:00,0.3,0.0,20.0,WECC,System Operations,"Unexpected Transmission loss within its area, contrary to design, of three or more Bulk Electric System Facilities caused by a common disturbance (excluding successful automatic reclosing).",Montana: Valley County;,2021.0,10.0,True,True
3338,2021,2021-10-28 14:15:00,2021-10-30 08:00:00,41.75,250000.0,,TRE,Severe Weather,"Loss of electric service to more than 50,000 customers for 1 hour or more","Texas: Angelina County, Bell County, Cherokee County, Collin County, Denton County, Dallas County, Ellis County, Hunt County, Johnson County, McLennan County, Nacogdoches County, Smith County, Tarrant County, Travis County, Williamson County;",2021.0,10.0,True,True
3339,2021,2021-10-28 14:45:00,2021-10-29 20:30:00,29.75,130000.0,,TRE,Severe Weather,"Loss of electric service to more than 50,000 customers for 1 hour or more",Texas: Harris County;,2021.0,10.0,True,True
3340,2021,2021-10-28 12:06:00,2021-10-28 12:30:00,0.4,,,TRE,Actual Physical Attack/Vandalism,Damage or destruction of its Facility that results from actual or suspected intentional human action.,Texas: Haskell County;,2021.0,10.0,True,False
3341,2021,2021-10-29 14:20:00,2021-10-29 15:00:00,0.6666666666666666,0.0,0.0,NPCC,Suspicious Activity,"Physical threat to its Facility excluding weather or natural disaster related threats, which has the potential to degrade the normal operation of the Facility. Or suspicious device or activity at its Facility.",Vermont: Lamoille County;,2021.0,10.0,True,True
3342,2021,2021-10-30 07:31:00,,,,,RF,Suspicious Activity,"Physical threat to its Facility excluding weather or natural disaster related threats, which has the potential to degrade the normal operation of the Facility. Or suspicious device or activity at its Facility.",New Jersey:,2021.0,10.0,False,False
3343,2021,2021-10-31 07:49:00,2021-10-31 09:32:00,1.7166666666666666,0.0,0.0,WECC,Vandalism,Physical attack that could potentially impact electric power system adequacy or reliability; or vandalism which targets components of any security systems,California: Alameda County;,2021.0,10.0,True,True
3344,2021,2021-11-04 21:34:00,2021-11-04 22:57:00,1.3833333333333333,,44.0,WECC,System Operations,"Unexpected Transmission loss within its area, contrary to design, of three or more Bulk Electric System Facilities caused by a common disturbance (excluding successful automatic reclosing).",Montana: Hill County;,2021.0,11.0,True,False
3345,2021,2021-11-06 06:45:00,2021-11-06 07:00:00,0.25,0.0,0.0,RF,Suspicious Activity,"Physical threat to its Facility excluding weather or natural disaster related threats, which has the potential to degrade the normal operation of the Facility. Or suspicious device or activity at its Facility.",Pennsylvania: York County;,2021.0,11.0,True,True
3346,2021,2021-11-06 08:40:00,2021-11-06 08:41:00,0.016666666666666666,350.0,,WECC,Suspicious Activity,"Physical threat to its Facility excluding weather or natural disaster related threats, which has the potential to degrade the normal operation of the Facility. Or suspicious device or activity at its Facility.",Washington: Grant County;,2021.0,11.0,True,True
3347,2021,2021-11-08 22:53:00,2021-11-08 23:33:00,0.6666666666666666,,9.0,WECC,System Operations,Electrical System Separation (Islanding) where part or parts of a power grid remain(s) operational in an otherwise blacked out area or within the partial failure of an integrated electrical system,Washington: King County;,2021.0,11.0,True,False
3348,2021,2021-11-09 18:00:00,2021-11-09 20:00:00,2.0,,,SERC,System Operations,Public appeal to reduce the use of electricity for purposes of maintaining the continuity of the Bulk Electric System,Mississippi: Coahoma County;,2021.0,11.0,True,False
3349,2021,2021-11-09 08:50:00,2021-11-09 16:00:00,7.166666666666667,0.0,0.0,RF,Vandalism,Damage or destruction of its Facility that results from actual or suspected intentional human action.,Indiana: Floyd County;,2021.0,11.0,True,True
3350,2021,2021-11-10 21:19:00,2021-11-11 01:19:00,4.0,0.0,0.0,TRE,Transmission Interruption,"Unexpected Transmission loss within its area, contrary to design, of three or more Bulk Electric System Facilities caused by a common disturbance (excluding successful automatic reclosing).",Texas: Brazos County;,2021.0,11.0,True,True
3351,2021,2021-11-10 09:49:00,2021-11-10 10:05:00,0.26666666666666666,0.0,0.0,NPCC,Transmission Interruption,"Unexpected Transmission loss within its area, contrary to design, of three or more Bulk Electric System Facilities caused by a common disturbance (excluding successful automatic reclosing).",New York:,2021.0,11.0,True,True
3352,2021,2021-11-11 05:52:00,2021-11-11 06:09:00,0.2833333333333333,,67.0,TRE,System Operations,"Unexpected Transmission loss within its area, contrary to design, of three or more Bulk Electric System Facilities caused by a common disturbance (excluding successful automatic reclosing).",Texas: Montgomery County;,2021.0,11.0,True,False
3353,2021,2021-11-12 07:00:00,2021-11-12 07:14:00,0.23333333333333334,0.0,0.0,WECC,Vandalism,Damage or destruction of its Facility that results from actual or suspected intentional human action.,Oregon: Multnomah County; Washington: Idaho: Utah: Wyoming:,2021.0,11.0,True,True
3354,2021,2021-11-15 11:47:00,,,0.0,0.0,WECC,Suspicious Activity,Physical attack that could potentially impact electric power system adequacy or reliability; or vandalism which targets components of any security systems,Colorado: Larimer County;,2021.0,11.0,False,True
3355,2021,2021-11-15 11:00:00,2021-11-17 06:00:00,43.0,90000.0,,WECC,Severe Weather,"Loss of electric service to more than 50,000 customers for 1 hour or more","Washington: King County, Kitsap County, Whatcom County, Thurston County, Pierce County;",2021.0,11.0,True,True
3356,2021,2021-11-16 00:42:00,2021-11-16 07:35:00,6.883333333333334,0.0,0.0,WECC,Suspicious Activity,"Damage or destruction of a Facility within its Reliability Coordinator Area, Balancing Authority Area or Transmission Operator Area that results in action(s) to avoid a Bulk Electric System Emergency.",California: Los Angeles County;,2021.0,11.0,True,True
3357,2021,2021-11-16 17:37:00,2021-11-16 18:21:00,0.7333333333333333,0.0,0.0,RF,System Operations,Unplanned evacuation from its Bulk Electric System control center facility for 30 continuous minutes or more.,Maryland: Baltimore County;,2021.0,11.0,True,True
3358,2021,2021-11-17 12:43:00,2021-11-17 13:25:00,0.7,0.0,0.0,RF,System Operations,Complete loss of monitoring or control capability at its staffed Bulk Electric System control center for 30 continuous minutes or more.,Michigan: Wexford County;,2021.0,11.0,True,True
3359,2021,2021-11-17 13:12:00,,,0.0,0.0,WECC,Vandalism,Physical attack that could potentially impact electric power system adequacy or reliability; or vandalism which targets components of any security systems,Colorado: Larimer County;,2021.0,11.0,False,True
3360,2021,2021-11-21 10:00:00,2021-11-21 10:01:00,0.016666666666666666,0.0,0.0,MRO/RF,Cyber Event,Cyber Security Incident that was an attempt to compromise a High or Medium Impact Bulk Electric System Cyber System or their associated Electronic Access Control or Monitoring Systems,Wisconsin:,2021.0,11.0,True,True
3361,2021,2021-11-24 10:00:00,2021-11-26 10:21:00,48.35,81406.0,,WECC,Severe Weather,"Loss of electric service to more than 50,000 customers for 1 hour or more","California: Riverside County, Ventura County, San Bernardino County, Orange County, Los Angeles County;",2021.0,11.0,True,True
3362,2021,2021-11-30 06:46:00,2021-11-30 06:47:00,0.016666666666666666,0.0,0.0,SERC,System Operations,"Unexpected Transmission loss within its area, contrary to design, of three or more Bulk Electric System Facilities caused by a common disturbance (excluding successful automatic reclosing).",North Carolina: South Carolina:,2021.0,11.0,True,True
3363,2021,2021-11-30 06:52:00,2021-11-30 07:25:00,0.55,0.0,0.0,TRE,Suspicious Activity,"Physical threat to its Facility excluding weather or natural disaster related threats, which has the potential to degrade the normal operation of the Facility. Or suspicious device or activity at its Facility.",Texas: Cameron County;,2021.0,11.0,True,True
3364,2021,2021-11-30 13:47:00,2021-11-30 14:21:00,0.5666666666666667,6000.0,10.0,WECC,System Operations,Electrical System Separation (Islanding) where part or parts of a power grid remain(s) operational in an otherwise blacked out area or within the partial failure of an integrated electrical system,California:,2021.0,11.0,True,True
3365,2021,2021-11-30 05:00:00,2021-11-30 05:01:00,0.016666666666666666,0.0,0.0,WECC,Vandalism,Damage or destruction of its Facility that results from actual or suspected intentional human action.,Oregon: Multnomah County; Washington: Idaho: Utah: Wyoming:,2021.0,11.0,True,True
3366,2021,2021-12-01 10:04:00,2021-12-01 13:08:00,3.066666666666667,0.0,0.0,MRO,System Operations,Complete loss of monitoring or control capability at its staffed Bulk Electric System control center for 30 continuous minutes or more.,Wisconsin: Eau Claire County;,2021.0,12.0,True,True
3367,2021,2021-12-02 10:33:00,2021-12-02 13:10:00,2.6166666666666667,0.0,0.0,TRE,System Operations,Complete loss of monitoring or control capability at its staffed Bulk Electric System control center for 30 continuous minutes or more.,Texas:,2021.0,12.0,True,True
3368,2021,2021-12-07 14:33:00,2021-12-07 15:40:00,1.1166666666666667,0.0,0.0,RF,Transmission Interruption,"Unexpected Transmission loss within its area, contrary to design, of three or more Bulk Electric System Facilities caused by a common disturbance (excluding successful automatic reclosing).",Indiana: Putnam County;,2021.0,12.0,True,True
3369,2021,2021-12-08 09:04:00,2021-12-08 09:35:00,0.5166666666666667,0.0,0.0,NPCC,System Operations,Complete loss of monitoring or control capability at its staffed Bulk Electric System control center for 30 continuous minutes or more.,New York: Broome County;,2021.0,12.0,True,True
3370,2021,2021-12-10 12:06:00,2021-12-10 13:07:00,1.0166666666666666,0.0,0.0,WECC,Vandalism,Damage or destruction of its Facility that results from actual or suspected intentional human action.,Idaho: Ada County;,2021.0,12.0,True,True
3371,2021,2021-12-11 03:13:00,2021-12-15 15:30:00,108.28333333333333,107344.0,177.0,SERC,Severe Weather,"Loss of electric service to more than 50,000 customers for 1 hour or more","Tennessee: Davidson County, Sumner County;",2021.0,12.0,True,True
3372,2021,2021-12-11 18:16:00,2021-12-13 17:00:00,46.733333333333334,103000.0,,NPCC,Severe Weather,"Loss of electric service to more than 50,000 customers for 1 hour or more",New York:,2021.0,12.0,True,True
3373,2021,2021-12-11 11:13:00,2021-12-12 23:06:00,35.88333333333333,182410.0,,MRO,Severe Weather,"Loss of electric service to more than 50,000 customers for 1 hour or more",Michigan:,2021.0,12.0,True,True
3374,2021,2021-12-11 10:30:00,2021-12-11 15:00:00,4.5,159947.0,,MRO,Severe Weather,"Loss of electric service to more than 50,000 customers for 1 hour or more","Michigan: Van Buren County, Gladwin County, Montcalm County, Branch County, Allegan County, Ionia County, Newaygo County, Mecosta County, Lake County, Midland County, Ogemaw County, Osceola County, Tuscola County;",2021.0,12.0,True,True
3375,2021,2021-12-12 06:14:00,2021-12-12 06:40:00,0.43333333333333335,,36.0,SERC,Vandalism,Physical attack that could potentially impact electric power system adequacy or reliability; or vandalism which targets components of any security systems,Louisiana: De Soto Parish;,2021.0,12.0,True,False
3376,2021,2021-12-14 07:28:00,2021-12-14 13:43:00,6.25,65994.0,120.0,WECC,Severe Weather,Electrical System Separation (Islanding) where part or parts of a power grid remain(s) operational in an otherwise blacked out area or within the partial failure of an integrated electrical system,California: Humboldt County;,2021.0,12.0,True,True
3377,2021,2021-12-14 09:39:00,2021-12-14 09:48:00,0.15,0.0,0.0,WECC,System Operations,"Unexpected Transmission loss within its area, contrary to design, of three or more Bulk Electric System Facilities caused by a common disturbance (excluding successful automatic reclosing).",Washington: Chelan County;,2021.0,12.0,True,True
3378,2021,2021-12-15 19:00:00,2021-12-16 03:00:00,8.0,174000.0,,MRO,Severe Weather,"Loss of electric service to more than 50,000 customers for 1 hour or more",Kansas:,2021.0,12.0,True,True
3379,2021,2021-12-15 18:00:00,2021-12-16 09:00:00,15.0,134000.0,,MRO,Severe Weather,"Loss of electric service to more than 50,000 customers for 1 hour or more",Iowa: Wisconsin:,2021.0,12.0,True,True
3380,2021,2021-12-15 16:37:00,2021-12-16 11:30:00,18.883333333333333,258000.0,0.0,SERC/MRO,Severe Weather,"Loss of electric service to more than 50,000 customers for 1 hour or more",Missouri: Kansas:,2021.0,12.0,True,True
3381,2021,2021-12-15 20:00:00,,,80000.0,,MRO,Severe Weather,"Loss of electric service to more than 50,000 customers for 1 hour or more",Wisconsin:,2021.0,12.0,False,True
3382,2021,2021-12-15 20:00:00,,,156000.0,,MRO,Severe Weather,"Loss of electric service to more than 50,000 customers for 1 hour or more",Wisconsin:,2021.0,12.0,False,True
3383,2021,2021-12-15 21:00:00,,,,,MRO,Severe Weather,"Damage or destruction of a Facility within its Reliability Coordinator Area, Balancing Authority Area or Transmission Operator Area that results in action(s) to avoid a Bulk Electric System Emergency.",Iowa: Minnesota:,2021.0,12.0,False,False
3384,2021,2021-12-15 15:56:00,2021-12-15 17:27:00,1.5166666666666666,,5.0,MRO,System Operations,"Unexpected Transmission loss within its area, contrary to design, of three or more Bulk Electric System Facilities caused by a common disturbance (excluding successful automatic reclosing).",Nebraska: Burt County;,2021.0,12.0,True,False
3385,2021,2021-12-15 16:37:00,,,,,SERC/MRO,Severe Weather,"Loss of electric service to more than 50,000 customers for 1 hour or more",Missouri: Kansas:,2021.0,12.0,False,False
3386,2021,2021-12-16 06:00:00,2021-12-16 20:00:00,14.0,200675.0,,MRO,Severe Weather,"Loss of electric service to more than 50,000 customers for 1 hour or more","Michigan: Antrim County, Kalkaska County, Grand Traverse County, Leelanau County, Benzie County, Manistee County, Wexford County, Missaukee County, Lake County, Osceola County, Oceana County, Newaygo County, Mecosta County, Emmet County, Charlevoix County, Cheboygan County, Clare County, Roscommon County, Crawford County, Ogemaw County;",2021.0,12.0,True,True
3387,2021,2021-12-18 13:04:00,2021-12-18 21:59:00,8.916666666666666,11770.0,10.0,WECC,Suspicious Activity,Physical attack that causes major interruptions or impacts to critical infrastructure or to operations,California:,2021.0,12.0,True,True
3388,2021,2021-12-19 20:48:00,2021-12-19 21:00:00,0.2,0.0,0.0,TRE,Suspicious Activity,"Physical threat to its Facility excluding weather or natural disaster related threats, which has the potential to degrade the normal operation of the Facility. Or suspicious device or activity at its Facility.",Texas: Cameron County;,2021.0,12.0,True,True
3389,2021,2021-12-21 21:59:00,2021-12-22 14:15:00,16.266666666666666,,22.0,TRE,System Operations,"Unexpected Transmission loss within its area, contrary to design, of three or more Bulk Electric System Facilities caused by a common disturbance (excluding successful automatic reclosing).",Texas: Cameron County;,2021.0,12.0,True,False
3390,2021,2021-12-23 01:10:00,2021-12-23 01:15:00,0.08333333333333333,0.0,0.0,RF,Suspicious Activity,"Physical threat to its Facility excluding weather or natural disaster related threats, which has the potential to degrade the normal operation of the Facility. Or suspicious device or activity at its Facility.",Pennsylvania: York County;,2021.0,12.0,True,True
3391,2021,2021-12-23 14:02:00,2021-12-23 14:55:00,0.8833333333333333,0.0,0.0,NPCC,System Operations,"Unexpected Transmission loss within its area, contrary to design, of three or more Bulk Electric System Facilities caused by a common disturbance (excluding successful automatic reclosing).",Massachusetts: Suffolk County[13];,2021.0,12.0,True,True
3392,2021,2021-12-24 00:34:00,2021-12-24 06:40:00,6.1,,,TRE,System Operations,"Unexpected Transmission loss within its area, contrary to design, of three or more Bulk Electric System Facilities caused by a common disturbance (excluding successful automatic reclosing).",Texas: Rusk County;,2021.0,12.0,True,False
3393,2021,2021-12-27 04:11:00,2022-01-01 02:41:00,118.5,115830.0,381.0,WECC,Severe Weather,"Loss of electric service to more than 50,000 customers for 1 hour or more",California:,2021.0,12.0,True,True
3394,2021,2021-12-27 21:01:00,2021-12-30 09:11:00,60.166666666666664,65994.0,120.0,WECC,System Operations,Electrical System Separation (Islanding) where part or parts of a power grid remain(s) operational in an otherwise blacked out area or within the partial failure of an integrated electrical system,California: Humboldt County;,2021.0,12.0,True,True
3395,2021,2021-12-29 11:00:00,2021-12-29 12:00:00,1.0,0.0,0.0,WECC,System Operations,Complete loss of monitoring or control capability at its staffed Bulk Electric System control center for 30 continuous minutes or more.,Nevada: Clark County;,2021.0,12.0,True,True
3396,2021,2021-12-30 18:51:00,,,0.0,0.0,SERC,Vandalism,Damage or destruction of its Facility that results from actual or suspected intentional human action.,"Missouri: Adair County, Putnam County;",2021.0,12.0,False,True
3397,2022,2022-01-01 12:36:00,2022-01-01 14:12:00,1.6,0.0,0.0,WECC,System Operations,"Damage or destruction of a Facility within its Reliability Coordinator Area, Balancing Authority Area or Transmission Operator Area that results in action(s) to avoid a Bulk Electric System Emergency.",Washington: Thurston County;,2022.0,1.0,True,True
3398,2022,2022-01-01 12:36:00,2022-01-02 19:43:00,31.116666666666667,0.0,0.0,WECC,System Operations,"Damage or destruction of a Facility within its Reliability Coordinator Area, Balancing Authority Area or Transmission Operator Area that results in action(s) to avoid a Bulk Electric System Emergency.",Washington: Thurston County;,2022.0,1.0,True,True
3399,2022,2022-01-01 01:01:00,,,0.0,0.0,SERC,Vandalism,Damage or destruction of its Facility that results from actual or suspected intentional human action.,Georgia: Clayton County;,2022.0,1.0,False,True
3400,2022,2022-01-01 00:06:00,2022-01-01 05:51:00,5.75,845.0,2.0,NPCC,Suspicious Activity,Damage or destruction of its Facility that results from actual or suspected intentional human action.,New Hampshire: Merrimack County;,2022.0,1.0,True,True
3401,2022,2022-01-02 13:21:00,2022-01-02 17:38:00,4.283333333333333,1706.0,3.0,WECC,Severe Weather,Electrical System Separation (Islanding) where part or parts of a power grid remain(s) operational in an otherwise blacked out area or within the partial failure of an integrated electrical system,California: Tuolumne County;,2022.0,1.0,True,True
3402,2022,2022-01-03 12:45:00,2022-01-03 12:46:00,0.016666666666666666,0.0,0.0,WECC,Vandalism,Physical attack that could potentially impact electric power system adequacy or reliability; or vandalism which targets components of any security systems,Washington: Thurston County;,2022.0,1.0,True,True
3403,2022,2022-01-03 05:00:00,2022-01-04 18:00:00,37.0,60424.0,,SERC,Severe Weather,"Loss of electric service to more than 50,000 customers for 1 hour or more",South Carolina:,2022.0,1.0,True,True
3404,2022,2022-01-03 05:30:00,2022-01-04 12:30:00,31.0,142000.0,,SERC,Severe Weather,"Loss of electric service to more than 50,000 customers for 1 hour or more",North Carolina: South Carolina:,2022.0,1.0,True,True
3405,2022,2022-01-03 01:00:00,2022-01-03 14:00:00,13.0,40885.0,283.0,SERC,Severe Weather,"Loss of electric service to more than 50,000 customers for 1 hour or more",Georgia: Alabama: Mississippi:,2022.0,1.0,True,True
3406,2022,2022-01-05 12:32:00,2022-01-05 12:45:00,0.21666666666666667,0.0,0.0,NPCC,System Operations,"Unexpected Transmission loss within its area, contrary to design, of three or more Bulk Electric System Facilities caused by a common disturbance (excluding successful automatic reclosing).",Massachusetts: Plymouth County;,2022.0,1.0,True,True
3407,2022,2022-01-08 02:20:00,2022-01-12 07:40:00,101.33333333333333,0.0,0.0,SERC,Vandalism,Damage or destruction of its Facility that results from actual or suspected intentional human action.,Florida: Citrus County;,2022.0,1.0,True,True
3408,2022,2022-01-08 18:07:00,2022-01-08 22:26:00,4.316666666666666,0.0,0.0,NPCC,Suspicious Activity,Physical attack that could potentially impact electric power system adequacy or reliability; or vandalism which targets components of any security systems,New Hampshire: Merrimack County;,2022.0,1.0,True,True
3409,2022,2022-01-08 02:56:00,2022-01-08 03:03:00,0.11666666666666667,0.0,0.0,TRE,System Operations,"Unexpected Transmission loss within its area, contrary to design, of three or more Bulk Electric System Facilities caused by a common disturbance (excluding successful automatic reclosing).","Texas: Cameron County, Willacy County;",2022.0,1.0,True,True
3410,2022,2022-01-09 18:08:00,,,,,SERC,System Operations,"Unexpected Transmission loss within its area, contrary to design, of three or more Bulk Electric System Facilities caused by a common disturbance (excluding successful automatic reclosing).",Mississippi: Adams County;,2022.0,1.0,False,False
3411,2022,2022-01-12 09:20:00,2022-01-12 10:25:00,1.0833333333333333,,,SERC/RF,System Operations,Complete loss of monitoring or control capability at its staffed Bulk Electric System control center for 30 continuous minutes or more.,Indiana: Kentucky: Ohio:,2022.0,1.0,True,False
3412,2022,2022-01-13 16:00:00,2022-01-13 16:01:00,0.016666666666666666,0.0,0.0,NPCC,Suspicious Activity,"Physical threat to its Bulk Electric System control center, excluding weather or natural disaster related threats, which has the potential to degrade the normal operation of the control center. Or suspicious device or activity at its Bulk Electric System control center.",Massachusetts: Hampden County[13];,2022.0,1.0,True,True
3413,2022,2022-01-14 13:50:00,2022-01-14 14:13:00,0.38333333333333336,0.0,0.0,NPCC,Suspicious Activity,Damage or destruction of its Facility that results from actual or suspected intentional human action.,Pennsylvania: Bucks County;,2022.0,1.0,True,True
3414,2022,2022-01-14 08:34:00,2022-01-14 08:42:00,0.13333333333333333,0.0,0.0,TRE/WECC,Transmission Interruption,"Unexpected Transmission loss within its area, contrary to design, of three or more Bulk Electric System Facilities caused by a common disturbance (excluding successful automatic reclosing).",Texas: Potter County; New Mexico:,2022.0,1.0,True,True
3415,2022,2022-01-15 14:09:00,2022-01-15 14:28:00,0.31666666666666665,0.0,0.0,NPCC,Suspicious Activity,"Physical threat to its Facility excluding weather or natural disaster related threats, which has the potential to degrade the normal operation of the Facility. Or suspicious device or activity at its Facility.",New York: Orange County;,2022.0,1.0,True,True
3416,2022,2022-01-16 12:05:00,2022-01-17 08:45:00,20.666666666666668,51289.0,,SERC,Severe Weather,"Loss of electric service to more than 50,000 customers for 1 hour or more",North Carolina: Jackson County; South Carolina: Greenville County;,2022.0,1.0,True,True
3417,2022,2022-01-16 13:15:00,2022-01-16 17:15:00,4.0,74638.0,,SERC,Severe Weather,"Loss of electric service to more than 50,000 customers for 1 hour or more",North Carolina: South Carolina:,2022.0,1.0,True,True
3418,2022,2022-01-16 05:15:00,2022-01-17 00:06:00,18.85,61113.0,436.0,SERC,Severe Weather,"Loss of electric service to more than 50,000 customers for 1 hour or more",Georgia: Alabama:,2022.0,1.0,True,True
3419,2022,2022-01-18 22:22:00,2022-01-18 22:23:00,0.016666666666666666,0.0,0.0,TRE,Cyber Event,Cyber Security Incident that was an attempt to compromise a High or Medium Impact Bulk Electric System Cyber System or their associated Electronic Access Control or Monitoring Systems,Texas: Harris County;,2022.0,1.0,True,True
3420,2022,2022-01-19 14:35:00,2022-01-19 16:02:00,1.45,0.0,0.0,NPCC,System Operations,Complete loss of monitoring or control capability at its staffed Bulk Electric System control center for 30 continuous minutes or more.,Maine:,2022.0,1.0,True,True
3421,2022,2022-01-20 19:57:00,2022-01-21 05:30:00,9.55,0.0,0.0,TRE/SERC,Severe Weather,Complete loss of monitoring or control capability at its staffed Bulk Electric System control center for 30 continuous minutes or more.,Mississippi: Arkansas: Louisiana: Texas:,2022.0,1.0,True,True
3422,2022,2022-01-20 09:00:00,2022-01-20 09:59:00,0.9833333333333333,0.0,0.0,NPCC,System Operations,Complete loss of monitoring or control capability at its staffed Bulk Electric System control center for 30 continuous minutes or more.,Maine:,2022.0,1.0,True,True
3423,2022,2022-01-23 00:37:00,2022-01-23 00:42:00,0.08333333333333333,0.0,0.0,RF,Suspicious Activity,"Physical threat to its Facility excluding weather or natural disaster related threats, which has the potential to degrade the normal operation of the Facility. Or suspicious device or activity at its Facility.",Pennsylvania: Westmoreland County;,2022.0,1.0,True,True
3424,2022,2022-01-24 10:27:00,2022-01-24 10:51:00,0.4,0.0,0.0,WECC,System Operations,"Unexpected Transmission loss within its area, contrary to design, of three or more Bulk Electric System Facilities caused by a common disturbance (excluding successful automatic reclosing).",Washington: Chelan County;,2022.0,1.0,True,True
3425,2022,2022-01-24 11:50:00,2022-01-24 16:00:00,4.166666666666667,0.0,0.0,NPCC,Sabotage,Damage or destruction of its Facility that results from actual or suspected intentional human action.,"New York: Dutchess County, Greene County;",2022.0,1.0,True,True
3426,2022,2022-01-26 13:37:00,2022-01-26 14:15:00,0.6333333333333333,0.0,0.0,SERC,System Operations,Complete loss of monitoring or control capability at its staffed Bulk Electric System control center for 30 continuous minutes or more.,Florida: Leon County;,2022.0,1.0,True,True
3427,2022,2022-01-27 11:30:00,2022-01-27 11:31:00,0.016666666666666666,0.0,0.0,WECC,Vandalism,"Damage or destruction of a Facility within its Reliability Coordinator Area, Balancing Authority Area or Transmission Operator Area that results in action(s) to avoid a Bulk Electric System Emergency.",Nevada: Clark County;,2022.0,1.0,True,True
3428,2022,2022-01-28 15:41:00,2022-01-28 21:30:00,5.816666666666666,0.0,0.0,WECC,Transmission Interruption,"Unexpected Transmission loss within its area, contrary to design, of three or more Bulk Electric System Facilities caused by a common disturbance (excluding successful automatic reclosing).","Colorado: Douglas County, Pueblo County, El Paso County, Prowers County;",2022.0,1.0,True,True
3429,2022,2022-01-29 08:45:00,2022-01-30 01:00:00,16.25,12000.0,120.0,NPCC,Severe Weather,"Loss of electric service to more than 50,000 customers for 1 hour or more",Connecticut: Massachusetts: New Hampshire: Rhode Island: Vermont: Maine:,2022.0,1.0,True,True
3430,2022,2022-01-30 20:41:00,2022-01-31 00:42:00,4.016666666666667,0.0,0.0,MRO,System Operations,Complete loss of monitoring or control capability at its staffed Bulk Electric System control center for 30 continuous minutes or more.,Nebraska:,2022.0,1.0,True,True
3431,2022,2022-01-31 19:58:00,2022-01-31 20:10:00,0.2,0.0,0.0,RF,Suspicious Activity,"Physical threat to its Facility excluding weather or natural disaster related threats, which has the potential to degrade the normal operation of the Facility. Or suspicious device or activity at its Facility.",West Virginia: Monongalia County;,2022.0,1.0,True,True
3432,2022,2022-02-01 12:13:00,2022-02-01 12:25:00,0.2,8124.0,10.0,WECC,System Operations,Electrical System Separation (Islanding) where part or parts of a power grid remain(s) operational in an otherwise blacked out area or within the partial failure of an integrated electrical system,California: Yuba County;,2022.0,2.0,True,True
3433,2022,2022-02-03 10:00:00,2022-02-07 20:00:00,106.0,255000.0,,SERC,Severe Weather/Transmission Interruption,"Loss of electric service to more than 50,000 customers for 1 hour or more",Tennessee: Shelby County;,2022.0,2.0,True,True
3434,2022,2022-02-03 12:56:00,2022-02-04 20:30:00,31.566666666666666,51000.0,,RF,Severe Weather/Transmission Interruption,"Loss of electric service to more than 50,000 customers for 1 hour or more",Ohio:,2022.0,2.0,True,True
3435,2022,2022-02-03 12:56:00,,,51000.0,,RF,Severe Weather/Transmission Interruption,"Loss of electric service to more than 50,000 customers for 1 hour or more",Ohio:,2022.0,2.0,False,True
3436,2022,2022-02-04 18:21:00,2022-02-04 22:00:00,3.65,,,TRE,Transmission Interruption,Electrical System Separation (Islanding) where part or parts of a power grid remain(s) operational in an otherwise blacked out area or within the partial failure of an integrated electrical system,Texas:,2022.0,2.0,True,False
3437,2022,2022-02-04 13:10:00,,,67404.0,,NPCC,Severe Weather/Transmission Interruption,"Loss of electric service to more than 50,000 customers for 1 hour or more",New York: Ulster County;,2022.0,2.0,False,True
3438,2022,2022-02-09 07:00:00,2022-02-09 09:00:00,2.0,0.0,0.0,NPCC,Vandalism,Physical attack that could potentially impact electric power system adequacy or reliability; or vandalism which targets components of any security systems,New York: Orange County;,2022.0,2.0,True,True
3439,2022,2022-02-12 16:29:00,2022-02-12 16:30:00,0.016666666666666666,,,WECC,Vandalism,Physical attack that could potentially impact electric power system adequacy or reliability; or vandalism which targets components of any security systems,California: Alameda County;,2022.0,2.0,True,False
3440,2022,2022-02-17 10:30:00,2022-02-17 10:31:00,0.016666666666666666,0.0,0.0,NPCC,Suspicious Activity,"Physical threat to its Facility excluding weather or natural disaster related threats, which has the potential to degrade the normal operation of the Facility. Or suspicious device or activity at its Facility.",Rhode Island: Providence County[13];,2022.0,2.0,True,True
3441,2022,2022-02-17 00:09:00,2022-02-17 07:36:00,7.45,0.0,80.0,SERC,System Operations,Complete loss of monitoring or control capability at its staffed Bulk Electric System control center for 30 continuous minutes or more.,Louisiana: Lafayette Parish;,2022.0,2.0,True,True
3442,2022,2022-02-18 07:10:00,2022-02-18 16:25:00,9.25,7047.0,7.0,NPCC,Severe Weather,"Loss of electric service to more than 50,000 customers for 1 hour or more",Connecticut: Maine: Massachusetts: New Hampshire: Vermont: Rhode Island:,2022.0,2.0,True,True
3443,2022,2022-02-22 11:10:00,2022-02-22 12:15:00,1.0833333333333333,0.0,0.0,TRE,Suspicious Activity,"Physical threat to its Facility excluding weather or natural disaster related threats, which has the potential to degrade the normal operation of the Facility. Or suspicious device or activity at its Facility.",Texas: Llano County;,2022.0,2.0,True,True
3444,2022,2022-02-24 10:25:00,2022-02-24 10:31:00,0.1,1405.0,3.0,TRE,Transmission Interruption,"Unexpected Transmission loss within its area, contrary to design, of three or more Bulk Electric System Facilities caused by a common disturbance (excluding successful automatic reclosing).",Texas: Montgomery County;,2022.0,2.0,True,True
3445,2022,2022-02-24 01:09:00,2022-02-24 02:59:00,1.8333333333333333,0.0,246.0,WECC,System Operations,Complete loss of monitoring or control capability at its staffed Bulk Electric System control center for 30 continuous minutes or more.,"California: San Bernardino County, Kern County, Solano County, San Diego County;",2022.0,2.0,True,True
3446,2022,2022-02-25 09:31:00,2022-02-25 13:09:00,3.6333333333333333,0.0,0.0,TRE,System Operations,Unplanned evacuation from its Bulk Electric System control center facility for 30 continuous minutes or more.,Texas: Travis County; California: San Diego County;,2022.0,2.0,True,True
3447,2022,2022-02-26 11:15:00,2022-02-26 17:00:00,5.75,0.0,0.0,WECC,Actual Physical Attack,"Physical threat to its Facility excluding weather or natural disaster related threats, which has the potential to degrade the normal operation of the Facility. Or suspicious device or activity at its Facility.",Washington: Grant County;,2022.0,2.0,True,True
3448,2022,2022-02-28 09:25:00,2022-02-28 09:26:00,0.016666666666666666,0.0,0.0,TRE,Vandalism,Damage or destruction of its Facility that results from actual or suspected intentional human action.,Texas: Mitchell County;,2022.0,2.0,True,True
3449,2022,2022-03-01 13:43:00,2022-03-01 13:47:00,0.06666666666666667,0.0,0.0,RF,System Operations,"Unexpected Transmission loss within its area, contrary to design, of three or more Bulk Electric System Facilities caused by a common disturbance (excluding successful automatic reclosing).","Indiana: Marion County, Shelby County, Hendricks County;",2022.0,3.0,True,True
3450,2022,2022-03-02 09:26:00,2022-03-02 10:05:00,0.65,0.0,0.0,SERC,System Operations,Unplanned evacuation from its Bulk Electric System control center facility for 30 continuous minutes or more.,North Carolina: South Carolina:,2022.0,3.0,True,True
3451,2022,2022-03-05 22:58:00,2022-03-06 19:38:00,20.666666666666668,0.0,0.0,SERC/RF,System Operations,"Unexpected Transmission loss within its area, contrary to design, of three or more Bulk Electric System Facilities caused by a common disturbance (excluding successful automatic reclosing).",Illinois: DuPage County;,2022.0,3.0,True,True
3452,2022,2022-03-06 02:30:00,2022-03-06 17:00:00,14.5,0.0,0.0,TRE,Cyber Event,Cyber event that could potentially impact electric power system adequacy or reliability,Texas: Cameron County;,2022.0,3.0,True,True
3453,2022,2022-03-08 13:50:00,2022-03-08 14:39:00,0.8166666666666667,5855.0,48.0,TRE,System Operations,"Unexpected Transmission loss within its area, contrary to design, of three or more Bulk Electric System Facilities caused by a common disturbance (excluding successful automatic reclosing).",Georgia: Terrell County;,2022.0,3.0,True,True
3454,2022,2022-03-10 08:51:00,2022-03-10 15:15:00,6.4,0.0,0.0,MRO,Transmission Interruption,"Unexpected Transmission loss within its area, contrary to design, of three or more Bulk Electric System Facilities caused by a common disturbance (excluding successful automatic reclosing).",Nebraska: Scotts Bluff County;,2022.0,3.0,True,True
3455,2022,2022-03-11 06:35:00,2022-03-11 07:00:00,0.4166666666666667,0.0,0.0,TRE,Suspicious Activity,"Physical threat to its Facility excluding weather or natural disaster related threats, which has the potential to degrade the normal operation of the Facility. Or suspicious device or activity at its Facility.",Texas: Cameron County;,2022.0,3.0,True,True
3456,2022,2022-03-12 08:33:00,,,19380.0,139.0,SERC,Severe Weather,"Loss of electric service to more than 50,000 customers for 1 hour or more",Alabama: Georgia: Mississippi: Florida:,2022.0,3.0,False,True
3457,2022,2022-03-13 22:15:00,2022-03-13 22:38:00,0.38333333333333336,0.0,0.0,MRO,Vandalism,Damage or destruction of its Facility that results from actual or suspected intentional human action.,Minnesota: Hennepin County;,2022.0,3.0,True,True
3458,2022,2022-03-14 09:30:00,2022-03-14 10:45:00,1.25,0.0,0.0,TRE,Vandalism,"Physical threat to its Facility excluding weather or natural disaster related threats, which has the potential to degrade the normal operation of the Facility. Or suspicious device or activity at its Facility.",Texas: Cameron County;,2022.0,3.0,True,True
3459,2022,2022-03-14 15:45:00,,,,,RF,Suspicious Activity,"Physical threat to its Facility excluding weather or natural disaster related threats, which has the potential to degrade the normal operation of the Facility. Or suspicious device or activity at its Facility.",New Jersey:,2022.0,3.0,False,False
3460,2022,2022-03-15 18:53:00,2022-03-15 20:33:00,1.6666666666666667,3958.0,10.0,WECC,Vandalism,"Physical threat to its Facility excluding weather or natural disaster related threats, which has the potential to degrade the normal operation of the Facility. Or suspicious device or activity at its Facility.",California: Lake County;,2022.0,3.0,True,True
3461,2022,2022-03-15 11:11:00,2022-03-15 11:47:00,0.6,0.0,0.0,NPCC,System Operations,Complete loss of monitoring or control capability at its staffed Bulk Electric System control center for 30 continuous minutes or more.,Maine:,2022.0,3.0,True,True
3462,2022,2022-03-16 11:28:00,2022-03-16 11:29:00,0.016666666666666666,0.0,0.0,WECC,Vandalism,Damage or destruction of its Facility that results from actual or suspected intentional human action.,California: Sacramento County;,2022.0,3.0,True,True
3463,2022,2022-03-17 12:59:00,2022-03-17 16:38:00,3.65,0.0,0.0,SERC,Actual Physical Attack/Vandalism,Damage or destruction of its Facility that results from actual or suspected intentional human action.,North Carolina: Durham County;,2022.0,3.0,True,True
3464,2022,2022-03-18 16:32:00,,,20423.0,78.0,SERC,Transmission Interruption,"Unexpected Transmission loss within its area, contrary to design, of three or more Bulk Electric System Facilities caused by a common disturbance (excluding successful automatic reclosing).",Florida: Palm Beach County;,2022.0,3.0,False,True
3465,2022,2022-03-20 17:52:00,2022-03-20 22:20:00,4.466666666666667,0.0,0.0,MRO,System Operations,Complete loss of monitoring or control capability at its staffed Bulk Electric System control center for 30 continuous minutes or more.,Minnesota: St. Louis County;,2022.0,3.0,True,True
3466,2022,2022-03-21 19:00:00,2022-03-24 00:00:00,53.0,170000.0,,TRE,Severe Weather,"Loss of electric service to more than 50,000 customers for 1 hour or more","Texas: Anderson County, Bell County, Bosque County, Comanche County, Coryell County, Falls County, Freestone County, Hamilton County, Henderson County, Hill County, Lampasas County, Leon County, Limestone County, McLennan County, Milam County, Mills County, Robertson County, Collin County, Cooke County, Dallas County, Denton County, Ellis County, Erath County, Fannin County, Grayson County, Hood County, Hunt County, Johnson County, Kaufman County, Navarro County, Parker County, Rains County, Rockwall County, Somervell County, Tarrant County, Van Zandt County, Wise County;",2022.0,3.0,True,True
3467,2022,2022-03-22 21:04:00,2022-03-22 21:08:00,0.06666666666666667,0.0,0.0,RF,Suspicious Activity,"Physical threat to its Facility excluding weather or natural disaster related threats, which has the potential to degrade the normal operation of the Facility. Or suspicious device or activity at its Facility.",Maryland: Prince George's County;,2022.0,3.0,True,True
3468,2022,2022-03-22 00:06:00,2022-03-22 04:29:00,4.383333333333334,0.0,0.0,MRO,Transmission Interruption,"Unexpected Transmission loss within its area, contrary to design, of three or more Bulk Electric System Facilities caused by a common disturbance (excluding successful automatic reclosing).",South Dakota:,2022.0,3.0,True,True
3469,2022,2022-03-25 20:46:00,2022-03-25 22:48:00,2.033333333333333,0.0,0.0,NPCC,System Operations,Complete loss of monitoring or control capability at its staffed Bulk Electric System control center for 30 continuous minutes or more.,Maine:,2022.0,3.0,True,True
3470,2022,2022-03-29 11:45:00,,,0.0,0.0,WECC,Vandalism,Physical attack that could potentially impact electric power system adequacy or reliability; or vandalism which targets components of any security systems,California: Imperial County;,2022.0,3.0,False,True
3471,2022,2022-03-29 16:34:00,2022-03-30 15:25:00,22.85,0.0,0.0,NPCC,Vandalism,Damage or destruction of its Facility that results from actual or suspected intentional human action.,Vermont: Chittenden County;,2022.0,3.0,True,True
3472,2022,2022-03-30 15:45:00,,,66448.0,,SERC,Severe Weather,"Loss of electric service to more than 50,000 customers for 1 hour or more",Louisiana: Mississippi: Arkansas:,2022.0,3.0,False,True
3473,2022,2022-03-31 08:59:00,2022-04-01 19:30:00,34.516666666666666,70000.0,60.0,RF,Severe Weather,"Loss of electric service to more than 50,000 customers for 1 hour or more","Michigan: Huron County, Tuscola County, St. Clair County, Washtenaw County, Macomb County, Wayne County, Monroe County, Oakland County, Livingston County;",2022.0,3.0,True,True
3474,2022,2022-03-31 22:43:00,,,0.0,0.0,WECC/SERC,Cyber Event,Cyber event that could potentially impact electric power system adequacy or reliability,Montana: Toole County; Florida: Palm Beach County;,2022.0,3.0,False,True
3475,2022,2022-03-31 00:04:00,2022-03-31 09:20:00,9.266666666666667,22000.0,157.0,SERC,Severe Weather,"Loss of electric service to more than 50,000 customers for 1 hour or more",Georgia: Alabama: Mississippi: Florida:,2022.0,3.0,True,True
3476,2022,2022-04-05 04:40:00,2022-04-05 17:21:00,12.683333333333334,16299.0,73.0,SERC/RF,System Operations,"Unexpected Transmission loss within its area, contrary to design, of three or more Bulk Electric System Facilities caused by a common disturbance (excluding successful automatic reclosing).",Missouri: Jackson County;,2022.0,4.0,True,True
3477,2022,2022-04-10 15:41:00,2022-04-10 15:50:00,0.15,,5.0,SERC,System Operations,Electrical System Separation (Islanding) where part or parts of a power grid remain(s) operational in an otherwise blacked out area or within the partial failure of an integrated electrical system,Arkansas: Pulaski County;,2022.0,4.0,True,False
3478,2022,2022-04-10 15:41:00,2022-04-10 15:50:00,0.15,,5.0,SERC,System Operations,Electrical System Separation (Islanding) where part or parts of a power grid remain(s) operational in an otherwise blacked out area or within the partial failure of an integrated electrical system,Arkansas: Pulaski County;,2022.0,4.0,True,False
3479,2022,2022-04-11 09:15:00,2022-04-13 08:00:00,46.75,73717.0,3140.0,WECC,Severe Weather,"Loss of electric service to more than 50,000 customers for 1 hour or more","Oregon: Multnomah County, Clackamas County, Marion County, Yamhill County, Washington County;",2022.0,4.0,True,True
3480,2022,2022-04-11 21:37:00,2022-04-11 22:14:00,0.6166666666666667,1337.0,2.0,WECC,Actual Physical Attack,Damage or destruction of its Facility that results from actual or suspected intentional human action.,California: Riverside County;,2022.0,4.0,True,True
3481,2022,2022-04-11 20:33:00,2022-04-11 20:40:00,0.11666666666666667,0.0,0.0,RF,Suspicious Activity,"Physical threat to its Facility excluding weather or natural disaster related threats, which has the potential to degrade the normal operation of the Facility. Or suspicious device or activity at its Facility.",Maryland: Calvert County;,2022.0,4.0,True,True
3482,2022,2022-04-11 20:33:00,2022-04-11 20:40:00,0.11666666666666667,0.0,0.0,RF,Suspicious Activity,"Physical threat to its Facility excluding weather or natural disaster related threats, which has the potential to degrade the normal operation of the Facility. Or suspicious device or activity at its Facility.",Maryland: Calvert County;,2022.0,4.0,True,True
3483,2022,2022-04-12 17:42:00,2022-04-12 18:38:00,0.9333333333333333,0.0,0.0,SERC,Actual Physical Attack,Physical attack that could potentially impact electric power system adequacy or reliability; or vandalism which targets components of any security systems,Arkansas: Ouachita County;,2022.0,4.0,True,True
3484,2022,2022-04-13 22:04:00,2022-04-14 00:02:00,1.9666666666666666,2429.0,7.0,SERC,System Operations,"Unexpected Transmission loss within its area, contrary to design, of three or more Bulk Electric System Facilities caused by a common disturbance (excluding successful automatic reclosing).",Louisiana: Iberia Parish;,2022.0,4.0,True,True
3485,2022,2022-04-14 05:59:00,2022-04-14 06:13:00,0.23333333333333334,262268.0,164.0,WECC,Transmission Interruption,"Unexpected Transmission loss within its area, contrary to design, of three or more Bulk Electric System Facilities caused by a common disturbance (excluding successful automatic reclosing).",California: Los Angeles County;,2022.0,4.0,True,True
3486,2022,2022-04-16 12:17:00,,,0.0,0.0,SERC/RF,Generation Inadequacy,Complete loss of monitoring or control capability at its staffed Bulk Electric System control center for 30 continuous minutes or more.,Missouri:,2022.0,4.0,False,True
3487,2022,2022-04-16 11:08:00,,,0.0,0.0,SERC/MRO,System Operations,"Unexpected Transmission loss within its area, contrary to design, of three or more Bulk Electric System Facilities caused by a common disturbance (excluding successful automatic reclosing).",Iowa: Polk County; Illinois:,2022.0,4.0,False,True
3488,2022,2022-04-16 10:45:00,,,0.0,0.0,WECC,Suspicious Activity,"Physical threat to its Facility excluding weather or natural disaster related threats, which has the potential to degrade the normal operation of the Facility. Or suspicious device or activity at its Facility.",Washington:,2022.0,4.0,False,True
3489,2022,2022-04-16 17:44:00,,,,9290.0,WECC,System Operations,Electrical System Separation (Islanding) where part or parts of a power grid remain(s) operational in an otherwise blacked out area or within the partial failure of an integrated electrical system,California:,2022.0,4.0,False,False
3490,2022,2022-04-16 05:30:00,2022-04-16 11:38:00,6.133333333333334,0.0,0.0,WECC,System Operations,Unplanned evacuation from its Bulk Electric System control center facility for 30 continuous minutes or more.,California: Shasta County;,2022.0,4.0,True,True
3491,2022,2022-04-16 22:55:00,2022-04-16 22:57:00,0.03333333333333333,0.0,0.0,RF,Suspicious Activity,"Physical threat to its Facility excluding weather or natural disaster related threats, which has the potential to degrade the normal operation of the Facility. Or suspicious device or activity at its Facility.",Pennsylvania: York County;,2022.0,4.0,True,True
3492,2022,2022-04-19 06:00:00,,,97000.0,,NPCC,Severe Weather,"Loss of electric service to more than 50,000 customers for 1 hour or more",New York:,2022.0,4.0,False,True
3493,2022,2022-04-19 08:41:00,2022-04-19 12:10:00,3.4833333333333334,67754.0,,NPCC,Severe Weather,"Loss of electric service to more than 50,000 customers for 1 hour or more",Connecticut: Massachusetts: Maine: New Hampshire: Rhode Island: Vermont:,2022.0,4.0,True,True
3494,2022,2022-04-19 04:07:00,,,84033.0,,NPCC,Severe Weather,"Loss of electric service to more than 50,000 customers for 1 hour or more","New York: Broome County, Chemung County, Chenango County, Clinton County, Columbia County, Cortland County, Delaware County, Dutchess County, Erie County, Essex County, Greene County, Hamilton County, Herkimer County, Madison County, Oneida County, Otsego County, Putnam County, Saratoga County, Schoharie County, Schuyler County, Steuben County, Sullivan County, Tioga County, Tompkins County, Ulster County, Westchester County;",2022.0,4.0,False,True
3495,2022,2022-04-22 23:00:00,2022-04-24 16:00:00,41.0,,1000.0,MRO,Severe Weather,Uncontrolled loss of 300 Megawatts or more of firm system loads for 15 minutes or more from a single incident,North Dakota:,2022.0,4.0,True,False
3496,2022,2022-04-22 23:16:00,2022-04-24 16:00:00,40.733333333333334,,,WECC/MRO,Severe Weather,"Unexpected Transmission loss within its area, contrary to design, of three or more Bulk Electric System Facilities caused by a common disturbance (excluding successful automatic reclosing).","North Dakota: Mountrail County, Williams County, Ward County, Burke County, Bottineau County, McLean County, Walsh County, Bowman County, Stark County, Dunn County, Mercer County; Montana: Wibaux County, Richland County;",2022.0,4.0,True,False
3497,2022,2022-04-23 15:38:00,2022-04-24 04:00:00,12.366666666666667,18430.0,480.0,MRO,Severe Weather,Uncontrolled loss of 300 Megawatts or more of firm system loads for 15 minutes or more from a single incident,"North Dakota: Mountrail County, Williams County;",2022.0,4.0,True,True
3498,2022,2022-04-23 19:42:00,2022-04-24 16:17:00,20.583333333333332,22400.0,43.0,SERC/MRO,Severe Weather,"Unexpected Transmission loss within its area, contrary to design, of three or more Bulk Electric System Facilities caused by a common disturbance (excluding successful automatic reclosing).","Iowa: Polk County, Warren County; Illinois:",2022.0,4.0,True,True
3499,2022,2022-04-26 14:27:00,,,0.0,17.0,MRO,Vandalism,Damage or destruction of its Facility that results from actual or suspected intentional human action.,Minnesota: Chisago County;,2022.0,4.0,False,True
3500,2022,2022-04-26 08:54:00,2022-04-26 08:55:00,0.016666666666666666,0.0,0.0,WECC,Vandalism,Physical attack that could potentially impact electric power system adequacy or reliability; or vandalism which targets components of any security systems,California: Sacramento County;,2022.0,4.0,True,True
3501,2022,2022-04-27 09:00:00,2022-04-27 09:01:00,0.016666666666666666,,,RF,Suspicious Activity,"Physical threat to its Facility excluding weather or natural disaster related threats, which has the potential to degrade the normal operation of the Facility. Or suspicious device or activity at its Facility.",Ohio: Muskingum County;,2022.0,4.0,True,False
3502,2022,2022-04-28 07:56:00,2022-04-28 08:48:00,0.8666666666666667,,74.0,SERC,System Operations,"Unexpected Transmission loss within its area, contrary to design, of three or more Bulk Electric System Facilities caused by a common disturbance (excluding successful automatic reclosing).",North Carolina: South Carolina:,2022.0,4.0,True,False
3503,2022,2022-04-28 15:45:00,,,0.0,0.0,WECC,Suspicious Activity,"Physical threat to its Facility excluding weather or natural disaster related threats, which has the potential to degrade the normal operation of the Facility. Or suspicious device or activity at its Facility.",New Mexico: San Juan County;,2022.0,4.0,False,True
3504,2022,2022-04-29 07:05:00,2022-04-29 07:06:00,0.016666666666666666,0.0,0.0,WECC,Vandalism,Physical attack that could potentially impact electric power system adequacy or reliability; or vandalism which targets components of any security systems,California:,2022.0,4.0,True,True
3505,2022,2022-05-02 14:24:00,2022-05-02 14:25:00,0.016666666666666666,0.0,,WECC,Vandalism,Damage or destruction of its Facility that results from actual or suspected intentional human action.,California:,2022.0,5.0,True,True
3506,2022,2022-05-03 06:42:00,2022-05-03 13:59:00,7.283333333333333,0.0,0.0,NPCC,Vandalism,Damage or destruction of its Facility that results from actual or suspected intentional human action.,New Hampshire: Carroll County;,2022.0,5.0,True,True
3507,2022,2022-05-03 00:17:00,2022-05-04 12:00:00,35.71666666666667,0.0,0.0,SERC,Actual Physical Attack,Damage or destruction of its Facility that results from actual or suspected intentional human action.,Louisiana:,2022.0,5.0,True,True
3508,2022,2022-05-04 14:07:00,2022-05-05 01:57:00,11.833333333333334,0.0,,RF,System Operations,Complete loss of monitoring or control capability at its staffed Bulk Electric System control center for 30 continuous minutes or more.,Michigan: Wayne County;,2022.0,5.0,True,True
3509,2022,2022-05-05 13:06:00,2022-05-05 14:06:00,1.0,0.0,,SERC,Transmission Interruption,"Unexpected Transmission loss within its area, contrary to design, of three or more Bulk Electric System Facilities caused by a common disturbance (excluding successful automatic reclosing).",Arkansas:,2022.0,5.0,True,True
3510,2022,2022-05-06 03:02:00,2022-05-06 03:34:00,0.5333333333333333,0.0,0.0,RF,Fuel Supply Deficiency,Complete loss of monitoring or control capability at its staffed Bulk Electric System control center for 30 continuous minutes or more.,Michigan: Jackson County;,2022.0,5.0,True,True
3511,2022,2022-05-09 16:25:00,2022-05-09 17:10:00,0.75,0.0,0.0,TRE,Vandalism,Damage or destruction of its Facility that results from actual or suspected intentional human action.,Texas: Haskell County;,2022.0,5.0,True,True
3512,2022,2022-05-09 16:25:00,2022-05-09 17:10:00,0.75,0.0,0.0,TRE,Vandalism,Damage or destruction of its Facility that results from actual or suspected intentional human action.,Texas: Haskell County;,2022.0,5.0,True,True
3513,2022,2022-05-11 18:00:00,2022-05-11 22:42:00,4.7,105000.0,,MRO,Severe Weather,"Loss of electric service to more than 50,000 customers for 1 hour or more",Minnesota:,2022.0,5.0,True,True
3514,2022,2022-05-11 10:00:00,2022-05-11 10:01:00,0.016666666666666666,0.0,0.0,MRO,Vandalism,Physical attack that could potentially impact electric power system adequacy or reliability; or vandalism which targets components of any security systems; Damage or destruction of its Facility that results from actual or suspected intentional human action.,Iowa: Clinton County;,2022.0,5.0,True,True
3515,2022,2022-05-12 16:50:00,2022-05-13 02:48:00,9.966666666666667,,,MRO,Transmission Interruption,"Unexpected Transmission loss within its area, contrary to design, of three or more Bulk Electric System Facilities caused by a common disturbance (excluding successful automatic reclosing).",South Dakota: Davison County;,2022.0,5.0,True,False
3516,2022,2022-05-12 14:58:00,2022-05-12 14:59:00,0.016666666666666666,0.0,0.0,SERC,Actual Physical Attack/Vandalism,Damage or destruction of its Facility that results from actual or suspected intentional human action.,Mississippi: Harrison County;,2022.0,5.0,True,True
3517,2022,2022-05-12 14:58:00,2022-05-12 14:59:00,0.016666666666666666,0.0,0.0,SERC,Actual Physical Attack/Vandalism,Damage or destruction of its Facility that results from actual or suspected intentional human action.,Mississippi: Lamar County;,2022.0,5.0,True,True
3518,2022,2022-05-12 01:00:00,2022-05-12 01:10:00,0.16666666666666666,0.0,0.0,TRE,Suspicious Activity,"Physical threat to its Facility excluding weather or natural disaster related threats, which has the potential to degrade the normal operation of the Facility. Or suspicious device or activity at its Facility.",Texas: Frio County;,2022.0,5.0,True,True
3519,2022,2022-05-12 10:44:00,2022-05-12 13:34:00,2.8333333333333335,0.0,800.0,SERC,Transmission Interruption,"Unexpected Transmission loss within its area, contrary to design, of three or more Bulk Electric System Facilities caused by a common disturbance (excluding successful automatic reclosing).","Missouri: Barry County, Dade County, Lawrence County;",2022.0,5.0,True,True
3520,2022,2022-05-14 15:05:00,2022-05-14 16:30:00,1.4166666666666667,0.0,0.0,TRE,System Operations,Complete loss of monitoring or control capability at its staffed Bulk Electric System control center for 30 continuous minutes or more.,Texas:,2022.0,5.0,True,True
3521,2022,2022-05-15 23:30:00,2022-05-17 23:45:00,48.25,150000.0,,TRE,Severe Weather,"Loss of electric service to more than 50,000 customers for 1 hour or more","Texas: Collin County, Dallas County, Denton County, Ellis County, Grayson County, Henderson County, Hunt County, Kaufman County, Navarro County, Rockwall County, Smith County, Tarrant County, Van Zandt County;",2022.0,5.0,True,True
3522,2022,2022-05-15 21:00:00,2022-05-15 21:10:00,0.16666666666666666,0.0,0.0,RF,Suspicious Activity,"Physical threat to its Facility excluding weather or natural disaster related threats, which has the potential to degrade the normal operation of the Facility. Or suspicious device or activity at its Facility.",Pennsylvania: Montgomery County;,2022.0,5.0,True,True
3523,2022,2022-05-15 21:00:00,2022-05-15 21:10:00,0.16666666666666666,0.0,0.0,RF,Suspicious Activity,"Physical threat to its Facility excluding weather or natural disaster related threats, which has the potential to degrade the normal operation of the Facility. Or suspicious device or activity at its Facility.",Pennsylvania: Montgomery County;,2022.0,5.0,True,True
3524,2022,2022-05-16 05:00:00,2022-05-16 05:01:00,0.016666666666666666,0.0,0.0,WECC,Vandalism,Damage or destruction of its Facility that results from actual or suspected intentional human action.,"California: Solano County, Santa Clara County;",2022.0,5.0,True,True
3525,2022,2022-05-16 16:03:00,2022-05-16 19:32:00,3.4833333333333334,0.0,0.0,WECC,System Operations,Unplanned evacuation from its Bulk Electric System control center facility for 30 continuous minutes or more; Complete loss of monitoring or control capability at its staffed Bulk Electric System control center for 30 continuous minutes or more.,Arizona: Pima County;,2022.0,5.0,True,True
3526,2022,2022-05-17 12:10:00,,,,25.0,WECC,Transmission Interruption,"Unexpected Transmission loss within its area, contrary to design, of three or more Bulk Electric System Facilities caused by a common disturbance (excluding successful automatic reclosing).",New Mexico: Roosevelt County;,2022.0,5.0,False,False
3527,2022,2022-05-18 17:00:00,2022-05-31 12:00:00,307.0,0.0,560.0,WECC,Fuel Supply Deficiency,Fuel supply emergencies that could impact electric power system adequacy or reliability,New Mexico: San Juan County;,2022.0,5.0,True,True
3528,2022,2022-05-18 11:00:00,2022-05-18 16:34:00,5.566666666666666,0.0,0.0,WECC,Vandalism,Damage or destruction of its Facility that results from actual or suspected intentional human action.,Idaho: Madison County;,2022.0,5.0,True,True
3529,2022,2022-05-18 15:30:00,2022-05-18 16:30:00,1.0,0.0,0.0,RF,Suspicious Activity,"Physical threat to its Facility excluding weather or natural disaster related threats, which has the potential to degrade the normal operation of the Facility. Or suspicious device or activity at its Facility.",Pennsylvania: Philadelphia County;,2022.0,5.0,True,True
3530,2022,2022-05-20 17:26:00,2022-05-20 17:33:00,0.11666666666666667,0.0,0.0,NPCC,Transmission Interruption,"Unexpected Transmission loss within its area, contrary to design, of three or more Bulk Electric System Facilities caused by a common disturbance (excluding successful automatic reclosing).",New York:,2022.0,5.0,True,True
3531,2022,2022-05-20 08:48:00,,,0.0,0.0,NPCC,Suspicious Activity,"Physical threat to its Facility excluding weather or natural disaster related threats, which has the potential to degrade the normal operation of the Facility. Or suspicious device or activity at its Facility.","New York: Broome County, Monroe County;",2022.0,5.0,False,True
3532,2022,2022-05-21 21:53:00,2022-05-22 00:28:00,2.5833333333333335,0.0,0.0,SERC,Actual Physical Attack,Damage or destruction of its Facility that results from actual or suspected intentional human action.,Missouri: Jackson County;,2022.0,5.0,True,True
3533,2022,2022-05-22 02:30:00,2022-05-22 18:52:00,16.366666666666667,52172.0,,TRE,Severe Weather,"Loss of electric service to more than 50,000 customers for 1 hour or more",Texas: Harris County;,2022.0,5.0,True,True
3534,2022,2022-05-22 22:40:00,2022-05-22 23:16:00,0.6,0.0,0.0,NPCC,System Operations,Complete loss of monitoring or control capability at its staffed Bulk Electric System control center for 30 continuous minutes or more.,Maine:,2022.0,5.0,True,True
3535,2022,2022-05-25 06:42:00,2022-05-25 06:43:00,0.016666666666666666,0.0,0.0,WECC,Actual Physical Attack,Damage or destruction of its Facility that results from actual or suspected intentional human action.,California: Siskiyou County;,2022.0,5.0,True,True
3536,2022,2022-05-27 07:56:00,2022-05-27 08:38:00,0.7,0.0,0.0,WECC,System Operations,Complete loss of monitoring or control capability at its staffed Bulk Electric System control center for 30 continuous minutes or more.,Arizona: California: Nevada: New Mexico:,2022.0,5.0,True,True
3537,2022,2022-05-27 05:19:00,2022-05-27 06:00:00,0.6833333333333333,0.0,0.0,RF,Suspicious Activity,"Physical threat to its Facility excluding weather or natural disaster related threats, which has the potential to degrade the normal operation of the Facility. Or suspicious device or activity at its Facility.",Ohio: Cuyahoga County;,2022.0,5.0,True,True
3538,2022,2022-05-29 16:41:00,2022-05-31 11:29:00,42.8,0.0,0.0,RF,Transmission Interruption,"Unexpected Transmission loss within its area, contrary to design, of three or more Bulk Electric System Facilities caused by a common disturbance (excluding successful automatic reclosing).",Pennsylvania: York County;,2022.0,5.0,True,True
3539,2022,2022-05-29 01:18:00,2022-05-29 01:50:00,0.5333333333333333,0.0,0.0,RF,System Operations,Complete loss of monitoring or control capability at its staffed Bulk Electric System control center for 30 continuous minutes or more.,Pennsylvania: Montgomery County;,2022.0,5.0,True,True
3540,2022,2022-05-30 14:10:00,2022-05-31 05:58:00,15.8,0.0,0.0,WECC,System Operations,Unplanned evacuation from its Bulk Electric System control center facility for 30 continuous minutes or more.,California: San Diego County;,2022.0,5.0,True,True
3541,2022,2022-05-31 13:58:00,2022-05-31 13:59:00,0.016666666666666666,0.0,0.0,TRE,Vandalism,Damage or destruction of its Facility that results from actual or suspected intentional human action.,Texas: Travis County;,2022.0,5.0,True,True
3542,2022,2022-06-01 10:47:00,2022-06-01 10:48:00,0.016666666666666666,0.0,0.0,WECC,Vandalism,Damage or destruction of its Facility that results from actual or suspected intentional human action.,Utah: California: Oregon: Umatilla County;,2022.0,6.0,True,True
3543,2022,2022-06-02 08:20:00,,,0.0,0.0,WECC,Vandalism,Physical attack that could potentially impact electric power system adequacy or reliability; or vandalism which targets components of any security systems,California: Imperial County;,2022.0,6.0,False,True
3544,2022,2022-06-03 03:48:00,2022-06-03 03:49:00,0.016666666666666666,0.0,0.0,SERC,Vandalism,"Damage or destruction of a Facility within its Reliability Coordinator Area, Balancing Authority Area or Transmission Operator Area that results in action(s) to avoid a Bulk Electric System Emergency.",Georgia: DeKalb County;,2022.0,6.0,True,True
3545,2022,2022-06-04 12:59:00,2022-06-05 02:15:00,13.266666666666667,0.0,0.0,TRE,Generation Inadequacy,"Total generation loss, within one minute of: greater than or equal to 2,000 Megawatts in the Eastern or Western Interconnection or greater than or equal to 1,400 Megawatts in the ERCOT Interconnection.",Texas: Ector County;,2022.0,6.0,True,True
3546,2022,2022-06-05 15:20:00,2022-06-05 20:12:00,4.866666666666666,,,WECC,Generation Inadequacy,Firm load shedding of 100 Megawatts or more implemented under emergency operational polic,California:,2022.0,6.0,True,False
3547,2022,2022-06-06 10:21:00,2022-06-06 10:24:00,0.05,4000.0,13.0,WECC,System Operations,Electrical System Separation (Islanding) where part or parts of a power grid remain(s) operational in an otherwise blacked out area or within the partial failure of an integrated electrical system,California: Shasta County;,2022.0,6.0,True,True
3548,2022,2022-06-08 01:00:00,2022-06-08 06:00:00,5.0,91188.0,,SERC/MRO,Severe Weather/Transmission Interruption,"Loss of electric service to more than 50,000 customers for 1 hour or more","Missouri: Clay County, Jackson County; Kansas: Johnson County;",2022.0,6.0,True,True
3549,2022,2022-06-08 00:00:00,2022-06-08 04:00:00,4.0,62000.0,,SERC/MRO,Severe Weather,"Loss of electric service to more than 50,000 customers for 1 hour or more",Kansas: Missouri: Nebraska:,2022.0,6.0,True,True
3550,2022,2022-06-08 01:00:00,2022-06-08 04:00:00,3.0,60000.0,,SERC,Severe Weather/Distribution Interruption,"Loss of electric service to more than 50,000 customers for 1 hour or more",Missouri:,2022.0,6.0,True,True
3551,2022,2022-06-09 02:33:00,2022-06-09 06:49:00,4.266666666666667,0.0,0.0,TRE,Suspicious Activity,Damage or destruction of its Facility that results from actual or suspected intentional human action.,Texas: Dallas County;,2022.0,6.0,True,True
3552,2022,2022-06-09 07:00:00,2022-06-09 07:05:00,0.08333333333333333,0.0,0.0,WECC,Vandalism,Damage or destruction of its Facility that results from actual or suspected intentional human action.,Oregon: Douglas County; Washington: Idaho: Utah: Wyoming:,2022.0,6.0,True,True
3553,2022,2022-06-10 12:08:00,2022-06-10 21:30:00,9.366666666666667,0.0,0.0,TRE,Actual Physical Attack/Vandalism,Public appeal to reduce the use of electricity for purposes of maintaining the continuity of the Bulk Electric System,Texas: El Paso County;,2022.0,6.0,True,True
3554,2022,2022-06-10 20:27:00,2022-06-10 21:30:00,1.05,39094.0,100.0,WECC,System Operations,Firm load shedding of 100 Megawatts or more implemented under emergency operational polic,California: Kern County;,2022.0,6.0,True,True
3555,2022,2022-06-10 20:20:00,2022-06-10 20:28:00,0.13333333333333333,,100.0,WECC,System Operations,Firm load shedding of 100 Megawatts or more implemented under emergency operational polic,California: Kern County;,2022.0,6.0,True,False
3556,2022,2022-06-10 08:45:00,,,445.0,13437.0,WECC,System Operations,Electrical System Separation (Islanding) where part or parts of a power grid remain(s) operational in an otherwise blacked out area or within the partial failure of an integrated electrical system,California:,2022.0,6.0,False,True
3557,2022,2022-06-12 23:30:00,2022-06-13 23:30:00,24.0,100000.0,14000.0,SERC/RF,Severe Weather/Transmission Interruption,"Loss of electric service to more than 50,000 customers for 1 hour or more",Ohio: West Virginia: Virginia: Indiana:,2022.0,6.0,True,True
3558,2022,2022-06-13 18:00:00,2022-06-14 18:15:00,24.25,162551.0,,SERC/RF,Severe Weather/Transmission Interruption,"Loss of electric service to more than 50,000 customers for 1 hour or more",Ohio: Kentucky:,2022.0,6.0,True,True
3559,2022,2022-06-13 23:54:00,2022-06-14 00:45:00,0.85,0.0,0.0,RF,System Operations,Complete loss of Interpersonal Communication and Alternative Interpersonal Communication capability affecting its staffed Bulk Electric System control center for 30 continuous minutes or more. Complete loss of monitoring or control capability at its staffed Bulk Electric System control center for 30 continuous minutes or more.,Michigan:,2022.0,6.0,True,True
3560,2022,2022-06-14 13:46:00,,,,373.0,RF,System Operations,Firm load shedding of 100 Megawatts or more implemented under emergency operational polic,Ohio:,2022.0,6.0,False,False
3561,2022,2022-06-14 00:00:00,2022-06-14 06:00:00,6.0,0.0,0.0,WECC,Actual Physical Attack/Vandalism,"Physical threat to its Facility excluding weather or natural disaster related threats, which has the potential to degrade the normal operation of the Facility. Or suspicious device or activity at its Facility.",Washington: Grant County;,2022.0,6.0,True,True
3562,2022,2022-06-15 21:00:00,,,57000.0,90.0,RF/MRO,Severe Weather,"Loss of electric service to more than 50,000 customers for 1 hour or more","Wisconsin: Outagamie County, Waupaca County, Winnebago County, Brown County, Sheboygan County, Ozaukee County, Waukesha County; Michigan: Iron County;",2022.0,6.0,False,True
3563,2022,2022-06-15 10:45:00,2022-06-15 13:45:00,3.0,0.0,0.0,RF,System Operations,Complete loss of monitoring or control capability at its staffed Bulk Electric System control center for 30 continuous minutes or more.,Michigan: Wayne County;,2022.0,6.0,True,True
3564,2022,2022-06-16 16:31:00,2022-06-16 20:07:00,3.6,77908.0,,SERC,Severe Weather,"Loss of electric service to more than 50,000 customers for 1 hour or more",North Carolina: South Carolina:,2022.0,6.0,True,True
3565,2022,2022-06-16 03:51:00,2022-06-16 06:30:00,2.65,7500.0,35.0,WECC,Suspicious Activity,Damage or destruction of its Facility that results from actual or suspected intentional human action.,Washington: Lewis County;,2022.0,6.0,True,True
3566,2022,2022-06-17 18:45:00,2022-06-18 13:32:00,18.783333333333335,44000.0,,SERC,Severe Weather,"Loss of electric service to more than 50,000 customers for 1 hour or more",North Carolina:,2022.0,6.0,True,True
3567,2022,2022-06-17 17:30:00,2022-06-19 21:15:00,51.75,150000.0,,SERC/RF,Severe Weather,"Loss of electric service to more than 50,000 customers for 1 hour or more",West Virginia: Virginia: Kentucky:,2022.0,6.0,True,True
3568,2022,2022-06-17 17:37:00,2022-06-18 00:54:00,7.283333333333333,91056.0,,SERC,Severe Weather,"Loss of electric service to more than 50,000 customers for 1 hour or more",North Carolina: South Carolina:,2022.0,6.0,True,True
3569,2022,2022-06-17 06:02:00,,,80000.0,,SERC/RF,Severe Weather,Cyber event that could potentially impact electric power system adequacy or reliability,Illinois: Missouri:,2022.0,6.0,False,True
3570,2022,2022-06-20 12:54:00,2022-06-20 14:23:00,1.4833333333333334,15604.0,0.0,MRO,System Operations,"Unexpected Transmission loss within its area, contrary to design, of three or more Bulk Electric System Facilities caused by a common disturbance (excluding successful automatic reclosing).",Minnesota: Hennepin County;,2022.0,6.0,True,True
3571,2022,2022-06-22 16:56:00,2022-06-23 02:00:00,9.066666666666666,100000.0,,SERC/RF,Severe Weather/Distribution Interruption,"Loss of electric service to more than 50,000 customers for 1 hour or more",Virginia:,2022.0,6.0,True,True
3572,2022,2022-06-23 12:41:00,2022-06-23 13:41:00,1.0,0.0,0.0,NPCC,Suspicious Activity,"Physical threat to its Facility excluding weather or natural disaster related threats, which has the potential to degrade the normal operation of the Facility. Or suspicious device or activity at its Facility.",New Jersey: Cape May County;,2022.0,6.0,True,True
3573,2022,2022-06-23 10:55:00,,,0.0,0.0,WECC,Fuel Supply Deficiency,Fuel supply emergencies that could impact electric power system adequacy or reliability,California:,2022.0,6.0,False,True
3574,2022,2022-06-24 23:09:00,2022-06-25 00:00:00,0.85,,,SERC,Fuel Supply Deficiency,Fuel supply emergencies that could impact electric power system adequacy or reliability,Louisiana:,2022.0,6.0,True,False
3575,2022,2022-06-26 17:05:00,2022-06-26 22:42:00,5.616666666666666,0.0,0.0,WECC,Vandalism,Damage or destruction of its Facility that results from actual or suspected intentional human action.,Nevada: Clark County;,2022.0,6.0,True,True
3576,2022,2022-06-27 17:07:00,2022-06-28 01:42:00,8.583333333333334,0.0,0.0,RF/MRO,System Operations,Complete loss of monitoring or control capability at its staffed Bulk Electric System control center for 30 continuous minutes or more.,Michigan: Wayne County;,2022.0,6.0,True,True
3577,2022,2022-06-27 14:26:00,2022-06-28 03:56:00,13.5,2491.0,14.0,TRE,Severe Weather,"Unexpected Transmission loss within its area, contrary to design, of three or more Bulk Electric System Facilities caused by a common disturbance (excluding successful automatic reclosing).",Texas: Victoria County;,2022.0,6.0,True,True
3578,2022,2022-06-27 06:21:00,2022-06-27 07:26:00,1.0833333333333333,0.0,0.0,TRE,System Operations,Complete loss of monitoring or control capability at its staffed Bulk Electric System control center for 30 continuous minutes or more.,Texas:,2022.0,6.0,True,True
3579,2022,2022-06-28 09:27:00,2022-06-28 10:42:00,1.25,0.0,0.0,TRE,System Operations,Complete loss of monitoring or control capability at its staffed Bulk Electric System control center for 30 continuous minutes or more.,Texas: Travis County;,2022.0,6.0,True,True
3580,2022,2022-06-28 09:39:00,2022-06-28 09:40:00,0.016666666666666666,0.0,0.0,SERC,Suspicious Activity,"Physical threat to its Facility excluding weather or natural disaster related threats, which has the potential to degrade the normal operation of the Facility. Or suspicious device or activity at its Facility.",Kentucky: Clark County;,2022.0,6.0,True,True
3581,2022,2022-06-30 19:58:00,2022-06-30 20:50:00,0.8666666666666667,0.0,0.0,RF,System Operations,Unplanned evacuation from its Bulk Electric System control center facility for 30 continuous minutes or more. Complete loss of monitoring or control capability at its staffed Bulk Electric System control center for 30 continuous minutes or more.,Michigan: Wayne County;,2022.0,6.0,True,True
3582,2022,2022-07-01 11:45:00,,,0.0,20.0,WECC,Vandalism,Damage or destruction of its Facility that results from actual or suspected intentional human action.,California: Kern County;,2022.0,7.0,False,True
3583,2022,2022-07-03 10:30:00,2022-07-03 10:40:00,0.16666666666666666,0.0,0.0,WECC,Vandalism,Physical attack that could potentially impact electric power system adequacy or reliability; or vandalism which targets components of any security systems,California: Contra Costa County;,2022.0,7.0,True,True
3584,2022,2022-07-03 05:18:00,2022-07-03 08:24:00,3.1,0.0,0.0,MRO,Vandalism,Physical attack that could potentially impact electric power system adequacy or reliability; or vandalism which targets components of any security systems,Oklahoma:,2022.0,7.0,True,True
3585,2022,2022-07-03 11:02:00,,,1079.0,,WECC,Actual Physical Attack,Damage or destruction of its Facility that results from actual or suspected intentional human action.,California: Kern County;,2022.0,7.0,False,True
3586,2022,2022-07-04 18:21:00,,,3001.0,3.0,WECC,System Operations,Electrical System Separation (Islanding) where part or parts of a power grid remain(s) operational in an otherwise blacked out area or within the partial failure of an integrated electrical system,California: Amador County;,2022.0,7.0,False,True
3587,2022,2022-07-05 08:00:00,2022-07-05 08:06:00,0.1,0.0,0.0,WECC,Actual Physical Attack,Damage or destruction of its Facility that results from actual or suspected intentional human action.,Washington: Pierce County; Oregon: Idaho: Montana:,2022.0,7.0,True,True
3588,2022,2022-07-05 20:46:00,2022-07-05 21:40:00,0.9,0.0,0.0,RF/SERC,System Operations,Complete loss of monitoring or control capability at its staffed Bulk Electric System control center for 30 continuous minutes or more.,Iowa: Illinois:,2022.0,7.0,True,True
3589,2022,2022-07-06 14:39:00,2022-07-07 03:54:00,13.25,104700.0,,RF/SERC,Severe Weather/Transmission Interruption,"Loss of electric service to more than 50,000 customers for 1 hour or more",Ohio: Kentucky:,2022.0,7.0,True,True
3590,2022,2022-07-06 16:23:00,2022-07-06 16:35:00,0.2,0.0,0.0,SERC,Suspicious Activity,"Physical threat to its Facility excluding weather or natural disaster related threats, which has the potential to degrade the normal operation of the Facility. Or suspicious device or activity at its Facility.",Virginia: Fluvanna County;,2022.0,7.0,True,True
3591,2022,2022-07-06 06:18:00,2022-07-06 06:19:00,0.016666666666666666,0.0,0.0,SERC,Vandalism,Damage or destruction of its Facility that results from actual or suspected intentional human action.,Kentucky: Nelson County;,2022.0,7.0,True,True
3592,2022,2022-07-06 12:40:00,2022-07-06 12:41:00,0.016666666666666666,0.0,0.0,WECC,Vandalism,Damage or destruction of its Facility that results from actual or suspected intentional human action.,Utah: California: Oregon: Douglas County;,2022.0,7.0,True,True
3593,2022,2022-07-06 01:58:00,,,4836.0,25.0,MRO,Actual Physical Attack,Damage or destruction of its Facility that results from actual or suspected intentional human action.,Oklahoma: Okmulgee County;,2022.0,7.0,False,True
3594,2022,2022-07-09 02:47:00,2022-07-09 02:59:00,0.2,4724.0,,SERC,System Operations,"Unexpected Transmission loss within its area, contrary to design, of three or more Bulk Electric System Facilities caused by a common disturbance (excluding successful automatic reclosing).",Louisiana: Rapides Parish;,2022.0,7.0,True,True
3595,2022,2022-07-10 21:00:00,2022-07-11 20:00:00,23.0,,,TRE,System Operations,Public appeal to reduce the use of electricity for purposes of maintaining the continuity of the Bulk Electric System,Texas:,2022.0,7.0,True,False
3596,2022,2022-07-11 10:20:00,,,0.0,2.0,WECC,Vandalism,Damage or destruction of its Facility that results from actual or suspected intentional human action.,California: Los Angeles County;,2022.0,7.0,False,True
3597,2022,2022-07-12 16:00:00,,,165000.0,800.0,RF,Severe Weather,"Loss of electric service to more than 50,000 customers for 1 hour or more","Maryland: Baltimore County, Carroll County, Harford County;",2022.0,7.0,False,True
3598,2022,2022-07-12 10:45:00,2022-07-12 11:00:00,0.25,0.0,0.0,WECC,Actual Physical Attack,Damage or destruction of its Facility that results from actual or suspected intentional human action.,Washington: Oregon: Clatsop County; Idaho: Montana:,2022.0,7.0,True,True
3599,2022,2022-07-12 18:00:00,2022-07-12 22:00:00,4.0,50200.0,,RF,Severe Weather,"Loss of electric service to more than 50,000 customers for 1 hour or more",District of Columbia: Maryland:,2022.0,7.0,True,True
3600,2022,2022-07-13 11:30:00,2022-07-13 21:00:00,9.5,,,TRE,System Operations,Public appeal to reduce the use of electricity for purposes of maintaining the continuity of the Bulk Electric System,Texas:,2022.0,7.0,True,False
3601,2022,2022-07-13 10:00:00,2022-07-13 13:00:00,3.0,0.0,0.0,WECC,Vandalism,Damage or destruction of its Facility that results from actual or suspected intentional human action.,Colorado: La Plata County;,2022.0,7.0,True,True
3602,2022,2022-07-15 07:10:00,2022-07-15 07:11:00,0.016666666666666666,0.0,0.0,MRO,Actual Physical Attack,Damage or destruction of its Facility that results from actual or suspected intentional human action.,Nebraska: Wayne County;,2022.0,7.0,True,True
3603,2022,2022-07-18 09:15:00,,,0.0,4500.0,SERC,Fuel Supply Deficiency,Fuel supply emergencies that could impact electric power system adequacy or reliability,South Carolina:,2022.0,7.0,False,True
3604,2022,2022-07-18 13:09:00,2022-07-18 13:11:00,0.03333333333333333,0.0,0.0,WECC,Vandalism,Damage or destruction of its Facility that results from actual or suspected intentional human action.,Oregon: Josephine County;,2022.0,7.0,True,True
3605,2022,2022-07-19 15:42:00,2022-07-19 16:12:00,0.5,0.0,0.0,SERC,System Operations,Unplanned evacuation from its Bulk Electric System control center facility for 30 continuous minutes or more.,Florida: Palm Beach County;,2022.0,7.0,True,True
3606,2022,2022-07-19 15:42:00,2022-07-19 16:12:00,0.5,0.0,0.0,SERC,System Operations,Unplanned evacuation from its Bulk Electric System control center facility for 30 continuous minutes or more.,Florida: Palm Beach County;,2022.0,7.0,True,True
3607,2022,2022-07-23 20:45:00,2022-07-24 11:30:00,14.75,93750.0,,RF,Severe Weather,"Loss of electric service to more than 50,000 customers for 1 hour or more","Michigan: Muskegon County, Ottawa County, Kent County, Montcalm County, Ionia County, Allegan County, Van Buren County, Kalamazoo County, Barry County, Mason County, Shiawassee County, Ingham County, Genesee County, Saginaw County, Midland County, Wexford County, Grand Traverse County;",2022.0,7.0,True,True
3608,2022,2022-07-25 00:38:00,2022-07-25 13:46:00,13.133333333333333,0.0,0.0,RF,Transmission Interruption,"Unexpected Transmission loss within its area, contrary to design, of three or more Bulk Electric System Facilities caused by a common disturbance (excluding successful automatic reclosing).",Pennsylvania: Erie County;,2022.0,7.0,True,True
3609,2022,2022-07-26 06:38:00,2022-07-26 12:57:00,6.316666666666666,0.0,0.0,TRE,System Operations,"Unexpected Transmission loss within its area, contrary to design, of three or more Bulk Electric System Facilities caused by a common disturbance (excluding successful automatic reclosing).",Texas: Hays County;,2022.0,7.0,True,True
3610,2022,2022-07-26 04:20:00,2022-07-26 04:57:00,0.6166666666666667,,,WECC,Suspicious Activity,Damage or destruction of its Facility that results from actual or suspected intentional human action.,California: Santa Barbara County;,2022.0,7.0,True,False
3611,2022,2022-07-26 21:00:00,2022-07-26 21:20:00,0.3333333333333333,0.0,0.0,RF,Suspicious Activity,"Physical threat to its Facility excluding weather or natural disaster related threats, which has the potential to degrade the normal operation of the Facility. Or suspicious device or activity at its Facility.",Pennsylvania: York County;,2022.0,7.0,True,True
3612,2022,2022-07-28 19:25:00,2022-07-28 22:41:00,3.2666666666666666,0.0,0.0,WECC,Actual Physical Attack,"Damage or destruction of its Facility that results from actual or suspected intentional human action. Physical threat to its Facility excluding weather or natural disaster related threats, which has the potential to degrade the normal operation of the Facility. Or suspicious device or activity at its Facility.",California: Placer County;,2022.0,7.0,True,True
3613,2022,2022-07-29 02:00:00,2022-07-29 02:01:00,0.016666666666666666,0.0,0.0,RF,Suspicious Activity,"Physical threat to its Facility excluding weather or natural disaster related threats, which has the potential to degrade the normal operation of the Facility. Or suspicious device or activity at its Facility.",Pennsylvania: York County;,2022.0,7.0,True,True
3614,2022,2022-07-30 19:35:00,2022-08-01 13:17:00,41.7,0.0,0.0,WECC,System Operations,Unplanned evacuation from its Bulk Electric System control center facility for 30 continuous minutes or more.,California: Shasta County;,2022.0,7.0,True,True
3615,2022,2022-07-31 06:36:00,2022-07-31 07:13:00,0.6166666666666667,0.0,0.0,NPCC,System Operations,Complete loss of monitoring or control capability at its staffed Bulk Electric System control center for 30 continuous minutes or more.,New York: Saratoga County;,2022.0,7.0,True,True
3616,2022,2022-08-01 09:44:00,2022-08-01 09:45:00,0.016666666666666666,0.0,0.0,SERC,Vandalism,Damage or destruction of its Facility that results from actual or suspected intentional human action.,Georgia: DeKalb County;,2022.0,8.0,True,True
3617,2022,2022-08-01 08:03:00,2022-08-01 09:00:00,0.95,0.0,0.0,WECC,Actual Physical Attack,Damage or destruction of its Facility that results from actual or suspected intentional human action.,California: Los Angeles County;,2022.0,8.0,True,True
3618,2022,2022-08-03 02:00:00,2022-08-03 03:07:00,1.1166666666666667,0.0,0.0,TRE,Suspicious Activity,"Physical threat to its Facility excluding weather or natural disaster related threats, which has the potential to degrade the normal operation of the Facility. Or suspicious device or activity at its Facility.",Texas: Cameron County;,2022.0,8.0,True,True
3619,2022,2022-08-03 02:30:00,,,80000.0,,MRO/RF,Severe Weather,"Loss of electric service to more than 50,000 customers for 1 hour or more",Minnesota: Wisconsin:,2022.0,8.0,False,True
3620,2022,2022-08-03 19:00:00,2022-08-05 08:53:00,37.88333333333333,71000.0,,RF,Severe Weather,"Loss of electric service to more than 50,000 customers for 1 hour or more","Michigan: Wayne County, Washtenaw County, St. Clair County, Macomb County, Monroe County, Oakland County;",2022.0,8.0,True,True
3621,2022,2022-08-03 17:00:00,2022-08-03 20:30:00,3.5,91264.0,,RF,Severe Weather,"Loss of electric service to more than 50,000 customers for 1 hour or more","Michigan: Allegan County, Van Buren County, Barry County, Kalamazoo County, Calhoun County, Jackson County, Calhoun County, Washtenaw County;",2022.0,8.0,True,True
3622,2022,2022-08-04 18:00:00,2022-08-05 02:00:00,8.0,75500.0,,RF,Severe Weather,"Loss of electric service to more than 50,000 customers for 1 hour or more","Maryland: Anne Arundel County, Baltimore County, Baltimore, City of[16];",2022.0,8.0,True,True
3623,2022,2022-08-05 14:52:00,2022-08-05 16:41:00,1.8166666666666667,0.0,0.0,WECC,Vandalism,Damage or destruction of its Facility that results from actual or suspected intentional human action.,Washington: Lewis County;,2022.0,8.0,True,True
3624,2022,2022-08-05 02:00:00,2022-08-05 06:30:00,4.5,350.0,3.0,WECC,Actual Physical Attack,"Physical threat to its Facility excluding weather or natural disaster related threats, which has the potential to degrade the normal operation of the Facility. Or suspicious device or activity at its Facility.",Washington:,2022.0,8.0,True,True
3625,2022,2022-08-09 15:18:00,2022-08-09 15:19:00,0.016666666666666666,0.0,0.0,WECC,Vandalism,Damage or destruction of its Facility that results from actual or suspected intentional human action.,Washington: Kitsap County;,2022.0,8.0,True,True
3626,2022,2022-08-09 16:42:00,2022-08-09 22:12:00,5.5,62464.0,,RF,System Operations,"Loss of electric service to more than 50,000 customers for 1 hour or more",Ohio:,2022.0,8.0,True,True
3627,2022,2022-08-09 02:29:00,2022-08-09 03:00:00,0.5166666666666667,0.0,0.0,SERC,System Operations,Complete loss of monitoring or control capability at its staffed Bulk Electric System control center for 30 continuous minutes or more.,Missouri:,2022.0,8.0,True,True
3628,2022,2022-08-09 12:12:00,2022-08-09 13:08:00,0.9333333333333333,0.0,0.0,SERC,System Operations,Unplanned evacuation from its Bulk Electric System control center facility for 30 continuous minutes or more.,Florida: Palm Beach County;,2022.0,8.0,True,True
3629,2022,2022-08-09 12:12:00,2022-08-09 13:08:00,0.9333333333333333,0.0,0.0,SERC,System Operations,Unplanned evacuation from its Bulk Electric System control center facility for 30 continuous minutes or more.,Florida: Palm Beach County;,2022.0,8.0,True,True
3630,2022,2022-08-10 01:25:00,2022-08-10 01:30:00,0.08333333333333333,0.0,24.0,SERC,Severe Weather,"Unexpected Transmission loss within its area, contrary to design, of three or more Bulk Electric System Facilities caused by a common disturbance (excluding successful automatic reclosing).",Arkansas: Lawrence County;,2022.0,8.0,True,True
3631,2022,2022-08-10 15:00:00,2022-08-10 15:01:00,0.016666666666666666,0.0,0.0,SERC,Vandalism,Damage or destruction of its Facility that results from actual or suspected intentional human action.,Alabama: Jefferson County;,2022.0,8.0,True,True
3632,2022,2022-08-10 19:56:00,2022-08-11 20:00:00,24.066666666666666,140464.0,,TRE,Severe Weather,"Loss of electric service to more than 50,000 customers for 1 hour or more",Texas: Harris County;,2022.0,8.0,True,True
3633,2022,2022-08-12 14:46:00,2022-08-12 14:47:00,0.016666666666666666,0.0,0.0,SERC,Vandalism,Damage or destruction of its Facility that results from actual or suspected intentional human action.,Georgia: Sumter County;,2022.0,8.0,True,True
3634,2022,2022-08-15 23:43:00,2022-08-16 07:14:00,7.516666666666667,5000.0,0.0,WECC/MRO,Transmission Interruption,"Unexpected Transmission loss within its area, contrary to design, of three or more Bulk Electric System Facilities caused by a common disturbance (excluding successful automatic reclosing).",Wyoming: Nebraska:,2022.0,8.0,True,True
3635,2022,2022-08-15 09:08:00,2022-08-15 09:10:00,0.03333333333333333,0.0,0.0,WECC,Vandalism,Damage or destruction of its Facility that results from actual or suspected intentional human action.,Nevada: Clark County;,2022.0,8.0,True,True
3636,2022,2022-08-15 10:24:00,2022-08-15 12:49:00,2.4166666666666665,0.0,,RF,Transmission Interruption,Physical attack that could potentially impact electric power system adequacy or reliability; or vandalism which targets components of any security systems,New Jersey: Gloucester County;,2022.0,8.0,True,True
3637,2022,2022-08-18 18:05:00,2022-08-18 21:39:00,3.566666666666667,,,RF,System Operations,Complete loss of monitoring or control capability at its staffed Bulk Electric System control center for 30 continuous minutes or more.,Ohio: Franklin County;,2022.0,8.0,True,False
3638,2022,2022-08-19 17:40:00,2022-08-19 17:41:00,0.016666666666666666,0.0,0.0,NPCC,Actual Physical Attack,Damage or destruction of its Facility that results from actual or suspected intentional human action.,Massachusetts: Bristol County;,2022.0,8.0,True,True
3639,2022,2022-08-19 22:00:00,2022-08-20 11:30:00,13.5,0.0,0.0,WECC,Cyber Event,Cyber event that could potentially impact electric power system adequacy or reliability,Washington: Clark County;,2022.0,8.0,True,True
3640,2022,2022-08-22 09:47:00,2022-08-22 09:48:00,0.016666666666666666,0.0,0.0,WECC,Vandalism,Damage or destruction of its Facility that results from actual or suspected intentional human action.,California: Los Angeles County;,2022.0,8.0,True,True
3641,2022,2022-08-22 12:46:00,2022-08-22 13:09:00,0.38333333333333336,6385.0,24.0,TRE,System Operations,"Unexpected Transmission loss within its area, contrary to design, of three or more Bulk Electric System Facilities caused by a common disturbance (excluding successful automatic reclosing).",Texas: DeWitt County;,2022.0,8.0,True,True
3642,2022,2022-08-22 20:40:00,2022-08-22 21:57:00,1.2833333333333334,0.0,0.0,TRE,Severe Weather,"Unexpected Transmission loss within its area, contrary to design, of three or more Bulk Electric System Facilities caused by a common disturbance (excluding successful automatic reclosing).",Texas: El Paso County;,2022.0,8.0,True,True
3643,2022,2022-08-24 14:20:00,2022-08-24 14:21:00,0.016666666666666666,0.0,0.0,WECC,Vandalism,Damage or destruction of its Facility that results from actual or suspected intentional human action.,California: Los Angeles County;,2022.0,8.0,True,True
3644,2022,2022-08-25 00:59:00,2022-08-25 01:00:00,0.016666666666666666,0.0,0.0,WECC,Vandalism,Physical attack that could potentially impact electric power system adequacy or reliability; or vandalism which targets components of any security systems,California: San Diego County;,2022.0,8.0,True,True
3645,2022,2022-08-25 00:59:00,2022-08-25 01:00:00,0.016666666666666666,0.0,0.0,WECC,Vandalism,Physical attack that could potentially impact electric power system adequacy or reliability; or vandalism which targets components of any security systems,California: San Diego County;,2022.0,8.0,True,True
3646,2022,2022-08-26 11:09:00,2022-08-26 11:10:00,0.016666666666666666,0.0,0.0,WECC,Vandalism,Damage or destruction of its Facility that results from actual or suspected intentional human action.,California: Los Angeles County;,2022.0,8.0,True,True
3647,2022,2022-08-27 02:21:00,2022-08-27 19:14:00,16.883333333333333,0.0,0.0,NPCC,System Operations,Complete loss of monitoring or control capability at its staffed Bulk Electric System control center for 30 continuous minutes or more.,Maine:,2022.0,8.0,True,True
3648,2022,2022-08-28 04:59:00,2022-08-28 06:06:00,1.1166666666666667,0.0,0.0,NPCC,System Operations,Complete loss of monitoring or control capability at its staffed Bulk Electric System control center for 30 continuous minutes or more.,New York: Broome County;,2022.0,8.0,True,True
3649,2022,2022-08-29 15:00:00,2022-09-01 09:00:00,66.0,197740.0,,RF,Severe Weather,"Loss of electric service to more than 50,000 customers for 1 hour or more","Michigan: Ottawa County, Allegan County, Van Buren County, Montcalm County, Kent County, Barry County, Kalamazoo County, St. Joseph County, Branch County, Hillsdale County, Calhoun County, Jackson County, Eaton County, Clinton County, Shiawassee County, Montcalm County, Isabella County, Mecosta County, Midland County;",2022.0,8.0,True,True
3650,2022,2022-08-29 17:50:00,,,,,RF,Severe Weather,"Loss of electric service to more than 50,000 customers for 1 hour or more",Michigan:,2022.0,8.0,False,False
3651,2022,2022-08-29 10:45:00,2022-08-29 11:45:00,1.0,0.0,0.0,TRE,Suspicious Activity,"Physical threat to its Facility excluding weather or natural disaster related threats, which has the potential to degrade the normal operation of the Facility. Or suspicious device or activity at its Facility.",Texas: Collin County;,2022.0,8.0,True,True
3652,2022,2022-08-31 09:58:00,2022-08-31 12:15:00,2.283333333333333,3000.0,10.0,SERC,Vandalism,"Physical threat to its Facility excluding weather or natural disaster related threats, which has the potential to degrade the normal operation of the Facility. Or suspicious device or activity at its Facility.",Florida: Duval County;,2022.0,8.0,True,True
3653,2022,2022-09-01 15:00:00,2022-09-01 21:00:00,6.0,44000.0,242.0,WECC,Severe Weather,Public appeal to reduce the use of electricity for purposes of maintaining the continuity of the Bulk Electric System,California: Shasta County;,2022.0,9.0,True,True
3654,2022,2022-09-04 16:00:00,2022-09-06 08:00:00,40.0,190000.0,,TRE,Severe Weather,"Loss of electric service to more than 50,000 customers for 1 hour or more","Texas: Tarrant County, Collin County, Dallas County, Ellis County, Kaufman County, Rockwall County, Williamson County, Denton County, Archer County;",2022.0,9.0,True,True
3655,2022,2022-09-04 18:50:00,2022-09-05 02:45:00,7.916666666666667,0.0,0.0,WECC,Cyber Event,Cyber event that could potentially impact electric power system adequacy or reliability,California: Kings County;,2022.0,9.0,True,True
3656,2022,2022-09-05 06:05:00,2022-09-05 21:00:00,14.916666666666666,0.0,,WECC,System Operations,Public appeal to reduce the use of electricity for purposes of maintaining the continuity of the Bulk Electric System,California: Sacramento County;,2022.0,9.0,True,True
3657,2022,2022-09-06 16:30:00,2022-09-07 00:30:00,8.0,0.0,0.0,WECC,Vandalism,Physical attack that could potentially impact electric power system adequacy or reliability; or vandalism which targets components of any security systems,California: San Diego County;,2022.0,9.0,True,True
3658,2022,2022-09-06 06:00:00,2022-09-06 06:22:00,0.36666666666666664,0.0,0.0,TRE,Suspicious Activity,"Physical threat to its Facility excluding weather or natural disaster related threats, which has the potential to degrade the normal operation of the Facility. Or suspicious device or activity at its Facility.",Texas: Cameron County;,2022.0,9.0,True,True
3659,2022,2022-09-06 10:34:00,2022-09-06 21:00:00,10.433333333333334,0.0,,WECC,System Operations,Public appeal to reduce the use of electricity for purposes of maintaining the continuity of the Bulk Electric System,California: Sacramento County;,2022.0,9.0,True,True
3660,2022,2022-09-06 16:00:00,2022-09-06 21:00:00,5.0,44000.0,272.0,WECC,Severe Weather,Public appeal to reduce the use of electricity for purposes of maintaining the continuity of the Bulk Electric System,California: Shasta County;,2022.0,9.0,True,True
3661,2022,2022-09-06 19:20:00,2022-09-06 21:01:00,1.6833333333333333,,,WECC,System Operations,Public appeal to reduce the use of electricity for purposes of maintaining the continuity of the Bulk Electric System,Idaho: Oregon:,2022.0,9.0,True,False
3662,2022,2022-09-06 17:00:00,2022-09-06 20:00:00,3.0,1300000.0,8800.0,WECC,System Operations,Public appeal to reduce the use of electricity for purposes of maintaining the continuity of the Bulk Electric System,"Nevada: Clark County, Washoe County;",2022.0,9.0,True,True
3663,2022,2022-09-07 13:45:00,2022-09-07 19:00:00,5.25,0.0,0.0,SERC,Cyber Event,Complete loss of monitoring or control capability at its staffed Bulk Electric System control center for 30 continuous minutes or more.,Florida: Alachua County;,2022.0,9.0,True,True
3664,2022,2022-09-07 11:31:00,2022-09-07 21:00:00,9.483333333333333,0.0,,WECC,System Operations,Public appeal to reduce the use of electricity for purposes of maintaining the continuity of the Bulk Electric System,California: Sacramento County;,2022.0,9.0,True,True
3665,2022,2022-09-07 13:00:00,,,0.0,0.0,WECC,Vandalism,Physical attack that could potentially impact electric power system adequacy or reliability; or vandalism which targets components of any security systems,California: Imperial County;,2022.0,9.0,False,True
3666,2022,2022-09-07 17:00:00,2022-09-07 20:00:00,3.0,1300000.0,8600.0,WECC,System Operations,Public appeal to reduce the use of electricity for purposes of maintaining the continuity of the Bulk Electric System,"Nevada: Clark County, Washoe County;",2022.0,9.0,True,True
3667,2022,2022-09-07 16:00:00,2022-09-07 21:00:00,5.0,44000.0,257.0,WECC,Severe Weather,Public appeal to reduce the use of electricity for purposes of maintaining the continuity of the Bulk Electric System,California: Shasta County;,2022.0,9.0,True,True
3668,2022,2022-09-08 10:52:00,2022-09-09 21:00:00,34.13333333333333,0.0,,WECC,System Operations,Public appeal to reduce the use of electricity for purposes of maintaining the continuity of the Bulk Electric System,California: Sacramento County;,2022.0,9.0,True,True
3669,2022,2022-09-08 11:54:00,2022-09-08 21:00:00,9.1,44000.0,258.0,WECC,Severe Weather,Public appeal to reduce the use of electricity for purposes of maintaining the continuity of the Bulk Electric System,California: Shasta County;,2022.0,9.0,True,True
3670,2022,2022-09-08 17:00:00,2022-09-08 20:00:00,3.0,1300000.0,8250.0,WECC,System Operations,Public appeal to reduce the use of electricity for purposes of maintaining the continuity of the Bulk Electric System,"Nevada: Clark County, Washoe County;",2022.0,9.0,True,True
3671,2022,2022-09-09 16:00:00,2022-09-09 21:00:00,5.0,44000.0,257.0,WECC,Severe Weather,Public appeal to reduce the use of electricity for purposes of maintaining the continuity of the Bulk Electric System,California: Shasta County;,2022.0,9.0,True,True
3672,2022,2022-09-10 22:30:00,2022-09-10 22:31:00,0.016666666666666666,,,RF,Suspicious Activity,"Physical threat to its Facility excluding weather or natural disaster related threats, which has the potential to degrade the normal operation of the Facility. Or suspicious device or activity at its Facility.",Indiana: Spencer County;,2022.0,9.0,True,False
3673,2022,2022-09-11 18:19:00,2022-09-11 22:28:00,4.15,0.0,0.0,TRE,Transmission Interruption,"Unexpected Transmission loss within its area, contrary to design, of three or more Bulk Electric System Facilities caused by a common disturbance (excluding successful automatic reclosing).",Texas: Fayette County;,2022.0,9.0,True,True
3674,2022,2022-09-13 19:55:00,2022-09-13 20:01:00,0.1,0.0,0.0,TRE,Severe Weather,"Unexpected Transmission loss within its area, contrary to design, of three or more Bulk Electric System Facilities caused by a common disturbance (excluding successful automatic reclosing).",Texas: El Paso County;,2022.0,9.0,True,True
3675,2022,2022-09-15 19:52:00,2022-09-15 21:31:00,1.65,0.0,0.0,TRE,Transmission Interruption,"Unexpected Transmission loss within its area, contrary to design, of three or more Bulk Electric System Facilities caused by a common disturbance (excluding successful automatic reclosing).",Texas: Fayette County;,2022.0,9.0,True,True
3676,2022,2022-09-16 18:30:00,2022-09-16 23:15:00,4.75,0.0,0.0,WECC,Transmission Interruption,Complete loss of Interpersonal Communication and Alternative Interpersonal Communication capability affecting its staffed Bulk Electric System control center for 30 continuous minutes or more.,Oregon: Multnomah County; Washington: Clark County;,2022.0,9.0,True,True
3677,2022,2022-09-16 18:00:00,2022-09-16 18:01:00,0.016666666666666666,0.0,0.0,WECC,Suspicious Activity,Damage or destruction of its Facility that results from actual or suspected intentional human action.,Utah:,2022.0,9.0,True,True
3678,2022,2022-09-21 16:19:00,2022-09-21 18:01:00,1.7,1521.0,,TRE/SERC,Vandalism,Damage or destruction of its Facility that results from actual or suspected intentional human action.,Texas: Louisiana: Arkansas: Jefferson County; Mississippi:,2022.0,9.0,True,True
3679,2022,2022-09-22 03:58:00,2022-09-22 04:00:00,0.03333333333333333,,,SERC,Vandalism,"Physical threat to its Facility excluding weather or natural disaster related threats, which has the potential to degrade the normal operation of the Facility. Or suspicious device or activity at its Facility.","Florida: Pinellas County, Pasco County, Orange County, Lake County;",2022.0,9.0,True,False
3680,2022,2022-09-22 10:02:00,2022-09-22 11:00:00,0.9666666666666667,0.0,1.0,WECC,Vandalism,Damage or destruction of its Facility that results from actual or suspected intentional human action.,California: Los Angeles County;,2022.0,9.0,True,True
3681,2022,2022-09-23 10:10:00,2022-09-23 11:00:00,0.8333333333333334,0.0,2.0,WECC,Vandalism,Damage or destruction of its Facility that results from actual or suspected intentional human action.,California: Los Angeles County;,2022.0,9.0,True,True
3682,2022,2022-09-27 08:42:00,2022-09-27 10:00:00,1.3,0.0,1.0,WECC,Vandalism,Damage or destruction of its Facility that results from actual or suspected intentional human action.,California: Los Angeles County;,2022.0,9.0,True,True
3683,2022,2022-09-28 15:00:00,2022-10-03 15:53:00,120.88333333333334,676000.0,,SERC,Severe Weather,"Loss of electric service to more than 50,000 customers for 1 hour or more","Florida: Alachua County, Bay County, Citrus County, Columbia County, Dixie County, Franklin County, Gilchrist County, Gulf County, Hamilton County, Hardee County, Hernando County, Highlands County, Jefferson County, Lafayette County, Lake County, Levy County, Madison County, Marion County, Orange County, Osceola County, Pasco County, Pinellas County, Polk County, Seminole County, Sumter County, Suwannee County, Taylor County, Volusia County, Wakulla County;",2022.0,9.0,True,True
3684,2022,2022-09-28 18:00:00,2022-09-30 15:20:00,45.333333333333336,116937.0,1000.0,SERC,Severe Weather,"Loss of electric service to more than 50,000 customers for 1 hour or more",Florida:,2022.0,9.0,True,True
3685,2022,2022-09-28 15:00:00,,,291361.0,750.0,SERC,Severe Weather,"Loss of electric service to more than 50,000 customers for 1 hour or more","Florida: Hillsborough County, Polk County, Pasco County, Pinellas County;",2022.0,9.0,False,True
3686,2022,2022-09-29 04:00:00,2022-10-03 00:00:00,92.0,0.0,0.0,SERC,Severe Weather,"Loss of electric service to more than 50,000 customers for 1 hour or more","Florida: Orange County, Osceola County;",2022.0,9.0,True,True
3687,2022,2022-09-29 03:27:00,,,15797.0,150.0,SERC,Severe Weather,"Loss of electric service to more than 50,000 customers for 1 hour or more",Florida: Polk County;,2022.0,9.0,False,True
3688,2022,2022-09-30 18:30:00,2022-10-01 18:36:00,24.1,154100.0,,SERC,Severe Weather,"Loss of electric service to more than 50,000 customers for 1 hour or more",North Carolina: South Carolina:,2022.0,9.0,True,True
3689,2022,2022-09-30 13:46:00,2022-09-30 18:09:00,4.383333333333334,108930.0,,SERC,Severe Weather,"Loss of electric service to more than 50,000 customers for 1 hour or more",South Carolina:,2022.0,9.0,True,True
3690,2022,2022-09-30 02:45:00,2022-10-01 16:15:00,37.5,48323.0,,SERC,Severe Weather,"Loss of electric service to more than 50,000 customers for 1 hour or more",North Carolina:,2022.0,9.0,True,True
3691,2022,2022-09-30 11:00:00,2022-09-30 12:00:00,1.0,0.0,2.0,WECC,Vandalism,Damage or destruction of its Facility that results from actual or suspected intentional human action.,California: Los Angeles County;,2022.0,9.0,True,True
3692,2022,2022-10-03 06:00:00,2022-10-04 07:00:00,25.0,0.0,0.0,SERC,Suspicious activity,Damage or destruction of its Facility that results from actual or suspected intentional human action.,Alabama: Barbour County; Virginia:,2022.0,10.0,True,True
3693,2022,2022-10-03 13:45:00,2022-10-03 14:30:00,0.75,0.0,1.0,WECC,Vandalism,Damage or destruction of its Facility that results from actual or suspected intentional human action.,California: Los Angeles County;,2022.0,10.0,True,True
3694,2022,2022-10-08 16:23:00,2022-10-08 16:50:00,0.45,0.0,100.0,NPCC,Suspicious activity,"Physical threat to its Bulk Electric System control center, excluding weather or natural disaster related threats, which has the potential to degrade the normal operation of the control center. Or suspicious device or activity at its Bulk Electric System control center.",New York: Queens County;,2022.0,10.0,True,True
3695,2022,2022-10-10 15:50:00,2022-10-10 16:05:00,0.25,0.0,,TRE/SERC,Vandalism,Damage or destruction of its Facility that results from actual or suspected intentional human action.,Texas: Louisiana: Arkansas: Pope County; Mississippi:,2022.0,10.0,True,True
3696,2022,2022-10-13 10:00:00,2022-10-13 11:00:00,1.0,0.0,1.0,WECC,Vandalism,Damage or destruction of its Facility that results from actual or suspected intentional human action.,California: Los Angeles County;,2022.0,10.0,True,True
3697,2022,2022-10-14 13:15:00,2022-10-14 17:45:00,4.5,76388.0,,NPCC,Sever Weather,"Loss of electric service to more than 50,000 customers for 1 hour or more",Connecticut: Massachusetts: Maine: Rhode Island: New Hampshire: Vermont:,2022.0,10.0,True,True
3698,2022,2022-10-14 13:30:00,,,0.0,0.0,RE,Cyber Event,Reportable Cyber Security Incident,Texas: Bee County;,2022.0,10.0,False,True
3699,2022,2022-10-15 09:52:00,2022-10-15 10:23:00,0.5166666666666667,0.0,0.0,WECC,System Operations,Unplanned evacuation from its Bulk Electric System control center facility for 30 continuous minutes or more.,Arizona: Maricopa County;,2022.0,10.0,True,True
3700,2022,2022-10-15 20:04:00,2022-10-18 16:03:00,67.98333333333333,16225.0,69.0,SERC,System Operations,"Unexpected Transmission loss within its area, contrary to design, of three or more Bulk Electric System Facilities caused by a common disturbance (excluding successful automatic reclosing).",Louisiana: Lafourche Parish;,2022.0,10.0,True,True
3701,2022,2022-10-18 15:12:00,,,,,TRE/SERC,Vandalism,Damage or destruction of its Facility that results from actual or suspected intentional human action.,Texas: Louisiana: Arkansas: Pope County; Mississippi:,2022.0,10.0,False,False
3702,2022,2022-10-21 11:15:00,2022-10-21 11:18:00,0.05,0.0,0.0,WECC,Suspicious activity,"Physical threat to its Facility excluding weather or natural disaster related threats, which has the potential to degrade the normal operation of the Facility. Or suspicious device or activity at its Facility.",California: Trinity County;,2022.0,10.0,True,True
3703,2022,2022-10-24 00:00:00,2022-10-28 00:00:00,96.0,0.0,0.0,NPCC,Cyber Event,Reportable Cyber Security Incident,Massachusetts: Essex County[13];,2022.0,10.0,True,True
3704,2022,2022-10-24 16:29:00,2022-10-24 18:05:00,1.6,7551.0,34.0,TRE/WECC,System Operations,"Unexpected Transmission loss within its area, contrary to design, of three or more Bulk Electric System Facilities caused by a common disturbance (excluding successful automatic reclosing).",Texas: New Mexico: Chaves County;,2022.0,10.0,True,True
3705,2022,2022-10-25 01:45:00,2022-10-25 13:50:00,12.083333333333334,109865.0,,TRE,System Operations,"Loss of electric service to more than 50,000 customers for 1 hour or more",Texas: Harris County;,2022.0,10.0,True,True
3706,2022,2022-10-26 19:32:00,2022-10-26 20:38:00,1.1,0.0,0.0,TRE,System Operations,Complete loss of monitoring or control capability at its staffed Bulk Electric System control center for 30 continuous minutes or more.,Texas:,2022.0,10.0,True,True
3707,2022,2022-10-27 00:01:00,2022-10-27 13:00:00,12.983333333333333,0.0,,SERC,Vandalism,Damage or destruction of its Facility that results from actual or suspected intentional human action.,Arkansas:,2022.0,10.0,True,True
3708,2022,2022-10-28 14:16:00,2022-10-28 15:00:00,0.7333333333333333,0.0,2.0,WECC,Vandalism,Damage or destruction of its Facility that results from actual or suspected intentional human action.,California: Los Angeles County;,2022.0,10.0,True,True
3709,2022,2022-10-31 21:14:00,2022-10-31 22:14:00,1.0,0.0,,SERC,Suspicious activity,Damage or destruction of its Facility that results from actual or suspected intentional human action.,Louisiana:,2022.0,10.0,True,True
3710,2022,2022-11-02 15:11:00,2022-11-02 15:25:00,0.23333333333333334,0.0,0.0,TRE,Suspicious Activity,"Physical threat to its Facility excluding weather or natural disaster related threats, which has the potential to degrade the normal operation of the Facility. Or suspicious device or activity at its Facility.",Texas: Cameron County;,2022.0,11.0,True,True
3711,2022,2022-11-03 12:07:00,2022-11-03 14:24:00,2.283333333333333,0.0,0.0,WECC,Transmission Interruption,"Unexpected Transmission loss within its area, contrary to design, of three or more Bulk Electric System Facilities caused by a common disturbance (excluding successful automatic reclosing).",Washington: Douglas County;,2022.0,11.0,True,True
3712,2022,2022-11-04 20:05:00,2022-11-07 09:00:00,60.916666666666664,214000.0,,WECC,Severe Weather,"Loss of electric service to more than 50,000 customers for 1 hour or more","Washington: Island County, King County, Kittitas County, Thurston County, Kitsap County, Pierce County, Skagit County, Whatcom County;",2022.0,11.0,True,True
3713,2022,2022-11-05 13:00:00,2022-11-08 07:00:00,66.0,158450.0,,RF,Severe Weather,"Loss of electric service to more than 50,000 customers for 1 hour or more","Michigan: Kalamazoo County, Kent County, Calhoun County, Genesee County, Ottawa County, Muskegon County, Eaton County, Saginaw County, Van Buren County, Hillsdale County, Shiawassee County, Jackson County, Lenawee County, Branch County, Montcalm County, Monroe County, Manistee County, Roscommon County, Clinton County, Ingham County, Gladwin County, Arenac County, Ogemaw County, Iosco County, Alcona County;",2022.0,11.0,True,True
3714,2022,2022-11-05 19:57:00,,,53000.0,,RF,Severe Weather,"Loss of electric service to more than 50,000 customers for 1 hour or more","Michigan: Oakland County, Wayne County, Monroe County, Lapeer County, St. Clair County, Washtenaw County, Macomb County, Tuscola County, Sanilac County, Huron County;",2022.0,11.0,False,True
3715,2022,2022-11-05 19:00:00,,,50000.0,,MRO/RF,Severe Weather,"Loss of electric service to more than 50,000 customers for 1 hour or more",Wisconsin:,2022.0,11.0,False,True
3716,2022,2022-11-08 15:48:00,2022-11-08 16:21:00,0.55,0.0,0.0,TRE,Transmission Interruption,"Unexpected Transmission loss within its area, contrary to design, of three or more Bulk Electric System Facilities caused by a common disturbance (excluding successful automatic reclosing).",Texas: Hockley County;,2022.0,11.0,True,True
3717,2022,2022-11-10 11:07:00,2022-11-10 12:00:00,0.8833333333333333,0.0,0.0,SERC,Generation Inadequacy,Unplanned evacuation from its Bulk Electric System control center facility for 30 continuous minutes or more.,Arkansas: Pulaski County;,2022.0,11.0,True,True
3718,2022,2022-11-10 06:00:00,2022-11-11 08:47:00,26.783333333333335,160000.0,,SERC,Severe Weather,"Loss of electric service to more than 50,000 customers for 1 hour or more","Florida: Alachua County, Bay County, Citrus County, Columbia County, Dixie County, Franklin County, Gilchrist County, Gulf County, Hamilton County, Hardee County, Hernando County, Highlands County, Jefferson County, Lafayette County, Lake County, Levy County, Madison County, Marion County, Orange County, Osceola County, Pasco County, Pinellas County, Polk County, Seminole County, Sumter County, Suwannee County, Taylor County, Volusia County, Wakulla County;",2022.0,11.0,True,True
3719,2022,2022-11-11 01:00:00,2022-11-11 05:00:00,4.0,,,WECC,Vandalism,Damage or destruction of its Facility that results from actual or suspected intentional human action.,California: San Bernardino County;,2022.0,11.0,True,False
3720,2022,2022-11-11 01:41:00,2022-11-14 14:00:00,84.31666666666666,1775.0,7.0,RF,Actual Physical Attack/Vandalism,Damage or destruction of its Facility that results from actual or suspected intentional human action.,Ohio: Knox County;,2022.0,11.0,True,True
3721,2022,2022-11-15 10:17:00,2022-11-15 11:06:00,0.8166666666666667,0.0,0.0,NPCC,System Operations,Complete loss of monitoring or control capability at its staffed Bulk Electric System control center for 30 continuous minutes or more.,Massachusetts: Hampden County[13];,2022.0,11.0,True,True
3722,2022,2022-11-15 01:00:00,2022-11-15 06:00:00,5.0,0.0,0.0,WECC,Vandalism,Damage or destruction of its Facility that results from actual or suspected intentional human action.,Oregon: Josephine County; Washington: Idaho: Utah: Wyoming:,2022.0,11.0,True,True
3723,2022,2022-11-18 04:30:00,2022-11-18 04:59:00,0.48333333333333334,1454.0,3.0,WECC,Actual Physical Attack/Vandalism,Damage or destruction of its Facility that results from actual or suspected intentional human action.,Washington: Cowlitz County;,2022.0,11.0,True,True
3724,2022,2022-11-22 10:01:00,2022-11-22 10:43:00,0.7,0.0,0.0,NPCC,System Operations,Complete loss of monitoring or control capability at its staffed Bulk Electric System control center for 30 continuous minutes or more.,Maine: Penobscot County;,2022.0,11.0,True,True
3725,2022,2022-11-23 07:03:00,2022-11-23 08:57:00,1.9,0.0,0.0,TRE,Suspicious Activity,"Physical threat to its Facility excluding weather or natural disaster related threats, which has the potential to degrade the normal operation of the Facility. Or suspicious device or activity at its Facility.",Texas: Cameron County;,2022.0,11.0,True,True
3726,2022,2022-11-23 10:15:00,2022-11-23 14:09:00,3.9,0.0,0.0,WECC,Actual Physical Attack/Vandalism,Physical attack that could potentially impact electric power system adequacy or reliability; or vandalism which targets components of any security systems,Washington: Pierce County;,2022.0,11.0,True,True
3727,2022,2022-11-23 12:46:00,2022-11-23 13:19:00,0.55,0.0,0.0,RF,System Operations,Complete loss of monitoring or control capability at its staffed Bulk Electric System control center for 30 continuous minutes or more.,Michigan:,2022.0,11.0,True,True
3728,2022,2022-11-23 09:30:00,,,,,RF,Cyber Event,Cyber event that could potentially impact electric power system adequacy or reliability,Maryland: Delaware: New Jersey: Pennsylvania: Illinois: District of Columbia:,2022.0,11.0,False,False
3729,2022,2022-11-24 01:40:00,2022-11-24 01:45:00,0.08333333333333333,0.0,0.0,WECC,Vandalism,Damage or destruction of its Facility that results from actual or suspected intentional human action.,Oregon: Clackamas County;,2022.0,11.0,True,True
3730,2022,2022-11-25 05:00:00,2022-11-25 08:00:00,3.0,0.0,0.0,WECC,Actual Physical Attack/Vandalism,Damage or destruction of its Facility that results from actual or suspected intentional human action.,California: Riverside County;,2022.0,11.0,True,True
3731,2022,2022-11-27 17:28:00,2022-11-27 23:58:00,6.5,87500.0,190.0,RF,Transmission Interruption,"Loss of electric service to more than 50,000 customers for 1 hour or more",Maryland: Montgomery County;,2022.0,11.0,True,True
3732,2022,2022-11-28 01:08:00,2022-11-28 02:24:00,1.2666666666666666,6337.0,,WECC,Actual Physical Attack/Vandalism,Physical attack that could potentially impact electric power system adequacy or reliability; or vandalism which targets components of any security systems,Oregon: Clackamas County;,2022.0,11.0,True,True
3733,2022,2022-11-30 18:45:00,2022-12-02 04:00:00,33.25,113000.0,113.0,NPCC,Severe Weather,"Loss of electric service to more than 50,000 customers for 1 hour or more",Maine: Massachusetts: Connecticut: Rhode Island: Vermont: New Hampshire:,2022.0,11.0,True,True
3734,2022,2022-11-30 02:37:00,2022-11-30 06:10:00,3.55,0.0,0.0,NPCC,System Operations,Complete loss of monitoring or control capability at its staffed Bulk Electric System control center for 30 continuous minutes or more.,New York: Broome County;,2022.0,11.0,True,True
3735,2022,2022-11-30 03:35:00,2022-11-30 09:10:00,5.583333333333333,54110.0,386.0,SERC,Severe Weather,"Loss of electric service to more than 50,000 customers for 1 hour or more",Alabama: Mississippi: Georgia:,2022.0,11.0,True,True
3736,2022,2022-12-03 19:51:00,,,45000.0,99.0,SERC,Vandalism,Physical attack that could potentially impact electric power system adequacy or reliability; or vandalism which targets components of any security systems.,North Carolina: Moore County;,2022.0,12.0,False,True
3737,2022,2022-12-05 18:20:00,2022-12-05 18:55:00,0.5833333333333334,0.0,0.0,RF,Suspicious Activity,"Physical threat to its Facility excluding weather or natural disaster related threats, which has the potential to degrade the normal operation of the Facility. Or suspicious device or activity at its Facility.",Pennsylvania: York County;,2022.0,12.0,True,True
3738,2022,2022-12-05 09:00:00,2022-12-05 13:00:00,4.0,0.0,0.0,NPCC,Vandalism,Physical attack that could potentially impact electric power system adequacy or reliability; or vandalism which targets components of any security systems.,New York: Orange County;,2022.0,12.0,True,True
3739,2022,2022-12-06 09:25:00,,,0.0,0.0,WECC,Suspicious Activity,"Physical threat to its Facility excluding weather or natural disaster related threats, which has the potential to degrade the normal operation of the Facility. Or suspicious device or activity at its Facility.",California: Sacramento County;,2022.0,12.0,False,True
3740,2022,2022-12-06 08:26:00,2022-12-06 08:30:00,0.06666666666666667,0.0,0.0,SERC,Vandalism,"Physical threat to its Facility excluding weather or natural disaster related threats, which has the potential to degrade the normal operation of the Facility. Or suspicious device or activity at its Facility.",Kentucky: Jefferson County;,2022.0,12.0,True,True
3741,2022,2022-12-06 00:00:00,2022-12-06 00:01:00,0.016666666666666666,0.0,0.0,SERC,Suspicious Activity,"Physical threat to its Facility excluding weather or natural disaster related threats, which has the potential to degrade the normal operation of the Facility. Or suspicious device or activity at its Facility.",Georgia: Heard County;,2022.0,12.0,True,True
3742,2022,2022-12-06 00:00:00,2022-12-06 00:01:00,0.016666666666666666,0.0,0.0,SERC,Suspicious Activity,"Physical threat to its Facility excluding weather or natural disaster related threats, which has the potential to degrade the normal operation of the Facility. Or suspicious device or activity at its Facility.",Georgia: Bartow County;,2022.0,12.0,True,True
3743,2022,2022-12-06 12:45:00,,,,2600.0,RF,Suspicious Activity,"Physical threat to its Facility excluding weather or natural disaster related threats, which has the potential to degrade the normal operation of the Facility. Or suspicious device or activity at its Facility.",Ohio:,2022.0,12.0,False,False
3744,2022,2022-12-06 08:15:00,2022-12-06 12:15:00,4.0,,1883.0,RF,Suspicious Activity,"Physical threat to its Facility excluding weather or natural disaster related threats, which has the potential to degrade the normal operation of the Facility. Or suspicious device or activity at its Facility.",Pennsylvania:,2022.0,12.0,True,False
3745,2022,2022-12-07 13:35:00,2022-12-07 13:40:00,0.08333333333333333,0.0,0.0,SERC/RF,Suspicious Activity,"Physical threat to its Facility excluding weather or natural disaster related threats, which has the potential to degrade the normal operation of the Facility. Or suspicious device or activity at its Facility.",Illinois: Cook County;,2022.0,12.0,True,True
3746,2022,2022-12-07 16:42:00,2022-12-07 21:00:00,4.3,0.0,0.0,SERC,Suspicious Activity,"Physical threat to its Facility excluding weather or natural disaster related threats, which has the potential to degrade the normal operation of the Facility. Or suspicious device or activity at its Facility.",North Carolina: South Carolina:,2022.0,12.0,True,True
3747,2022,2022-12-08 12:36:00,,,0.0,0.0,RF,Suspicious Activity,"Physical threat to its Facility excluding weather or natural disaster related threats, which has the potential to degrade the normal operation of the Facility. Or suspicious device or activity at its Facility.",Indiana: Vigo County;,2022.0,12.0,False,True
3748,2022,2022-12-10 01:14:00,2022-12-10 02:02:00,0.8,0.0,0.0,NPCC,Transmission Interruption,Unplanned evacuation from its Bulk Electric System control center facility for 30 continuous minutes or more.,Massachusetts: Suffolk County[13];,2022.0,12.0,True,True
3749,2022,2022-12-10 11:00:00,2022-12-12 06:00:00,43.0,0.0,0.0,SERC,Suspicious Activity,"Physical threat to its Facility excluding weather or natural disaster related threats, which has the potential to degrade the normal operation of the Facility. Or suspicious device or activity at its Facility.","Missouri: Greene County, Dunklin County;",2022.0,12.0,True,True
3750,2022,2022-12-13 23:59:00,2022-12-14 03:39:00,3.6666666666666665,583.0,10.0,WECC,Vandalism,Damage or destruction of its Facility that results from actual or suspected intentional human action.,Washington: Spokane County;,2022.0,12.0,True,True
3751,2022,2022-12-14 10:42:00,2022-12-14 12:05:00,1.3833333333333333,0.0,0.0,SERC,System Operations,Complete loss of monitoring or control capability at its staffed Bulk Electric System control center for 30 continuous minutes or more.,Florida: Hillsborough County;,2022.0,12.0,True,True
3752,2022,2022-12-14 11:23:00,,,0.0,0.0,RF,Vandalism,Damage or destruction of its Facility that results from actual or suspected intentional human action.,Indiana:,2022.0,12.0,False,True
3753,2022,2022-12-14 12:52:00,,,,,WECC,Suspicious Activity,"Physical threat to its Facility excluding weather or natural disaster related threats, which has the potential to degrade the normal operation of the Facility. Or suspicious device or activity at its Facility.",Montana: Richland County;,2022.0,12.0,False,False
3754,2022,2022-12-15 05:30:00,2022-12-15 05:31:00,0.016666666666666666,0.0,0.0,WECC,Vandalism,Damage or destruction of its Facility that results from actual or suspected intentional human action.,Utah: Salt Lake County;,2022.0,12.0,True,True
3755,2022,2022-12-16 23:30:00,2022-12-18 23:21:00,47.85,36600.0,,NPCC,Severe Weather,"Loss of electric service to more than 50,000 customers for 1 hour or more.",Massachusetts: Vermont: New Hampshire: Maine:,2022.0,12.0,True,True
3756,2022,2022-12-17 19:45:00,2022-12-17 19:46:00,0.016666666666666666,0.0,0.0,TRE,Suspicious Activity,"Physical threat to its Facility excluding weather or natural disaster related threats, which has the potential to degrade the normal operation of the Facility. Or suspicious device or activity at its Facility.",Texas: Kaufman County;,2022.0,12.0,True,True
3757,2022,2022-12-22 09:04:00,2022-12-25 00:00:00,62.93333333333333,,3200.0,SERC,Transmission Interruption,Firm load shedding of 100 Megawatts or more implemented under emergency operational policy.,Tennessee: Alabama: Mississippi: Kentucky:,2022.0,12.0,True,False
3758,2022,2022-12-22 21:04:00,2022-12-22 21:42:00,0.6333333333333333,0.0,0.0,TRE,System Operations,Unplanned evacuation from its Bulk Electric System control center facility for 30 continuous minutes or more.,Texas: Montgomery County;,2022.0,12.0,True,True
3759,2022,2022-12-23 06:04:00,2022-12-23 06:40:00,0.6,0.0,0.0,TRE,Suspicious Activity,"Physical threat to its Facility excluding weather or natural disaster related threats, which has the potential to degrade the normal operation of the Facility. Or suspicious device or activity at its Facility.",Texas: Cameron County;,2022.0,12.0,True,True
3760,2022,2022-12-23 14:30:00,,,57000.0,,NPCC,Severe Weather,"Loss of electric service to more than 50,000 customers for 1 hour or more.",New York:,2022.0,12.0,False,True
3761,2022,2022-12-23 05:20:00,,,500000.0,,NPCC,Severe Weather,"Loss of electric service to more than 50,000 customers for 1 hour or more.",Connecticut: Rhode Island: Massachusetts: Vermont: New Hampshire: Maine:,2022.0,12.0,False,True
3762,2022,2022-12-23 09:45:00,2022-12-23 17:00:00,7.25,66519.0,,SERC,Severe Weather,"Loss of electric service to more than 50,000 customers for 1 hour or more.",North Carolina:,2022.0,12.0,True,True
3763,2022,2022-12-23 07:30:00,2022-12-23 22:13:00,14.716666666666667,108900.0,,SERC,Severe Weather,"Loss of electric service to more than 50,000 customers for 1 hour or more.",North Carolina: South Carolina:,2022.0,12.0,True,True
3764,2022,2022-12-23 08:31:00,,,,,SERC,Severe Weather,Firm load shedding of 100 Megawatts or more implemented under emergency operational policy.,Tennessee: Shelby County;,2022.0,12.0,False,False
3765,2022,2022-12-23 03:03:00,2022-12-23 12:30:00,9.45,33010.0,236.0,SERC,Severe Weather,"Loss of electric service to more than 50,000 customers for 1 hour or more.",Alabama: Georgia: Mississippi:,2022.0,12.0,True,True
3766,2022,2022-12-23 07:19:00,2022-12-23 07:41:00,0.36666666666666664,0.0,0.0,SERC,Severe Weather,Public appeal to reduce the use of electricity for purposes of maintaining the continuity of the Bulk Electric System.,Missouri: Jasper County;,2022.0,12.0,True,True
3767,2022,2022-12-24 06:15:00,2022-12-25 09:00:00,26.75,17600.0,4615.0,SERC,Severe Weather,System-wide voltage reductions of 3 percent or more.,South Carolina:,2022.0,12.0,True,True
3768,2022,2022-12-24 06:35:00,2022-12-24 16:10:00,9.583333333333334,130000.0,960.0,SERC,System Operations,Firm load shedding of 100 Megawatts or more implemented under emergency operational policy.,North Carolina:,2022.0,12.0,True,True
3769,2022,2022-12-24 04:45:00,2022-12-24 15:45:00,11.0,295000.0,1000.0,SERC,Severe Weather,Firm load shedding of 100 Megawatts or more implemented under emergency operational policy.,North Carolina: South Carolina:,2022.0,12.0,True,True
3770,2022,2022-12-24 09:00:00,2022-12-24 11:15:00,2.25,22436.0,160.0,SERC,Severe Weather,"Loss of electric service to more than 50,000 customers for 1 hour or more.",Alabama: Georgia: Mississippi:,2022.0,12.0,True,True
3771,2022,2022-12-25 19:25:00,2022-12-25 20:07:00,0.7,13500.0,32.0,WECC,Vandalism,Damage or destruction of its Facility that results from actual or suspected intentional human action.,Washington: Pierce County;,2022.0,12.0,True,True
3772,2022,2022-12-25 02:42:00,2022-12-25 04:55:00,2.216666666666667,8000.0,14.0,WECC,Vandalism,Damage or destruction of its Facility that results from actual or suspected intentional human action.,Washington: Pierce County;,2022.0,12.0,True,True
3773,2022,2022-12-26 06:54:00,2022-12-26 08:19:00,1.4166666666666667,,,WECC,Vandalism,Damage or destruction of its Facility that results from actual or suspected intentional human action.,Washington:,2022.0,12.0,True,False
3774,2022,2022-12-26 08:30:00,2022-12-28 21:00:00,60.5,230000.0,,WECC,Severe Weather,"Loss of electric service to more than 50,000 customers for 1 hour or more.","Washington: King County, Island County, Kittitas County, Kitsap County, Pierce County, Skagit County, Thurston County, Whatcom County;",2022.0,12.0,True,True
3775,2022,2022-12-27 08:00:00,2022-12-27 08:30:00,0.5,0.0,0.0,WECC,Vandalism,Damage or destruction of its Facility that results from actual or suspected intentional human action.,Washington: Lewis County;,2022.0,12.0,True,True
3776,2022,2022-12-27 13:30:00,2022-12-27 21:16:00,7.766666666666667,0.0,0.0,WECC,Vandalism,Damage or destruction of its Facility that results from actual or suspected intentional human action.,California: San Diego County;,2022.0,12.0,True,True
3777,2022,2022-12-27 10:12:00,,,83060.0,,WECC,Severe Weather,"Loss of electric service to more than 50,000 customers for 1 hour or more.","Oregon: Clackamas County, Columbia County, Marion County, Multnomah County, Polk County;",2022.0,12.0,False,True
3778,2022,2022-12-27 20:40:00,2022-12-27 20:41:00,0.016666666666666666,11600.0,11.0,WECC,Severe Weather,Electrical System Separation (Islanding) where part or parts of a power grid remain(s) operational in an otherwise blacked out area or within the partial failure of an integrated electrical system.,Washington: King County;,2022.0,12.0,True,True
3779,2022,2022-12-27 07:07:00,2022-12-29 11:10:00,52.05,,,WECC,Suspicious Activity,"Physical threat to its Facility excluding weather or natural disaster related threats, which has the potential to degrade the normal operation of the Facility. Or suspicious device or activity at its Facility.",California: Sacramento County;,2022.0,12.0,True,False
3780,2022,2022-12-27 07:20:00,2022-12-27 11:22:00,4.033333333333333,0.0,0.0,WECC,Vandalism,Physical attack that could potentially impact electric power system adequacy or reliability; or vandalism which targets components of any security systems.,California: Sacramento County;,2022.0,12.0,True,True
3781,2022,2022-12-29 13:14:00,2022-12-29 13:55:00,0.6833333333333333,0.0,0.0,WECC,Vandalism,Damage or destruction of its Facility that results from actual or suspected intentional human action.,Washington: King County;,2022.0,12.0,True,True
3782,2022,2022-12-29 16:00:00,,,,2600.0,RF,Vandalism,"Physical threat to its Facility excluding weather or natural disaster related threats, which has the potential to degrade the normal operation of the Facility. Or suspicious device or activity at its Facility.",Ohio:,2022.0,12.0,False,False
3783,2022,2022-12-30 05:25:00,2022-12-30 14:17:00,8.866666666666667,0.0,0.0,WECC,Transmission Interruption,"Unexpected Transmission loss within its area, contrary to design, of three or more Bulk Electric System Facilities caused by a common disturbance (excluding successful automatic reclosing).",Oregon: Sherman County;,2022.0,12.0,True,True
3784,2022,2022-12-30 17:04:00,,,,,MRO,Transmission Interruption,"Unexpected Transmission loss within its area, contrary to design, of three or more Bulk Electric System Facilities caused by a common disturbance (excluding successful automatic reclosing).",Minnesota: Washington County;,2022.0,12.0,False,False
3785,2022,2022-12-31 20:00:00,2023-01-03 00:00:00,52.0,3500.0,,WECC,Severe Weather,"Loss of electric service to more than 50,000 customers for 1 hour or more.",Nevada:,2022.0,12.0,True,True
3786,2022,2022-12-31 19:00:00,2023-01-01 06:00:00,11.0,161000.0,,WECC,Severe Weather,"Loss of electric service to more than 50,000 customers for 1 hour or more.",California: Sacramento County;,2022.0,12.0,True,True
3787,2023,2023-01-01 00:06:00,2023-01-01 03:57:00,3.85,0.0,0.0,WECC,Vandalism,Damage or destruction of its Facility that results from actual or suspected intentional human action.,California: Riverside County;,2023.0,1.0,True,True
3788,2023,2023-01-01 09:55:00,2023-01-01 10:30:00,0.5833333333333334,0.0,0.0,WECC,System Operations,Complete loss of monitoring or control capability at its staffed Bulk Electric System control center for 30 continuous minutes or more.,California: Sacramento County;,2023.0,1.0,True,True
3789,2023,2023-01-01 14:47:00,2023-01-01 16:50:00,2.05,3509.0,19.0,SERC,Vandalism,Physical attack that could potentially impact electric power system adequacy or reliability; or vandalism which targets components of any security systems,Florida: Citrus County;,2023.0,1.0,True,True
3790,2023,2023-01-02 16:12:00,2023-01-03 09:30:00,17.3,0.0,0.0,TRE,Vandalism,Damage or destruction of its Facility that results from actual or suspected intentional human action.,Texas: Dallas County;,2023.0,1.0,True,True
3791,2023,2023-01-02 03:16:00,2023-01-02 16:46:00,13.5,0.0,432.0,WECC,Vandalism,Physical attack that causes major interruptions or impacts to critical infrastructure or to operations,New Mexico:,2023.0,1.0,True,True
3792,2023,2023-01-02 18:22:00,2023-01-02 22:27:00,4.083333333333333,6849.0,20.0,SERC,Severe Weather,"Unexpected Transmission loss within its area, contrary to design, of three or more Bulk Electric System Facilities caused by a common disturbance (excluding successful automatic reclosing).",Arkansas: Union County; Louisiana: Ouachita Parish;,2023.0,1.0,True,True
3793,2023,2023-01-03 11:45:00,2023-01-03 12:00:00,0.25,0.0,0.0,RF,Vandalism,Damage or destruction of its Facility that results from actual or suspected intentional human action.,Michigan: Ingham County;,2023.0,1.0,True,True
3794,2023,2023-01-05 08:19:00,2023-01-05 08:20:00,0.016666666666666666,1631.0,23.0,SERC,Transmission Interruption,Electrical System Separation (Islanding) where part or parts of a power grid remain(s) operational in an otherwise blacked out area or within the partial failure of an integrated electrical system,Louisiana: Concordia Parish;,2023.0,1.0,True,True
3795,2023,2023-01-05 07:30:00,2023-01-05 09:30:00,2.0,0.0,0.0,WECC,Suspicious Activity,"Physical threat to its Facility excluding weather or natural disaster related threats, which has the potential to degrade the normal operation of the Facility. Or suspicious device or activity at its Facility.",Washington: Lewis County;,2023.0,1.0,True,True
3796,2023,2023-01-06 09:30:00,2023-01-06 11:30:00,2.0,,,RF,Suspicious Activity,"Physical threat to its Facility excluding weather or natural disaster related threats, which has the potential to degrade the normal operation of the Facility. Or suspicious device or activity at its Facility.",Ohio: Sandusky County;,2023.0,1.0,True,False
3797,2023,2023-01-07 22:00:00,2023-01-08 21:00:00,23.0,185434.0,458.0,WECC,Severe Weather,"Loss of electric service to more than 50,000 customers for 1 hour or more",California: Sacramento County;,2023.0,1.0,True,True
3798,2023,2023-01-07 23:44:00,2023-01-08 02:29:00,2.75,9823.0,20.0,TRE,Transmission Interruption,"Unexpected Transmission loss within its area, contrary to design, of three or more Bulk Electric System Facilities caused by a common disturbance (excluding successful automatic reclosing).","Texas: Jasper County, Tyler County;",2023.0,1.0,True,True
3799,2023,2023-01-08 18:40:00,2023-01-08 18:54:00,0.23333333333333334,0.0,0.0,TRE,Vandalism,Damage or destruction of its Facility that results from actual or suspected intentional human action.,Texas: Bowie County;,2023.0,1.0,True,True
3800,2023,2023-01-12 10:00:00,,,0.0,0.0,WECC,Suspicious Activity,"Physical threat to its Facility excluding weather or natural disaster related threats, which has the potential to degrade the normal operation of the Facility. Or suspicious device or activity at its Facility.",California: Sacramento County;,2023.0,1.0,False,True
3801,2023,2023-01-12 14:00:00,2023-01-13 03:00:00,13.0,162000.0,1158.0,SERC,Severe Weather,"Loss of electric service to more than 50,000 customers for 1 hour or more",Alabama: Georgia:,2023.0,1.0,True,True
3802,2023,2023-01-12 11:58:00,2023-01-12 12:30:00,0.5333333333333333,,,WECC,Vandalism,Damage or destruction of its Facility that results from actual or suspected intentional human action.,Washington: King County;,2023.0,1.0,True,False
3803,2023,2023-01-13 00:00:00,2023-01-13 01:00:00,1.0,0.0,0.0,TRE,Suspicious Activity,"Physical threat to its Facility excluding weather or natural disaster related threats, which has the potential to degrade the normal operation of the Facility. Or suspicious device or activity at its Facility.",Texas: Fayette County;,2023.0,1.0,True,True
3804,2023,2023-01-19 11:00:00,2023-01-19 13:00:00,2.0,,,SERC,Suspicious Activity,"Physical threat to its Facility excluding weather or natural disaster related threats, which has the potential to degrade the normal operation of the Facility. Or suspicious device or activity at its Facility.",South Carolina: Sumter County;,2023.0,1.0,True,False
3805,2023,2023-01-20 10:45:00,,,0.0,,RF,Vandalism,Damage or destruction of its Facility that results from actual or suspected intentional human action.,Michigan: Oakland County;,2023.0,1.0,False,True
3806,2023,2023-01-23 07:05:00,2023-01-24 17:17:00,34.2,41000.0,,NPCC,Severe Weather,"Loss of electric service to more than 50,000 customers for 1 hour or more",Connecticut: Rhode Island: Massachusetts: Vermont: New Hampshire: Maine:,2023.0,1.0,True,True
3807,2023,2023-01-23 17:00:00,,,,,WECC,Suspicious Activity,"Physical threat to its Facility excluding weather or natural disaster related threats, which has the potential to degrade the normal operation of the Facility. Or suspicious device or activity at its Facility.",California: Sacramento County;,2023.0,1.0,False,False
3808,2023,2023-01-23 09:21:00,,,,,WECC,Suspicious Activity,"Physical threat to its Facility excluding weather or natural disaster related threats, which has the potential to degrade the normal operation of the Facility. Or suspicious device or activity at its Facility.",California: Sacramento County;,2023.0,1.0,False,False
3809,2023,2023-01-24 14:00:00,2023-01-24 15:00:00,1.0,0.0,0.0,SERC,Vandalism,Damage or destruction of its Facility that results from actual or suspected intentional human action.,Louisiana:,2023.0,1.0,True,True
3810,2023,2023-01-24 17:10:00,2023-01-24 17:20:00,0.16666666666666666,0.0,0.0,NPCC,Suspicious Activity,"Physical threat to its Facility excluding weather or natural disaster related threats, which has the potential to degrade the normal operation of the Facility. Or suspicious device or activity at its Facility.",New York: Queens County;,2023.0,1.0,True,True
3811,2023,2023-01-24 15:25:00,2023-01-26 20:20:00,52.916666666666664,100731.0,,TRE,Severe Weather,"Loss of electric service to more than 50,000 customers for 1 hour or more",Texas: Harris County;,2023.0,1.0,True,True
3812,2023,2023-01-25 22:30:00,2023-01-26 00:01:00,1.5166666666666666,0.0,0.0,WECC,Vandalism,Physical attack that could potentially impact electric power system adequacy or reliability; or vandalism which targets components of any security systems,Washington: Kitsap County;,2023.0,1.0,True,True
3813,2023,2023-01-25 15:57:00,2023-01-25 17:38:00,1.6833333333333333,0.0,0.0,TRE,Suspicious Activity,"Physical threat to its Facility excluding weather or natural disaster related threats, which has the potential to degrade the normal operation of the Facility. Or suspicious device or activity at its Facility.",Texas: Cameron County;,2023.0,1.0,True,True
3814,2023,2023-01-25 03:30:00,2023-01-25 13:00:00,9.5,60958.0,,SERC,Severe Weather,"Loss of electric service to more than 50,000 customers for 1 hour or more",Arkansas: Texas: Louisiana: Mississippi:,2023.0,1.0,True,True
3815,2023,2023-01-26 07:00:00,2023-01-26 14:46:00,7.766666666666667,0.0,0.0,WECC,Vandalism,Damage or destruction of its Facility that results from actual or suspected intentional human action.,Washington: King County;,2023.0,1.0,True,True
3816,2023,2023-01-28 04:00:00,2023-01-28 05:00:00,1.0,0.0,0.0,SERC/RF,Suspicious Activity,Damage or destruction of its Facility that results from actual or suspected intentional human action.,Illinois: Franklin County;,2023.0,1.0,True,True
3817,2023,2023-01-29 08:19:00,2023-01-29 11:07:00,2.8,0.0,0.0,SERC,System Operations,Complete loss of monitoring or control capability at its staffed Bulk Electric System control center for 30 continuous minutes or more.,Kentucky:,2023.0,1.0,True,True
3818,2023,2023-01-30 10:30:00,,,,,MRO,Suspicious Activity,"Physical threat to its Bulk Electric System control center, excluding weather or natural disaster related threats, which has the potential to degrade the normal operation of the control center. Or suspicious device or activity at its Bulk Electric System control center.",Minnesota:,2023.0,1.0,False,False
3819,2023,2023-01-31 08:15:00,2023-02-06 17:00:00,152.75,360000.0,,TRE,Severe Weather,"Loss of electric service to more than 50,000 customers for 1 hour or more","Texas: Dallas County, Anderson County, Bosque County, Collin County, Comanche County, Cooke County, Delta County, Denton County, Ellis County, Erath County, Fannin County, Freestone County, Hamilton County, Henderson County, Hill County, Hood County, Hopkins County, Hunt County, Jack County, Johnson County, Kaufman County, Lamar County, Navarro County, Palo Pinto County, Parker County, Rains County, Red River County, Rockwall County, Somervell County, Tarrant County, Van Zandt County, Wichita County, Wise County;",2023.0,1.0,True,True
3820,2023,2023-02-01 05:00:00,2023-02-04 22:39:00,89.65,173879.0,370.0,TRE,Severe Weather,"Loss of electric service to more than 50,000 customers for 1 hour or more",Texas: Travis County;,2023.0,2.0,True,True
3821,2023,2023-02-02 22:07:00,2023-02-03 16:08:00,18.016666666666666,0.0,0.0,WECC,Vandalism,Damage or destruction of its Facility that results from actual or suspected intentional human action.,Colorado:,2023.0,2.0,True,True
3822,2023,2023-02-02 11:00:00,,,0.0,0.0,RF,Suspicious Activity,"Physical threat to its Facility excluding weather or natural disaster related threats, which has the potential to degrade the normal operation of the Facility. Or suspicious device or activity at its Facility.",Pennsylvania: Westmoreland County;,2023.0,2.0,False,True
3823,2023,2023-02-02 08:15:00,2023-02-02 19:45:00,11.5,74426.0,,SERC,Severe Weather,"Loss of electric service to more than 50,000 customers for 1 hour or more",Arkansas: Mississippi: Texas:,2023.0,2.0,True,True
3824,2023,2023-02-02 14:37:00,2023-02-02 14:47:00,0.16666666666666666,0.0,0.0,RF,Suspicious Activity,"Physical threat to its Facility excluding weather or natural disaster related threats, which has the potential to degrade the normal operation of the Facility. Or suspicious device or activity at its Facility.",Maryland: Cecil County;,2023.0,2.0,True,True
3825,2023,2023-02-03 16:00:00,2023-02-03 16:45:00,0.75,0.0,0.0,WECC,Vandalism,Physical attack that could potentially impact electric power system adequacy or reliability; or vandalism which targets components of any security systems,Oregon: Washington: Yakima County; Idaho: Utah: Wyoming:,2023.0,2.0,True,True
3826,2023,2023-02-04 11:14:00,2023-02-04 12:55:00,1.6833333333333333,,2000.0,RF,Vandalism,Physical attack that could potentially impact electric power system adequacy or reliability; or vandalism which targets components of any security systems,Ohio: Gallia County;,2023.0,2.0,True,False
3827,2023,2023-02-06 17:06:00,2023-02-06 17:31:00,0.4166666666666667,0.0,0.0,SERC,System Operations,Complete loss of monitoring or control capability at its staffed Bulk Electric System control center for 30 continuous minutes or more.,Florida: Hillsborough County;,2023.0,2.0,True,True
3828,2023,2023-02-06 10:00:00,2023-02-06 10:02:00,0.03333333333333333,0.0,0.0,RF,Suspicious Activity,"Physical threat to its Facility excluding weather or natural disaster related threats, which has the potential to degrade the normal operation of the Facility. Or suspicious device or activity at its Facility.",Maryland:,2023.0,2.0,True,True
3829,2023,2023-02-07 13:34:00,2023-02-07 14:06:00,0.5333333333333333,0.0,0.0,MRO,System Operations,Unplanned evacuation from its Bulk Electric System control center facility for 30 continuous minutes or more.,Wisconsin: La Crosse County;,2023.0,2.0,True,True
3830,2023,2023-02-07 06:15:00,2023-02-07 06:20:00,0.08333333333333333,0.0,0.0,SERC,Suspicious Activity,"Physical threat to its Facility excluding weather or natural disaster related threats, which has the potential to degrade the normal operation of the Facility. Or suspicious device or activity at its Facility.",Illinois: DuPage County;,2023.0,2.0,True,True
3831,2023,2023-02-07 08:30:00,,,0.0,0.0,NPCC,Suspicious Activity,"Physical threat to its Facility excluding weather or natural disaster related threats, which has the potential to degrade the normal operation of the Facility. Or suspicious device or activity at its Facility.",New York: Queens County;,2023.0,2.0,False,True
3832,2023,2023-02-08 13:30:00,2023-02-08 14:00:00,0.5,0.0,0.0,RF,Suspicious Activity,"Physical threat to its Facility excluding weather or natural disaster related threats, which has the potential to degrade the normal operation of the Facility. Or suspicious device or activity at its Facility.",Pennsylvania: Lawrence County;,2023.0,2.0,True,True
3833,2023,2023-02-11 11:17:00,2023-02-11 18:20:00,7.05,0.0,0.0,TRE,Transmission Interruption,"Unexpected Transmission loss within its area, contrary to design, of three or more Bulk Electric System Facilities caused by a common disturbance (excluding successful automatic reclosing).",Texas: Taylor County;,2023.0,2.0,True,True
3834,2023,2023-02-13 21:50:00,2023-02-14 02:24:00,4.566666666666666,0.0,0.0,WECC,Suspicious Activity,Physical attack that could potentially impact electric power system adequacy or reliability; or vandalism which targets components of any security systems,California: San Diego County;,2023.0,2.0,True,True
3835,2023,2023-02-13 05:27:00,2023-02-13 15:00:00,9.55,0.0,0.0,MRO,Vandalism,Damage or destruction of its Facility that results from actual or suspected intentional human action.,Wisconsin: Chippewa County;,2023.0,2.0,True,True
3836,2023,2023-02-15 14:25:00,2023-02-15 14:30:00,0.08333333333333333,0.0,0.0,SERC,Suspicious Activity,"Physical threat to its Facility excluding weather or natural disaster related threats, which has the potential to degrade the normal operation of the Facility. Or suspicious device or activity at its Facility.",Florida: Clay County;,2023.0,2.0,True,True
3837,2023,2023-02-18 00:00:00,2023-02-18 00:05:00,0.08333333333333333,0.0,0.0,MRO,Suspicious Activity,"Physical threat to its Facility excluding weather or natural disaster related threats, which has the potential to degrade the normal operation of the Facility. Or suspicious device or activity at its Facility.",Oklahoma: Kay County;,2023.0,2.0,True,True
3838,2023,2023-02-19 08:18:00,2023-02-19 12:15:00,3.95,0.0,0.0,WECC,Vandalism,Damage or destruction of its Facility that results from actual or suspected intentional human action.,California: Riverside County;,2023.0,2.0,True,True
3839,2023,2023-02-21 09:45:00,,,0.0,0.0,TRE,Cyber Event,Cyber event that could potentially impact electric power system adequacy or reliability,Texas: Cameron County;,2023.0,2.0,False,True
3840,2023,2023-02-21 05:27:00,2023-02-21 06:41:00,1.2333333333333334,0.0,0.0,SERC,Transmission Interruption,"Unexpected Transmission loss within its area, contrary to design, of three or more Bulk Electric System Facilities caused by a common disturbance (excluding successful automatic reclosing).",Florida: Hillsborough County;,2023.0,2.0,True,True
3841,2023,2023-02-21 13:14:00,2023-02-21 14:36:00,1.3666666666666667,2547.0,,SERC,Actual Physical Attack/Vandalism,Physical attack that could potentially impact electric power system adequacy or reliability; or vandalism which targets components of any security systems,Florida: Orange County;,2023.0,2.0,True,True
3842,2023,2023-02-22 18:41:00,2023-02-25 16:12:00,69.51666666666667,261043.0,,RF,Severe Weather,"Loss of electric service to more than 50,000 customers for 1 hour or more","Michigan: Van Buren County, Kalamazoo County, St. Joseph County, Calhoun County, Branch County, Hillsdale County, Jackson County, Washtenaw County, Monroe County, Lenawee County, Ingham County, Barry County, Allegan County, Ottawa County, Eaton County, Ingham County, Shiawassee County, Clinton County;",2023.0,2.0,True,True
3843,2023,2023-02-22 18:30:00,,,623358.0,6200.0,RF,Severe Weather,"Loss of electric service to more than 50,000 customers for 1 hour or more",Michigan:,2023.0,2.0,False,True
3844,2023,2023-02-22 16:00:00,2023-02-22 16:01:00,0.016666666666666666,0.0,0.0,MRO,Suspicious Activity,"Physical threat to its Facility excluding weather or natural disaster related threats, which has the potential to degrade the normal operation of the Facility. Or suspicious device or activity at its Facility.",South Dakota:,2023.0,2.0,True,True
3845,2023,2023-02-23 04:30:00,2023-02-23 13:00:00,8.5,57000.0,143.0,MRO,Severe Weather,"Loss of electric service to more than 50,000 customers for 1 hour or more","Wisconsin: Kenosha County, Racine County, Milwaukee County, Walworth County, Jefferson County, Waukesha County; Michigan:",2023.0,2.0,True,True
3846,2023,2023-02-23 08:50:00,2023-02-23 12:38:00,3.8,0.0,0.0,WECC,System Operations,Fuel supply emergencies that could impact electric power system adequacy or reliability,Colorado: Larimer County;,2023.0,2.0,True,True
3847,2023,2023-02-24 12:29:00,2023-02-24 12:45:00,0.26666666666666666,0.0,0.0,SERC,Suspicious Activity,"Physical threat to its Facility excluding weather or natural disaster related threats, which has the potential to degrade the normal operation of the Facility. Or suspicious device or activity at its Facility.",Florida: Pasco County;,2023.0,2.0,True,True
3848,2023,2023-02-25 00:08:00,2023-02-26 18:08:00,42.0,153555.0,,WECC,Severe Weather,"Loss of electric service to more than 50,000 customers for 1 hour or more",California: Los Angeles County;,2023.0,2.0,True,True
3849,2023,2023-02-26 14:08:00,2023-02-26 15:13:00,1.0833333333333333,,,SERC,Actual Physical Attack/Vandalism,Physical attack that could potentially impact electric power system adequacy or reliability; or vandalism which targets components of any security systems,North Carolina:,2023.0,2.0,True,False
3850,2023,2023-02-27 13:25:00,2023-02-27 23:59:00,10.566666666666666,76000.0,,RF,Severe Weather,"Loss of electric service to more than 50,000 customers for 1 hour or more","Michigan: Newaygo County, Oceana County, Ionia County, Montcalm County, Jackson County, Van Buren County, Washtenaw County, Hillsdale County, Lenawee County;",2023.0,2.0,True,True
3851,2023,2023-02-28 08:00:00,2023-02-28 08:30:00,0.5,0.0,14.0,MRO,Vandalism,Physical attack that could potentially impact electric power system adequacy or reliability; or vandalism which targets components of any security systems,Wisconsin: Outagamie County;,2023.0,2.0,True,True
3852,2023,2023-03-01 00:00:00,2023-03-01 00:41:00,0.6833333333333333,0.0,0.0,MRO,System Operations,Complete loss of monitoring or control capability at its staffed Bulk Electric System control center for 30 continuous minutes or more.,Indiana: Hamilton County;,2023.0,3.0,True,True
3853,2023,2023-03-02 19:00:00,2023-03-04 23:00:00,52.0,470000.0,,TRE,Severe Weather,"Loss of electric service to more than 50,000 customers for 1 hour or more","Texas: Montague County, Cooke County, Grayson County, Fannin County, Lamar County, Young County, Jack County, Wise County, Denton County, Collin County, Hunt County, Delta County, Hopkins County, Stephens County, Palo Pinto County, Parker County, Tarrant County, Dallas County, Rockwall County, Kaufman County, Van Zandt County, Rains County, Eastland County, Erath County, Hood County, Somervell County, Johnson County, Ellis County, Henderson County, Comanche County, Mills County, Hamilton County, Bosque County, Hill County, Navarro County, Freestone County, Anderson County, Lampasas County, Coryell County, Bell County, McLennan County, Falls County, Limestone County, Leon County, Milam County, Robertson County;",2023.0,3.0,True,True
3854,2023,2023-03-03 13:45:00,2023-03-03 13:50:00,0.08333333333333333,0.0,0.0,SERC/RF,Suspicious Activity,"Physical threat to its Facility excluding weather or natural disaster related threats, which has the potential to degrade the normal operation of the Facility. Or suspicious device or activity at its Facility.",Illinois: Cook County;,2023.0,3.0,True,True
3855,2023,2023-03-03 09:45:00,2023-03-03 09:50:00,0.08333333333333333,12014.0,38.0,SERC,System Operations,"Unexpected Transmission loss within its area, contrary to design, of three or more Bulk Electric System Facilities caused by a common disturbance (excluding successful automatic reclosing).",Mississippi:,2023.0,3.0,True,True
3856,2023,2023-03-03 08:00:00,2023-03-03 08:01:00,0.016666666666666666,0.0,0.0,TRE,Suspicious Activity,Damage or destruction of its Facility that results from actual or suspected intentional human action.,Texas: Tarrant County;,2023.0,3.0,True,True
3857,2023,2023-03-03 15:40:00,,,346000.0,,SERC,Severe Weather,"Loss of electric service to more than 50,000 customers for 1 hour or more","Kentucky: Oldham County, Jefferson County, Fayette County, Franklin County, Hardin County, Hart County, Hopkins County, Jessamine County, Muhlenberg County, Nelson County, Scott County, Shelby County, Spencer County, Washington County, Woodford County, Bullitt County, Meade County, Lyon County, LaRue County, Henry County, Grayson County, Boyle County, Christian County, Anderson County; Virginia: Wise County;",2023.0,3.0,False,True
3858,2023,2023-03-03 19:28:00,2023-03-03 20:54:00,1.4333333333333333,57186.0,,RF,Severe Weather,"Loss of electric service to more than 50,000 customers for 1 hour or more",Ohio: Kentucky:,2023.0,3.0,True,True
3859,2023,2023-03-03 14:00:00,2023-03-04 04:00:00,14.0,115000.0,,SERC,Severe Weather,"Loss of electric service to more than 50,000 customers for 1 hour or more",Tennessee: Davidson County;,2023.0,3.0,True,True
3860,2023,2023-03-03 17:50:00,2023-03-05 12:01:00,42.18333333333333,200000.0,0.0,RF,Severe Weather,"Loss of electric service to more than 50,000 customers for 1 hour or more",Michigan:,2023.0,3.0,True,True
3861,2023,2023-03-03 12:45:00,2023-03-03 22:42:00,9.95,48384.0,346.0,SERC,Severe Weather,"Loss of electric service to more than 50,000 customers for 1 hour or more",Alabama: Georgia: Mississippi:,2023.0,3.0,True,True
3862,2023,2023-03-03 15:40:00,,,,,SERC,Severe Weather,"Loss of electric service to more than 50,000 customers for 1 hour or more","Kentucky: Oldham County, Jefferson County, Fayette County, Franklin County, Hardin County, Hart County, Hopkins County, Jessamine County, Muhlenberg County, Nelson County, Scott County, Shelby County, Spencer County, Washington County, Woodford County, Bullitt County, Meade County, Lyon County, LaRue County, Henry County, Grayson County, Boyle County, Christian County, Anderson County; Virginia: Williamsburg, City of[23], Wise County;",2023.0,3.0,False,False
3863,2023,2023-03-04 07:05:00,2023-03-04 07:06:00,0.016666666666666666,33.0,965.0,SERC,Transmission Interruption,Uncontrolled loss of 300 Megawatts or more of firm system loads for 15 minutes or more from a single incident,Louisiana:,2023.0,3.0,True,True
3864,2023,2023-03-04 07:05:00,2023-03-04 07:06:00,0.016666666666666666,,800.0,SERC,Transmission Interruption,Uncontrolled loss of 300 Megawatts or more of firm system loads for 15 minutes or more from a single incident,Louisiana:,2023.0,3.0,True,False
3865,2023,2023-03-05 20:03:00,2023-03-06 15:38:00,19.583333333333332,0.0,0.0,SERC,Suspicious Activity,"Physical threat to its Facility excluding weather or natural disaster related threats, which has the potential to degrade the normal operation of the Facility. Or suspicious device or activity at its Facility.",Georgia: Fulton County;,2023.0,3.0,True,True
3866,2023,2023-03-05 11:53:00,2023-03-06 07:51:00,19.966666666666665,0.0,0.0,RF,Vandalism,Damage or destruction of its Facility that results from actual or suspected intentional human action.,"West Virginia: Randolph County, Barbour County;",2023.0,3.0,True,True
3867,2023,2023-03-06 16:18:00,2023-03-06 17:30:00,1.2,0.0,1.0,SERC,Actual Physical Attack/Vandalism,Damage or destruction of its Facility that results from actual or suspected intentional human action.,Virginia: Orange County;,2023.0,3.0,True,True
3868,2023,2023-03-07 11:00:00,2023-03-07 15:45:00,4.75,0.0,0.0,TRE,Vandalism,"Physical threat to its Facility excluding weather or natural disaster related threats, which has the potential to degrade the normal operation of the Facility. Or suspicious device or activity at its Facility.",Texas: Lubbock County; New Mexico:,2023.0,3.0,True,True
3869,2023,2023-03-07 10:26:00,2023-03-07 14:42:00,4.266666666666667,0.0,0.0,TRE,Vandalism,"Physical threat to its Facility excluding weather or natural disaster related threats, which has the potential to degrade the normal operation of the Facility. Or suspicious device or activity at its Facility.",Texas: Lubbock County;,2023.0,3.0,True,True
3870,2023,2023-03-08 00:02:00,,,0.0,0.0,TRE,Vandalism,Damage or destruction of its Facility that results from actual or suspected intentional human action.,Texas: Bee County;,2023.0,3.0,False,True
3871,2023,2023-03-08 01:00:00,2023-03-08 02:00:00,1.0,0.0,0.0,RF,Vandalism,Damage or destruction of its Facility that results from actual or suspected intentional human action.,Indiana: Hendricks County;,2023.0,3.0,True,True
3872,2023,2023-03-09 18:00:00,2023-03-10 18:00:00,24.0,100000.0,250.0,MRO/RF,Severe Weather,"Loss of electric service to more than 50,000 customers for 1 hour or more","Wisconsin: Walworth County, Waukesha County, Milwaukee County, Racine County, Ozaukee County, Kenosha County;",2023.0,3.0,True,True
3873,2023,2023-03-10 04:48:00,2023-03-10 13:07:00,8.316666666666666,0.0,0.0,TRE,System Operations,"Unexpected Transmission loss within its area, contrary to design, of three or more Bulk Electric System Facilities caused by a common disturbance (excluding successful automatic reclosing).","Texas: Webb County, Hidalgo County;",2023.0,3.0,True,True
3874,2023,2023-03-10 08:00:00,2023-03-10 08:56:00,0.9333333333333333,0.0,0.0,WECC,Vandalism,Damage or destruction of its Facility that results from actual or suspected intentional human action.,Idaho: Ada County;,2023.0,3.0,True,True
3875,2023,2023-03-14 08:00:00,2023-03-16 08:20:00,48.333333333333336,83000.0,,NPCC,Severe Weather,"Loss of electric service to more than 50,000 customers for 1 hour or more",Connecticut: Massachusetts: Vermont: Rhode Island: New Hampshire: Maine:,2023.0,3.0,True,True
3876,2023,2023-03-14 09:25:00,2023-03-15 15:00:00,29.583333333333332,,,NPCC,Severe Weather,"Loss of electric service to more than 50,000 customers for 1 hour or more",New York:,2023.0,3.0,True,False
3877,2023,2023-03-16 10:34:00,2023-03-16 14:26:00,3.8666666666666667,0.0,0.0,TRE,Suspicious Activity,"Physical threat to its Facility excluding weather or natural disaster related threats, which has the potential to degrade the normal operation of the Facility. Or suspicious device or activity at its Facility.",Texas: Lubbock County;,2023.0,3.0,True,True
3878,2023,2023-03-22 05:45:00,2023-03-22 05:46:00,0.016666666666666666,0.0,621.0,RF,Suspicious Activity,"Physical threat to its Facility excluding weather or natural disaster related threats, which has the potential to degrade the normal operation of the Facility. Or suspicious device or activity at its Facility.",Pennsylvania: Greene County;,2023.0,3.0,True,True
3879,2023,2023-03-23 17:19:00,2023-03-23 18:06:00,0.7833333333333333,0.0,0.0,WECC,Cyber Event,Complete loss of monitoring or control capability at its staffed Bulk Electric System control center for 30 continuous minutes or more.,Washington: King County;,2023.0,3.0,True,True
3880,2023,2023-03-23 11:37:00,2023-03-23 11:38:00,0.016666666666666666,0.0,0.0,TRE,Vandalism,Damage or destruction of its Facility that results from actual or suspected intentional human action.,Texas: Tarrant County;,2023.0,3.0,True,True
3881,2023,2023-03-23 00:39:00,2023-03-23 00:40:00,0.016666666666666666,11479.0,24.0,WECC,Actual Physical Attack/Vandalism,Physical attack that could potentially impact electric power system adequacy or reliability; or vandalism which targets components of any security systems,Nevada: Clark County;,2023.0,3.0,True,True
3882,2023,2023-03-25 16:13:00,2023-03-27 18:30:00,50.28333333333333,67893.0,5800.0,RF,Severe Weather,"Loss of electric service to more than 50,000 customers for 1 hour or more",Michigan:,2023.0,3.0,True,True
3883,2023,2023-03-25 16:12:00,,,160801.0,,RF,Severe Weather,"Loss of electric service to more than 50,000 customers for 1 hour or more",Ohio: West Virginia: Virginia:,2023.0,3.0,False,True
3884,2023,2023-03-26 12:52:00,2023-03-26 13:54:00,1.0333333333333334,,34.0,WECC,Vandalism,"Physical threat to its Facility excluding weather or natural disaster related threats, which has the potential to degrade the normal operation of the Facility. Or suspicious device or activity at its Facility.",Washington: Oregon: Josephine County; California: Idaho: Utah: Wyoming: Montana:,2023.0,3.0,True,False
3885,2023,2023-03-28 18:03:00,2023-03-28 20:08:00,2.0833333333333335,0.0,0.0,TRE,Suspicious Activity,"Physical threat to its Facility excluding weather or natural disaster related threats, which has the potential to degrade the normal operation of the Facility. Or suspicious device or activity at its Facility.",Texas: Cameron County;,2023.0,3.0,True,True
3886,2023,2023-03-28 05:22:00,2023-03-28 06:57:00,1.5833333333333333,0.0,0.0,TRE,System Operations,Unplanned evacuation from its Bulk Electric System control center facility for 30 continuous minutes or more.,Texas: Montgomery County;,2023.0,3.0,True,True
3887,2023,2023-03-28 10:05:00,,,0.0,0.0,TRE,Vandalism,Physical attack that could potentially impact electric power system adequacy or reliability; or vandalism which targets components of any security systems,Texas: Hartley County;,2023.0,3.0,False,True
3888,2023,2023-03-29 05:26:00,2023-03-29 07:23:00,1.95,0.0,0.0,MRO,System Operations,"Unexpected Transmission loss within its area, contrary to design, of three or more Bulk Electric System Facilities caused by a common disturbance (excluding successful automatic reclosing).",Nebraska: Kearney County;,2023.0,3.0,True,True
3889,2023,2023-03-29 17:37:00,2023-03-29 19:15:00,1.6333333333333333,0.0,0.0,MRO / RF,System Operations,Complete loss of monitoring or control capability at its staffed Bulk Electric System control center for 30 continuous minutes or more.,Wisconsin: Michigan:,2023.0,3.0,True,True
3890,2023,2023-03-30 09:13:00,2023-03-30 09:15:00,0.03333333333333333,0.0,0.0,WECC,Vandalism,Damage or destruction of its Facility that results from actual or suspected intentional human action.,Washington: Kitsap County;,2023.0,3.0,True,True
3891,2023,2023-03-30 18:28:00,2023-03-30 22:13:00,3.75,,18.0,WECC,Transmission Interruption,Electrical System Separation (Islanding) where part or parts of a power grid remain(s) operational in an otherwise blacked out area or within the partial failure of an integrated electrical system,Colorado: Larimer County;,2023.0,3.0,True,False
3892,2023,2023-03-30 09:40:00,2023-03-30 10:00:00,0.3333333333333333,0.0,0.0,SERC,Vandalism,Damage or destruction of its Facility that results from actual or suspected intentional human action.,Kentucky:,2023.0,3.0,True,True
3893,2023,2023-03-30 19:21:00,,,,,WECC,Transmission Interruption,Electrical System Separation (Islanding) where part or parts of a power grid remain(s) operational in an otherwise blacked out area or within the partial failure of an integrated electrical system,Colorado: Larimer County;,2023.0,3.0,False,False
3894,2023,2023-03-30 05:00:00,2023-03-30 14:20:00,9.333333333333334,0.0,1711.0,RF,Vandalism,Damage or destruction of its Facility that results from actual or suspected intentional human action.,Pennsylvania: Indiana County;,2023.0,3.0,True,True
3895,2023,2023-03-31 18:00:00,2023-03-31 20:45:00,2.75,58368.0,,SERC,Severe Weather,"Loss of electric service to more than 50,000 customers for 1 hour or more",Arkansas:,2023.0,3.0,True,True
3896,2023,2023-03-31 23:00:00,2023-04-01 16:15:00,17.25,80000.0,,MRO,Severe Weather,"Loss of electric service to more than 50,000 customers for 1 hour or more","Minnesota: Ramsey County, Hennepin County, Dakota County, Washington County;",2023.0,3.0,True,True
3897,2023,2023-03-31 20:49:00,,,65000.0,,SERC / RF,Severe Weather,"Loss of electric service to more than 50,000 customers for 1 hour or more",Illinois:,2023.0,3.0,False,True
3898,2023,2023-04-01 14:00:00,2023-04-03 10:47:00,44.78333333333333,118000.0,,RF/SERC,Severe Weather,"Loss of electric service to more than 50,000 customers for 1 hour or more",Ohio: West Virginia: Virginia:,2023.0,4.0,True,True
3899,2023,2023-04-03 12:06:00,2023-04-03 12:54:00,0.8,0.0,0.0,SERC,Actual Physical Attack/Vandalism,"Physical threat to its Facility excluding weather or natural disaster related threats, which has the potential to degrade the normal operation of the Facility. Or suspicious device or activity at its Facility.",Alabama: Walker County;,2023.0,4.0,True,True
3900,2023,2023-04-03 18:50:00,2023-04-03 19:26:00,0.6,0.0,,WECC/MRO,Transmission Interruption,Complete loss of monitoring or control capability at its staffed Bulk Electric System control center for 30 continuous minutes or more.,Colorado: Wyoming: Nebraska: Arizona: New Mexico: Utah: California:,2023.0,4.0,True,True
3901,2023,2023-04-08 04:30:00,2023-04-08 05:05:00,0.5833333333333334,0.0,0.0,TRE,Suspicious Activity,"Physical threat to its Facility excluding weather or natural disaster related threats, which has the potential to degrade the normal operation of the Facility. Or suspicious device or activity at its Facility.",Texas: Cameron County;,2023.0,4.0,True,True
3902,2023,2023-04-11 08:11:00,,,0.0,0.0,RF,Vandalism,Damage or destruction of its Facility that results from actual or suspected intentional human action.,Ohio: Kentucky:,2023.0,4.0,False,True
3903,2023,2023-04-14 05:30:00,,,0.0,0.0,SERC,Cyber Event,Cyber event that could potentially impact electric power system adequacy or reliability,Florida: Orange County;,2023.0,4.0,False,True
3904,2023,2023-04-15 16:30:00,2023-04-15 17:18:00,0.8,0.0,0.0,TRE,System Operations,Unplanned evacuation from its Bulk Electric System control center facility for 30 continuous minutes or more.,Texas: Kentucky: New Mexico: Washington: Oregon: Arizona: California: Nebraska: Pennsylvania: Ohio:,2023.0,4.0,True,True
3905,2023,2023-04-16 07:17:00,2023-04-16 14:00:00,6.716666666666667,3900.0,,TRE,Suspicious Activity,Damage or destruction of its Facility that results from actual or suspected intentional human action.,Texas: Louisiana: Arkansas: Mississippi:,2023.0,4.0,True,True
3906,2023,2023-04-17 05:30:00,2023-04-17 14:00:00,8.5,0.0,0.0,SERC,Suspicious Activity,Damage or destruction of its Facility that results from actual or suspected intentional human action.,Florida: Alachua County;,2023.0,4.0,True,True
3907,2023,2023-04-17 12:17:00,2023-04-17 17:12:00,4.916666666666667,8.0,39.0,SERC,Actual Physical Attack/Vandalism,Damage or destruction of its Facility that results from actual or suspected intentional human action.,South Carolina: Aiken County;,2023.0,4.0,True,True
3908,2023,2023-04-18 08:00:00,2023-04-18 08:01:00,0.016666666666666666,0.0,0.0,TRE,Actual Physical Attack/Vandalism,Damage or destruction of its Facility that results from actual or suspected intentional human action.,Texas: Travis County;,2023.0,4.0,True,True
3909,2023,2023-04-18 03:41:00,2023-04-18 04:00:00,0.31666666666666665,0.0,0.0,WECC,Vandalism,Damage or destruction of its Facility that results from actual or suspected intentional human action.,Washington: King County;,2023.0,4.0,True,True
3910,2023,2023-04-18 10:36:00,2023-04-19 11:08:00,24.533333333333335,1.0,4.0,MRO,System Operations,"Unexpected Transmission loss within its area, contrary to design, of three or more Bulk Electric System Facilities caused by a common disturbance (excluding successful automatic reclosing).",South Dakota: Stanley County;,2023.0,4.0,True,True
3911,2023,2023-04-19 15:15:00,2023-04-19 15:59:00,0.7333333333333333,0.0,0.0,WECC,Vandalism,Damage or destruction of its Facility that results from actual or suspected intentional human action.,Washington: Snohomish County;,2023.0,4.0,True,True
3912,2023,2023-04-19 23:13:00,2023-04-20 17:24:00,18.183333333333334,,,TRE,Transmission Interruption,Electrical System Separation (Islanding) where part or parts of a power grid remain(s) operational in an otherwise blacked out area or within the partial failure of an integrated electrical system,Texas: Calhoun County;,2023.0,4.0,True,False
3913,2023,2023-04-21 06:02:00,,,0.0,0.0,WECC,System Operations,Fuel supply emergencies that could impact electric power system adequacy or reliability,California:,2023.0,4.0,False,True
3914,2023,2023-04-23 09:22:00,2023-04-24 17:49:00,32.45,,25.0,WECC,System Operations,Damage or destruction of its Facility that results from actual or suspected intentional human action.,Washington: Mason County;,2023.0,4.0,True,False
3915,2023,2023-04-25 10:33:00,2023-04-25 15:43:00,5.166666666666667,0.0,0.0,WECC,System Operations,Physical attack that could potentially impact electric power system adequacy or reliability; or vandalism which targets components of any security systems,Arizona: Maricopa County;,2023.0,4.0,True,True
3916,2023,2023-04-26 12:31:00,2023-04-26 14:15:00,1.7333333333333334,0.0,0.0,WECC,Vandalism,Damage or destruction of its Facility that results from actual or suspected intentional human action.,Idaho: Bonner County;,2023.0,4.0,True,True
3917,2023,2023-04-27 11:00:00,2023-04-27 11:14:00,0.23333333333333334,0.0,0.0,TRE,Vandalism,"Physical threat to its Facility excluding weather or natural disaster related threats, which has the potential to degrade the normal operation of the Facility. Or suspicious device or activity at its Facility.",Texas: Blanco County;,2023.0,4.0,True,True
3918,2023,2023-04-27 04:01:00,2023-04-28 12:28:00,32.45,0.0,0.0,WECC,Vandalism,Damage or destruction of its Facility that results from actual or suspected intentional human action.,California: Stanislaus County;,2023.0,4.0,True,True
3919,2023,2023-04-29 00:00:00,2023-04-29 20:00:00,20.0,168419.0,,TRE,Severe Weather,"Loss of electric service to more than 50,000 customers for 1 hour or more","Texas: Hidalgo County, Cameron County, Willacy County, Starr County;",2023.0,4.0,True,True
3920,2023,2023-05-01 05:16:00,2023-05-01 09:31:00,4.25,54000.0,,NPCC,Severe Weather,"Loss of electric service to more than 50,000 customers for 1 hour or more",Connecticut: Massachusetts: Rhode Island: Maine: New Hampshire: Vermont:,2023.0,5.0,True,True
3921,2023,2023-05-02 10:00:00,2023-05-02 10:01:00,0.016666666666666666,0.0,0.0,TRE,Actual Physical Attack/Vandalism,Damage or destruction of its Facility that results from actual or suspected intentional human action.,Texas:,2023.0,5.0,True,True
3922,2023,2023-05-02 11:29:00,2023-05-02 15:36:00,4.116666666666666,0.0,0.0,RF/SERC,Suspicious Activity,Damage or destruction of its Facility that results from actual or suspected intentional human action.,Ohio: Kentucky:,2023.0,5.0,True,True
3923,2023,2023-05-04 18:00:00,2023-05-04 18:01:00,0.016666666666666666,0.0,0.0,TRE,Vandalism,Damage or destruction of its Facility that results from actual or suspected intentional human action.,Texas: San Patricio County;,2023.0,5.0,True,True
3924,2023,2023-05-11 00:15:00,2023-05-18 09:27:00,177.2,378.0,,RF,Suspicious Activity,Physical attack that could potentially impact electric power system adequacy or reliability; or vandalism which targets components of any security systems,Michigan: Eaton County;,2023.0,5.0,True,True
3925,2023,2023-05-11 12:00:00,2023-05-11 12:01:00,0.016666666666666666,0.0,0.0,TRE,Vandalism,Damage or destruction of its Facility that results from actual or suspected intentional human action.,Texas: Tarrant County;,2023.0,5.0,True,True
3926,2023,2023-05-12 13:00:00,2023-05-12 23:00:00,10.0,0.0,0.0,SERC,Vandalism,Damage or destruction of its Facility that results from actual or suspected intentional human action.,Kentucky: Jefferson County;,2023.0,5.0,True,True
3927,2023,2023-05-12 11:43:00,2023-05-12 12:00:00,0.2833333333333333,0.0,0.0,NPCC,Suspicious Activity,"Physical threat to its Bulk Electric System control center, excluding weather or natural disaster related threats, which has the potential to degrade the normal operation of the control center. Or suspicious device or activity at its Bulk Electric System control center.",New York: Broome County;,2023.0,5.0,True,True
3928,2023,2023-05-13 07:25:00,2023-05-13 12:10:00,4.75,327.0,8.0,MRO,Actual Physical Attack/Vandalism,Physical attack that could potentially impact electric power system adequacy or reliability; or vandalism which targets components of any security systems,North Dakota: Williams County;,2023.0,5.0,True,True
3929,2023,2023-05-13 06:27:00,2023-05-13 15:27:00,9.0,2.0,64.0,MRO,Actual Physical Attack/Vandalism,Damage or destruction of its Facility that results from actual or suspected intentional human action.,North Dakota: Williams County;,2023.0,5.0,True,True
3930,2023,2023-05-13 05:27:00,,,327.0,166.0,MRO,Actual Physical Attack/Vandalism,Damage or destruction of its Facility that results from actual or suspected intentional human action.,North Dakota: Williams County;,2023.0,5.0,False,True
3931,2023,2023-05-16 14:45:00,2023-05-16 15:10:00,0.4166666666666667,0.0,0.0,WECC,Suspicious Activity,Physical attack that could potentially impact electric power system adequacy or reliability; or vandalism which targets components of any security systems,Oregon: Multnomah County;,2023.0,5.0,True,True
3932,2023,2023-05-21 15:30:00,2023-05-21 15:40:00,0.16666666666666666,0.0,0.0,WECC,Suspicious Activity,"Physical threat to its Facility excluding weather or natural disaster related threats, which has the potential to degrade the normal operation of the Facility. Or suspicious device or activity at its Facility.",Washington: Whatcom County;,2023.0,5.0,True,True
3933,2023,2023-05-22 15:39:00,2023-05-22 18:00:00,2.35,0.0,0.0,SERC,Severe Weather,"Unexpected Transmission loss within its area, contrary to design, of three or more Bulk Electric System Facilities caused by a common disturbance (excluding successful automatic reclosing).",Florida: Putnam County;,2023.0,5.0,True,True
3934,2023,2023-05-23 14:00:00,,,0.0,0.0,MRO,Vandalism,Damage or destruction of its Facility that results from actual or suspected intentional human action.,North Dakota:,2023.0,5.0,False,True
3935,2023,2023-05-24 07:45:00,2023-05-24 18:52:00,11.116666666666667,0.0,0.0,MRO,Transmission Interruption,"Unexpected Transmission loss within its area, contrary to design, of three or more Bulk Electric System Facilities caused by a common disturbance (excluding successful automatic reclosing).",North Dakota:,2023.0,5.0,True,True
3936,2023,2023-05-24 09:16:00,,,,2200.0,MRO,System Operations,Complete operational failure or shut down of the transmission and/or distribution electrical system,Iowa: Minnesota:,2023.0,5.0,False,False
3937,2023,2023-05-26 07:41:00,2023-05-26 14:19:00,6.633333333333334,0.0,0.0,SERC,Vandalism,Damage or destruction of its Facility that results from actual or suspected intentional human action.,Georgia: Gwinnett County;,2023.0,5.0,True,True
3938,2023,2023-05-28 09:15:00,2023-05-28 09:16:00,0.016666666666666666,0.0,0.0,SERC,Actual Physical Attack/Vandalism,Damage or destruction of its Facility that results from actual or suspected intentional human action.,Alabama: Tuscaloosa County;,2023.0,5.0,True,True
3939,2023,2023-05-30 08:00:00,2023-05-30 08:01:00,0.016666666666666666,0.0,0.0,NPCC,Actual Physical Attack/Vandalism,"Physical threat to its Bulk Electric System control center, excluding weather or natural disaster related threats, which has the potential to degrade the normal operation of the control center. Or suspicious device or activity at its Bulk Electric System control center.",Massachusetts: Hampden County[13];,2023.0,5.0,True,True
3940,2023,2023-05-31 11:00:00,2023-05-31 23:48:00,12.8,0.0,0.0,SERC,System Operations,Complete loss of Interpersonal Communication and Alternative Interpersonal Communication capability affecting its staffed Bulk Electric System control center for 30 continuous minutes or more.,Florida: Alachua County;,2023.0,5.0,True,True
3941,2023,2023-06-25 06:45:00,,,120000.0,,SERC,- Weather or natural disaster,"Loss of electric service to more than 50,000 customers for 1 hour or more",Tennessee,2023.0,6.0,False,True
3942,2023,2023-06-24 18:17:00,2023-06-24 23:25:00,5.133333333333334,5200.0,5.0,RF,- Vandalism - Theft,- 10. Suspected Physical Attack,Michigan,2023.0,6.0,True,True
3943,2023,2023-06-25 17:30:00,2023-06-26 15:31:00,22.016666666666666,,,SERC,- Weather or natural disaster,"Loss of electric service to more than 50,000 customers for 1 hour or more","Georgia, Alabama",2023.0,6.0,True,False
3944,2023,2023-06-25 04:00:00,,,70000.0,175.0,MRO/RF,- Weather or natural disaster,"Loss of electric service to more than 50,000 customers for 1 hour or more","Wisconsin, Michigan",2023.0,6.0,False,True
3945,2023,2023-06-25 19:00:00,,,,,RF,- Weather or natural disaster,"Loss of electric service to more than 50,000 customers for 1 hour or more.",Michigan,2023.0,6.0,False,False
3946,2023,2023-06-27 13:43:00,2023-06-27 13:44:00,0.016666666666666666,0.0,0.0,WECC,- Vandalism,Damage or destruction of its Facility that results from actual or suspected intentional human action.,California,2023.0,6.0,True,True
3947,2023,2023-06-25 19:30:00,2023-06-26 17:45:00,22.25,64732.0,,SERC,- Weather or natural disaster,"Loss of electric service to more than 50,000 customers for 1 hour or more","Arkansas, Mississippi",2023.0,6.0,True,True
3948,2023,2023-06-27 17:37:00,2023-06-27 21:30:00,3.8833333333333333,0.0,0.0,WECC,- Failure at high voltage substation or switchyard,"Unexpected Transmission loss within its area, contrary to design, of three or more Bulk Electric System Facilities caused by a common disturbance (excluding successful automatic reclosing).","Washington, Idaho, Montana",2023.0,6.0,True,True
3949,2023,2023-06-29 15:42:00,,,140000.0,,RF,- Weather or natural disaster,"Loss of electric service to more than 50,000 customers for 1 hour or more.",Indiana,2023.0,6.0,False,True
3950,2023,2023-06-28 11:01:00,2023-06-28 11:03:00,0.03333333333333333,0.0,0.0,SERC,- Vandalism - Theft,Damage or destruction of its Facility that results from actual or suspected intentional human action.,Georgia,2023.0,6.0,True,True
3951,2023,2023-06-22 02:30:00,2023-06-22 02:38:00,0.13333333333333333,6242.0,17.0,SERC,- Transmission equipment failure,"Unexpected Transmission loss within its area, contrary to design, of three or more Bulk Electric System Facilities caused by a common disturbance (excluding successful automatic reclosing).",Louisiana,2023.0,6.0,True,True
3952,2023,2023-06-20 17:48:00,2023-06-20 20:52:00,3.066666666666667,0.0,0.0,SERC,- Transmission equipment failure,"Unexpected Transmission loss within its area, contrary to design, of three or more Bulk Electric System Facilities caused by a common disturbance (excluding successful automatic reclosing).",Louisiana,2023.0,6.0,True,True
3953,2023,2023-06-30 12:13:00,,,0.0,0.0,NPCC,- Unknown,Complete loss of monitoring or control capability at its staffed Bulk Electric System control center for 30 continuous minutes or more.,Connecticut,2023.0,6.0,False,True
